# This file uses centimeters as units for non-parametric coordinates.

mtllib sink.mtl
g default
v 1.400909 1.545571 -0.962139
v 1.404041 1.551719 -0.962139
v 1.408920 1.556598 -0.962139
v 1.415068 1.559730 -0.962139
v 1.421883 1.560810 -0.962139
v 1.428699 1.559730 -0.962139
v 1.434847 1.556598 -0.962139
v 1.439726 1.551719 -0.962139
v 1.442858 1.545571 -0.962139
v 1.443938 1.538756 -0.962139
v 1.442858 1.531940 -0.962139
v 1.439726 1.525792 -0.962139
v 1.434847 1.520913 -0.962139
v 1.428699 1.517781 -0.962139
v 1.421883 1.516701 -0.962139
v 1.415068 1.517781 -0.962139
v 1.408920 1.520913 -0.962139
v 1.404041 1.525792 -0.962139
v 1.400909 1.531940 -0.962139
v 1.399829 1.538756 -0.962139
v 1.380450 1.552218 -0.967303
v 1.386638 1.564363 -0.967303
v 1.396276 1.574001 -0.967303
v 1.408421 1.580189 -0.967303
v 1.421883 1.582321 -0.967303
v 1.435346 1.580189 -0.967303
v 1.447490 1.574001 -0.967303
v 1.457129 1.564363 -0.967303
v 1.463317 1.552218 -0.967303
v 1.465449 1.538756 -0.967303
v 1.463317 1.525293 -0.967303
v 1.457129 1.513149 -0.967303
v 1.447490 1.503510 -0.967303
v 1.435346 1.497323 -0.967303
v 1.421883 1.495190 -0.967303
v 1.408421 1.497323 -0.967303
v 1.396276 1.503510 -0.967303
v 1.386638 1.513149 -0.967303
v 1.380450 1.525293 -0.967303
v 1.378318 1.538756 -0.967303
v 1.361012 1.558534 -0.975769
v 1.370103 1.576376 -0.975769
v 1.384263 1.590536 -0.975769
v 1.402105 1.599627 -0.975769
v 1.421883 1.602759 -0.975769
v 1.441662 1.599627 -0.975769
v 1.459504 1.590536 -0.975769
v 1.473664 1.576376 -0.975769
v 1.482755 1.558534 -0.975769
v 1.485887 1.538756 -0.975769
v 1.482755 1.518977 -0.975769
v 1.473664 1.501135 -0.975769
v 1.459504 1.486975 -0.975769
v 1.441662 1.477884 -0.975769
v 1.421883 1.474752 -0.975769
v 1.402105 1.477884 -0.975769
v 1.384263 1.486975 -0.975769
v 1.370103 1.501135 -0.975769
v 1.361012 1.518977 -0.975769
v 1.357880 1.538756 -0.975769
v 1.343073 1.564363 -0.982415
v 1.354843 1.587463 -0.982415
v 1.373176 1.605796 -0.982415
v 1.396276 1.617566 -0.982415
v 1.421883 1.621622 -0.982415
v 1.447490 1.617566 -0.982415
v 1.470591 1.605796 -0.982415
v 1.488924 1.587463 -0.982415
v 1.500694 1.564363 -0.982415
v 1.504750 1.538756 -0.982415
v 1.500694 1.513149 -0.982415
v 1.488924 1.490048 -0.982415
v 1.470591 1.471715 -0.982415
v 1.447491 1.459945 -0.982415
v 1.421883 1.455889 -0.982415
v 1.396276 1.459945 -0.982415
v 1.373176 1.471715 -0.982415
v 1.354843 1.490048 -0.982415
v 1.343073 1.513149 -0.982415
v 1.339017 1.538756 -0.982415
v 1.327074 1.569561 -0.984120
v 1.341234 1.597351 -0.984120
v 1.363288 1.619405 -0.984120
v 1.391078 1.633564 -0.984120
v 1.421883 1.638444 -0.984120
v 1.452689 1.633564 -0.984120
v 1.480479 1.619405 -0.984120
v 1.502533 1.597351 -0.984120
v 1.516693 1.569561 -0.984120
v 1.521572 1.538755 -0.984120
v 1.516693 1.507950 -0.984120
v 1.502533 1.480160 -0.984120
v 1.480479 1.458106 -0.984120
v 1.452689 1.443946 -0.984120
v 1.421883 1.439067 -0.984120
v 1.391078 1.443946 -0.984120
v 1.363288 1.458106 -0.984120
v 1.341234 1.480160 -0.984120
v 1.327074 1.507950 -0.984120
v 1.322195 1.538755 -0.984120
v 1.313410 1.574001 -0.985761
v 1.329610 1.605796 -0.985761
v 1.354843 1.631029 -0.985761
v 1.386638 1.647229 -0.985761
v 1.421883 1.652811 -0.985761
v 1.457129 1.647229 -0.985761
v 1.488924 1.631029 -0.985761
v 1.514156 1.605796 -0.985761
v 1.530357 1.574001 -0.985761
v 1.535939 1.538756 -0.985761
v 1.530357 1.503510 -0.985761
v 1.514156 1.471715 -0.985761
v 1.488924 1.446483 -0.985761
v 1.457129 1.430282 -0.985761
v 1.421883 1.424700 -0.985761
v 1.386638 1.430282 -0.985761
v 1.354843 1.446483 -0.985761
v 1.329611 1.471715 -0.985761
v 1.313410 1.503510 -0.985761
v 1.307828 1.538756 -0.985761
v 1.302417 1.577573 -0.992876
v 1.320259 1.612590 -0.992876
v 1.348049 1.640380 -0.992876
v 1.383066 1.658222 -0.992876
v 1.421883 1.664370 -0.992876
v 1.460701 1.658222 -0.992876
v 1.495718 1.640380 -0.992876
v 1.523508 1.612590 -0.992876
v 1.541350 1.577573 -0.992876
v 1.547498 1.538756 -0.992876
v 1.541350 1.499938 -0.992876
v 1.523508 1.464921 -0.992876
v 1.495718 1.437131 -0.992876
v 1.460701 1.419289 -0.992876
v 1.421883 1.413141 -0.992876
v 1.383066 1.419289 -0.992876
v 1.348049 1.437131 -0.992876
v 1.320259 1.464921 -0.992876
v 1.302417 1.499938 -0.992876
v 1.296269 1.538756 -0.992876
v 1.294365 1.580189 -1.009124
v 1.313410 1.617566 -1.009124
v 1.343073 1.647229 -1.009124
v 1.380450 1.666274 -1.009124
v 1.421883 1.672836 -1.009124
v 1.463317 1.666274 -1.009124
v 1.500694 1.647229 -1.009124
v 1.530357 1.617566 -1.009124
v 1.549401 1.580189 -1.009124
v 1.555964 1.538756 -1.009124
v 1.549401 1.497322 -1.009124
v 1.530357 1.459945 -1.009124
v 1.500694 1.430282 -1.009124
v 1.463317 1.411238 -1.009124
v 1.421883 1.404675 -1.009124
v 1.380450 1.411238 -1.009124
v 1.343073 1.430282 -1.009124
v 1.313410 1.459945 -1.009124
v 1.294365 1.497322 -1.009124
v 1.287803 1.538756 -1.009124
v 1.289454 1.581785 -1.030635
v 1.309232 1.620602 -1.030635
v 1.340037 1.651407 -1.030635
v 1.378854 1.671185 -1.030635
v 1.421883 1.678000 -1.030635
v 1.464912 1.671185 -1.030635
v 1.503729 1.651407 -1.030635
v 1.534535 1.620602 -1.030635
v 1.554313 1.581784 -1.030635
v 1.561128 1.538756 -1.030635
v 1.554313 1.495727 -1.030635
v 1.534535 1.456910 -1.030635
v 1.503729 1.426104 -1.030635
v 1.464912 1.406326 -1.030635
v 1.421883 1.399511 -1.030635
v 1.378854 1.406326 -1.030635
v 1.340037 1.426104 -1.030635
v 1.309232 1.456910 -1.030635
v 1.289454 1.495727 -1.030635
v 1.282639 1.538756 -1.030635
v 1.335790 1.566729 -1.077301
v 1.348648 1.591964 -1.077301
v 1.368675 1.611991 -1.077301
v 1.393910 1.624849 -1.077301
v 1.421883 1.629280 -1.077301
v 1.449857 1.624849 -1.077301
v 1.475092 1.611991 -1.077301
v 1.495119 1.591964 -1.077301
v 1.507977 1.566729 -1.077301
v 1.512408 1.538756 -1.077301
v 1.507977 1.510782 -1.077301
v 1.495119 1.485547 -1.077301
v 1.475092 1.465520 -1.077301
v 1.449857 1.452662 -1.077301
v 1.421883 1.448232 -1.077301
v 1.393910 1.452662 -1.077301
v 1.368675 1.465520 -1.077301
v 1.348648 1.485547 -1.077301
v 1.335790 1.510782 -1.077301
v 1.331359 1.538756 -1.077301
v 1.336850 1.566385 -1.091462
v 1.349550 1.591309 -1.091462
v 1.369330 1.611089 -1.091462
v 1.394254 1.623789 -1.091462
v 1.421883 1.628165 -1.091462
v 1.449512 1.623789 -1.091462
v 1.474437 1.611089 -1.091462
v 1.494217 1.591309 -1.091462
v 1.506917 1.566385 -1.091462
v 1.511293 1.538756 -1.091462
v 1.506917 1.511127 -1.091462
v 1.494217 1.486202 -1.091462
v 1.474437 1.466422 -1.091462
v 1.449512 1.453722 -1.091462
v 1.421883 1.449346 -1.091462
v 1.394254 1.453722 -1.091462
v 1.369330 1.466422 -1.091462
v 1.349550 1.486202 -1.091462
v 1.336850 1.511127 -1.091462
v 1.332474 1.538756 -1.091462
v 1.340004 1.565360 -1.105274
v 1.352232 1.589360 -1.105274
v 1.371279 1.608407 -1.105274
v 1.395279 1.620635 -1.105275
v 1.421883 1.624849 -1.105275
v 1.448488 1.620635 -1.105274
v 1.472488 1.608407 -1.105274
v 1.491535 1.589360 -1.105274
v 1.503763 1.565360 -1.105275
v 1.507977 1.538756 -1.105275
v 1.503763 1.512151 -1.105274
v 1.491534 1.488151 -1.105274
v 1.472488 1.469105 -1.105274
v 1.448488 1.456876 -1.105274
v 1.421883 1.452662 -1.105274
v 1.395279 1.456876 -1.105274
v 1.371279 1.469105 -1.105274
v 1.352232 1.488151 -1.105275
v 1.340004 1.512151 -1.105274
v 1.335790 1.538756 -1.105275
v 1.421883 1.538756 -0.960403
v 0.502380 1.112552 -1.359329
v 2.409873 1.112552 -1.359329
v 0.502380 1.112552 -2.056657
v 2.409873 1.112552 -2.056657
v 0.660438 1.587670 -1.417111
v 2.251815 1.587670 -1.417111
v 2.251815 1.587670 -1.998875
v 0.660438 1.587670 -1.998875
v 0.371679 1.046392 -1.289164
v 2.540575 1.046392 -1.289164
v 0.478988 2.089945 -1.346772
v 0.531450 2.078104 -1.359329
v 0.541890 2.078104 -1.373773
v 0.502380 2.038594 -1.359329
v 0.502380 2.038594 -2.056657
v 0.541890 2.078104 -2.042213
v 0.530318 2.078104 -2.056657
v 2.433266 2.089945 -1.346772
v 2.409873 2.038594 -1.359329
v 2.370363 2.078104 -1.373773
v 2.380803 2.078104 -1.359329
v 2.381935 2.078104 -2.056657
v 2.370363 2.078104 -2.042213
v 2.409873 2.038594 -2.056657
v 2.251815 2.038594 -1.417111
v 2.223876 2.078104 -1.417111
v 2.291326 2.078104 -1.402667
v 2.291326 2.078104 -2.038386
v 2.251815 2.038594 -1.998875
v 0.620927 2.078104 -2.038386
v 0.660438 2.038594 -1.998875
v 0.660438 2.038594 -1.417111
v 0.620927 2.078104 -1.402667
v 0.688376 2.078104 -1.417111
v 2.536754 2.104289 -1.291216
v 2.499134 2.144264 -1.247723
v 0.413120 2.144264 -1.247723
v 0.375500 2.104289 -1.291216
v 0.371679 1.046392 -1.146517
v 0.411189 1.085902 -1.107006
v 2.501064 1.085902 -1.107006
v 2.540575 1.046392 -1.146517
v 2.501064 2.104754 -1.107006
v 2.540575 2.104754 -1.146517
v 2.501064 2.144264 -1.146517
v 0.411189 2.104754 -1.107006
v 0.411189 2.144264 -1.146517
v 0.371679 2.104754 -1.146517
v 2.326790 0.905047 -1.535418
v 2.479926 0.946267 -1.535418
v 2.592035 1.058867 -1.535418
v 2.633079 1.212681 -1.535418
v 2.652251 1.192145 -1.584754
v 2.611119 1.038684 -1.584754
v 2.498742 0.926343 -1.584754
v 2.345230 0.885224 -1.584754
v 0.563906 0.904948 -1.535418
v 0.410754 0.946161 -1.535418
v 0.298643 1.058772 -1.535418
v 0.257618 1.212601 -1.535418
v 0.545538 0.885224 -1.584754
v 0.392028 0.926343 -1.584754
v 0.279651 1.038684 -1.584754
v 0.238518 1.192145 -1.584754
v 2.633152 1.969586 -1.535418
v 2.592127 2.123411 -1.535418
v 2.480018 2.236017 -1.535418
v 2.326873 2.277229 -1.535418
v 2.345230 2.296953 -1.584754
v 2.498742 2.255833 -1.584754
v 2.611119 2.143492 -1.584754
v 2.652251 1.990031 -1.584754
v 0.257692 1.969489 -1.535418
v 0.298738 2.123306 -1.535418
v 0.410849 2.235909 -1.535418
v 0.563991 2.277130 -1.535418
v 0.238518 1.990031 -1.584754
v 0.279651 2.143492 -1.584754
v 0.392028 2.255833 -1.584754
v 0.545538 2.296953 -1.584754
v 0.607689 2.252778 -2.924593
v 0.453842 2.211748 -2.924593
v 0.341219 2.099654 -2.924593
v 0.299996 1.946532 -2.924593
v 0.656573 2.204108 -2.944446
v 0.348921 1.897839 -2.944446
v 0.390139 2.050974 -2.944446
v 0.502747 2.163076 -2.944446
v 2.541737 1.897740 -2.944446
v 2.234185 2.204108 -2.944446
v 2.387994 2.163059 -2.944446
v 2.500570 2.050916 -2.944446
v 2.283078 2.252778 -2.924593
v 2.436918 2.211747 -2.924593
v 2.549535 2.099648 -2.924593
v 2.590744 1.946522 -2.924593
v 0.585711 2.273457 -2.876152
v 0.432201 2.232337 -2.876152
v 0.319824 2.119996 -2.876152
v 0.278691 1.966534 -2.876152
v 2.612080 1.966534 -2.876152
v 2.570947 2.119996 -2.876152
v 2.458570 2.232337 -2.876152
v 2.305059 2.273457 -2.876152
v 2.233824 0.978447 -2.944446
v 2.541518 1.284676 -2.944446
v 2.500259 1.131571 -2.944446
v 2.387644 1.019491 -2.944446
v 2.590674 1.235736 -2.924594
v 2.549443 1.082626 -2.924594
v 2.436821 0.970541 -2.924594
v 2.282980 0.929510 -2.924594
v 2.305059 0.908720 -2.876152
v 2.458570 0.949839 -2.876152
v 2.570947 1.062181 -2.876152
v 2.612080 1.215642 -2.876152
v 0.299996 1.235654 -2.924593
v 0.341221 1.082530 -2.924593
v 0.453848 0.970439 -2.924593
v 0.607698 0.929417 -2.924593
v 0.278691 1.215642 -2.876152
v 0.319824 1.062181 -2.876152
v 0.432201 0.949839 -2.876152
v 0.585711 0.908720 -2.876152
v 0.656631 0.978130 -2.944446
v 0.502782 1.019134 -2.944446
v 0.390149 1.131218 -2.944446
v 0.348921 1.284341 -2.944446
v 2.327425 0.128703 -1.763301
v 2.318605 0.128703 -1.780610
v 2.304868 0.128703 -1.794347
v 2.287559 0.128703 -1.803167
v 2.268371 0.128703 -1.806206
v 2.249184 0.128703 -1.803167
v 2.231874 0.128703 -1.794347
v 2.218137 0.128703 -1.780611
v 2.209318 0.128703 -1.763301
v 2.206279 0.128703 -1.744113
v 2.209318 0.128703 -1.724926
v 2.218137 0.128703 -1.707616
v 2.231874 0.128703 -1.693879
v 2.249184 0.128703 -1.685060
v 2.268371 0.128703 -1.682021
v 2.287559 0.128703 -1.685060
v 2.304868 0.128703 -1.693879
v 2.318605 0.128703 -1.707616
v 2.327425 0.128703 -1.724926
v 2.330464 0.128703 -1.744113
v 2.374938 0.890190 -1.778739
v 2.359022 0.890190 -1.809975
v 2.334233 0.890190 -1.834764
v 2.302997 0.890190 -1.850680
v 2.268371 0.890190 -1.856164
v 2.233746 0.890190 -1.850680
v 2.202509 0.890190 -1.834764
v 2.177720 0.890190 -1.809975
v 2.161805 0.890190 -1.778739
v 2.156321 0.890190 -1.744113
v 2.161805 0.890190 -1.709488
v 2.177720 0.890190 -1.678251
v 2.202509 0.890190 -1.653462
v 2.233746 0.890190 -1.637547
v 2.268371 0.890190 -1.632063
v 2.302997 0.890190 -1.637547
v 2.334233 0.890190 -1.653462
v 2.359022 0.890190 -1.678252
v 2.374938 0.890190 -1.709488
v 2.380422 0.890190 -1.744113
v 2.271887 0.132212 -2.724277
v 2.263067 0.132212 -2.741586
v 2.249331 0.132212 -2.755323
v 2.232021 0.132212 -2.764143
v 2.212833 0.132212 -2.767182
v 2.193645 0.132212 -2.764143
v 2.176336 0.132212 -2.755323
v 2.162599 0.132212 -2.741586
v 2.153780 0.132212 -2.724277
v 2.150741 0.132212 -2.705089
v 2.153780 0.132212 -2.685902
v 2.162599 0.132212 -2.668592
v 2.176336 0.132212 -2.654855
v 2.193645 0.132212 -2.646035
v 2.212833 0.132212 -2.642996
v 2.232021 0.132212 -2.646036
v 2.249331 0.132212 -2.654855
v 2.263067 0.132212 -2.668592
v 2.271887 0.132212 -2.685901
v 2.274926 0.132212 -2.705089
v 2.319400 0.893698 -2.739715
v 2.303484 0.893698 -2.770951
v 2.278695 0.893698 -2.795740
v 2.247459 0.893698 -2.811656
v 2.212833 0.893698 -2.817140
v 2.178208 0.893698 -2.811656
v 2.146971 0.893698 -2.795740
v 2.122182 0.893698 -2.770951
v 2.106267 0.893698 -2.739715
v 2.100782 0.893698 -2.705089
v 2.106267 0.893698 -2.670464
v 2.122182 0.893698 -2.639227
v 2.146971 0.893698 -2.614438
v 2.178208 0.893698 -2.598522
v 2.212833 0.893698 -2.593038
v 2.247459 0.893698 -2.598522
v 2.278695 0.893698 -2.614438
v 2.303484 0.893698 -2.639227
v 2.319400 0.893698 -2.670464
v 2.324884 0.893698 -2.705089
v 0.709360 0.143811 -2.722798
v 0.700541 0.143811 -2.740107
v 0.686804 0.143811 -2.753844
v 0.669494 0.143811 -2.762664
v 0.650307 0.143811 -2.765703
v 0.631119 0.143811 -2.762664
v 0.613810 0.143811 -2.753844
v 0.600073 0.143811 -2.740107
v 0.591253 0.143811 -2.722798
v 0.588214 0.143811 -2.703610
v 0.591253 0.143811 -2.684422
v 0.600073 0.143811 -2.667113
v 0.613810 0.143811 -2.653376
v 0.631119 0.143811 -2.644557
v 0.650307 0.143811 -2.641518
v 0.669494 0.143811 -2.644557
v 0.686804 0.143811 -2.653376
v 0.700541 0.143811 -2.667113
v 0.709360 0.143811 -2.684423
v 0.712399 0.143811 -2.703610
v 0.756873 0.905298 -2.738236
v 0.740958 0.905298 -2.769472
v 0.716169 0.905298 -2.794261
v 0.684932 0.905298 -2.810177
v 0.650307 0.905298 -2.815661
v 0.615681 0.905298 -2.810177
v 0.584445 0.905298 -2.794261
v 0.559656 0.905298 -2.769472
v 0.543740 0.905298 -2.738236
v 0.538256 0.905298 -2.703610
v 0.543740 0.905298 -2.668984
v 0.559656 0.905298 -2.637748
v 0.584445 0.905298 -2.612959
v 0.615681 0.905298 -2.597044
v 0.650307 0.905298 -2.591559
v 0.684932 0.905298 -2.597044
v 0.716169 0.905298 -2.612959
v 0.740958 0.905298 -2.637748
v 0.756873 0.905298 -2.668985
v 0.762358 0.905298 -2.703610
v 0.640970 0.151440 -1.772871
v 0.632150 0.151440 -1.790181
v 0.618413 0.151440 -1.803918
v 0.601104 0.151440 -1.812737
v 0.581916 0.151440 -1.815776
v 0.562729 0.151440 -1.812737
v 0.545419 0.151440 -1.803918
v 0.531682 0.151440 -1.790181
v 0.522863 0.151440 -1.772871
v 0.519824 0.151440 -1.753684
v 0.522863 0.151440 -1.734496
v 0.531682 0.151440 -1.717187
v 0.545419 0.151440 -1.703449
v 0.562729 0.151440 -1.694630
v 0.581916 0.151440 -1.691591
v 0.601104 0.151440 -1.694630
v 0.618413 0.151440 -1.703450
v 0.632150 0.151440 -1.717187
v 0.640970 0.151440 -1.734496
v 0.644009 0.151440 -1.753684
v 0.688483 0.912926 -1.788309
v 0.672567 0.912926 -1.819546
v 0.647778 0.912926 -1.844335
v 0.616542 0.912926 -1.860250
v 0.581916 0.912926 -1.865735
v 0.547291 0.912926 -1.860250
v 0.516055 0.912926 -1.844335
v 0.491265 0.912926 -1.819546
v 0.475350 0.912926 -1.788309
v 0.469865 0.912926 -1.753684
v 0.475350 0.912926 -1.719058
v 0.491265 0.912926 -1.687822
v 0.516055 0.912926 -1.663033
v 0.547291 0.912926 -1.647117
v 0.581916 0.912926 -1.641633
v 0.616542 0.912926 -1.647117
v 0.647778 0.912926 -1.663033
v 0.672567 0.912926 -1.687822
v 0.688483 0.912926 -1.719058
v 0.693967 0.912926 -1.753684
v 0.537168 2.490547 -2.116828
v 0.649601 2.322279 -2.116828
v 0.817869 2.209847 -2.116828
v 1.016353 2.170368 -2.116828
v 1.016353 2.209847 -1.918342
v 1.016353 2.322279 -1.750075
v 1.016353 2.490547 -1.637642
v 1.016353 2.689087 -1.598160
v 0.817869 2.689087 -1.637642
v 0.649601 2.689087 -1.750075
v 0.537168 2.689087 -1.918342
v 0.497687 2.689087 -2.116828
v 1.853319 2.209847 -2.116828
v 2.021587 2.322279 -2.116828
v 2.134020 2.490547 -2.116828
v 2.173501 2.689087 -2.116828
v 2.134020 2.689087 -1.918342
v 2.021587 2.689087 -1.750075
v 1.853319 2.689087 -1.637642
v 1.654834 2.689087 -1.598160
v 1.654834 2.490547 -1.637642
v 1.654834 2.322279 -1.750075
v 1.654834 2.209847 -1.918342
v 1.654834 2.170368 -2.116828
v 0.817869 2.689087 -2.782283
v 0.649601 2.689087 -2.669850
v 0.537168 2.689087 -2.501582
v 0.497687 2.689087 -2.303097
v 1.016353 2.689087 -2.821764
v 2.134020 2.689087 -2.501582
v 2.021587 2.689087 -2.669850
v 1.853319 2.689087 -2.782283
v 1.654834 2.689087 -2.821764
v 2.173501 2.689087 -2.303097
v 0.817869 2.209847 -2.303097
v 0.649601 2.322279 -2.303097
v 0.537168 2.490547 -2.303097
v 1.016353 2.490547 -2.782283
v 1.016353 2.322279 -2.669850
v 1.016353 2.209847 -2.501582
v 1.016353 2.170368 -2.303097
v 2.134020 2.490547 -2.303097
v 2.021587 2.322279 -2.303097
v 1.853319 2.209847 -2.303097
v 1.654834 2.170368 -2.303097
v 1.654834 2.209847 -2.501582
v 1.654834 2.322279 -2.669850
v 1.654834 2.490547 -2.782283
v 0.563835 2.510008 -1.937801
v 0.666010 2.338690 -1.964831
v 0.837327 2.236514 -1.937801
v 0.864357 2.338690 -1.766484
v 0.837327 2.510008 -1.664309
v 0.666010 2.537039 -1.766484
v 0.717006 2.389687 -1.817480
v 1.833861 2.236514 -1.937801
v 2.005178 2.338690 -1.964831
v 2.107352 2.510008 -1.937801
v 2.005178 2.537039 -1.766484
v 1.833861 2.510008 -1.664309
v 1.806830 2.338690 -1.766484
v 1.954182 2.389687 -1.817480
v 0.837327 2.236514 -2.482124
v 0.666010 2.338690 -2.455093
v 0.563835 2.510008 -2.482124
v 0.666010 2.537039 -2.653441
v 0.837327 2.510008 -2.755615
v 0.864357 2.338690 -2.653441
v 0.717006 2.389687 -2.602445
v 2.107352 2.510008 -2.482124
v 2.005178 2.338690 -2.455093
v 1.833861 2.236514 -2.482124
v 1.806830 2.338690 -2.653441
v 1.833861 2.510008 -2.755615
v 2.005178 2.537039 -2.653441
v 1.954182 2.389687 -2.602445
v 0.698634 2.750395 -2.135663
v 0.843657 2.566192 -2.143174
v 0.843657 2.566192 -2.276751
v 0.698634 2.750395 -2.284262
v 0.964325 2.566192 -2.143174
v 0.964325 2.566192 -2.276751
v 1.106661 2.566192 -2.143174
v 1.106661 2.566192 -2.276751
v 1.106661 2.566192 -2.000836
v 1.564526 2.566192 -2.000836
v 1.564526 2.566192 -2.143174
v 1.106661 2.566192 -1.880169
v 1.564526 2.566192 -1.880169
v 1.080913 2.750395 -1.753382
v 1.590274 2.750395 -1.753382
v 1.706863 2.566192 -2.143174
v 1.706863 2.566192 -2.276751
v 1.564526 2.566192 -2.276751
v 1.827530 2.566192 -2.143174
v 1.827530 2.566192 -2.276751
v 1.972554 2.750395 -2.135663
v 1.972554 2.750395 -2.284262
v 1.080913 2.750395 -2.666542
v 1.106661 2.566192 -2.539755
v 1.564526 2.566192 -2.539755
v 1.590274 2.750395 -2.666542
v 1.106661 2.566192 -2.419088
v 1.564526 2.566192 -2.419088
v 0.978278 2.566192 -2.014791
v 0.855424 2.566192 -2.034174
v 0.719907 2.750395 -1.992840
v 0.938092 2.750395 -1.774656
v 0.997662 2.566192 -1.891936
v 0.891994 2.566192 -1.928506
v 0.801420 2.750395 -1.856168
v 1.951279 2.750395 -1.992840
v 1.815764 2.566192 -2.034174
v 1.692909 2.566192 -2.014791
v 1.673525 2.566192 -1.891936
v 1.733096 2.750395 -1.774656
v 1.869768 2.750395 -1.856168
v 1.779193 2.566192 -1.928506
v 0.719907 2.750395 -2.427084
v 0.855424 2.566192 -2.385750
v 0.978278 2.566192 -2.405134
v 0.997662 2.566192 -2.527988
v 0.938092 2.750395 -2.645267
v 0.801420 2.750395 -2.563756
v 0.891994 2.566192 -2.491417
v 1.733096 2.750395 -2.645267
v 1.673525 2.566192 -2.527988
v 1.692909 2.566192 -2.405134
v 1.815764 2.566192 -2.385750
v 1.951279 2.750395 -2.427084
v 1.869768 2.750395 -2.563756
v 1.779193 2.566192 -2.491417
v 0.522957 2.823381 -2.116828
v 0.555110 2.873880 -2.118462
v 0.613212 2.888190 -2.122461
v 0.522957 2.823381 -2.303097
v 0.555135 2.873877 -2.301461
v 0.613298 2.888177 -2.297458
v 1.016353 2.821793 -1.623132
v 1.018029 2.872163 -1.655989
v 1.022077 2.887560 -1.714836
v 1.654834 2.821793 -1.623132
v 1.653160 2.872167 -1.655962
v 1.649116 2.887576 -1.714746
v 2.148230 2.823381 -2.116828
v 2.116053 2.873877 -2.118464
v 2.057889 2.888177 -2.122467
v 2.148230 2.823381 -2.303097
v 2.116078 2.873880 -2.301463
v 2.057975 2.888190 -2.297464
v 1.016353 2.821793 -2.796792
v 1.018027 2.872167 -2.763962
v 1.022071 2.884668 -2.705178
v 1.654834 2.821793 -2.796792
v 1.653158 2.872163 -2.763936
v 1.649109 2.884652 -2.705088
v 0.553995 2.821475 -1.930620
v 0.582827 2.873074 -1.943414
v 0.638683 2.887926 -1.964196
v 0.659620 2.817203 -1.760094
v 0.683594 2.871521 -1.777494
v 0.732034 2.887741 -1.810213
v 0.829759 2.817304 -1.653938
v 0.850743 2.871468 -1.678391
v 0.890727 2.886772 -1.722789
v 2.117193 2.821475 -1.930620
v 2.088552 2.873102 -1.943347
v 2.033161 2.888022 -1.963964
v 1.841428 2.817304 -1.653938
v 1.818835 2.871102 -1.680153
v 1.774960 2.885523 -1.728811
v 2.011568 2.817203 -1.760094
v 1.986484 2.871334 -1.778229
v 1.935391 2.887105 -1.812705
v 0.829759 2.817304 -2.765986
v 0.852351 2.871102 -2.739771
v 0.896226 2.885523 -2.691113
v 0.659620 2.817203 -2.659831
v 0.684703 2.871334 -2.641696
v 0.735797 2.887105 -2.607219
v 0.553995 2.821475 -2.489305
v 0.582636 2.873102 -2.476578
v 0.638025 2.888022 -2.455960
v 2.117193 2.821475 -2.489305
v 2.088360 2.873074 -2.476510
v 2.032504 2.887926 -2.455729
v 2.011568 2.817203 -2.659831
v 1.987594 2.871521 -2.642431
v 1.939154 2.887741 -2.609712
v 1.841428 2.817304 -2.765986
v 1.820445 2.871468 -2.741533
v 1.780459 2.886772 -2.697135
v 0.648525 2.853361 -2.129817
v 0.632154 2.885453 -2.128144
v 0.648525 2.853361 -2.290107
v 0.632148 2.885454 -2.291781
v 1.046828 2.884650 -1.711155
v 1.061537 2.849172 -1.718645
v 1.624406 2.884655 -1.711136
v 1.609650 2.849181 -1.718643
v 2.022662 2.853361 -2.129817
v 2.039040 2.885454 -2.128143
v 2.022662 2.853361 -2.290107
v 2.039034 2.885453 -2.291780
v 1.046781 2.884655 -2.708788
v 1.061536 2.849181 -2.701281
v 1.624359 2.884650 -2.708769
v 1.609650 2.849172 -2.701279
v 0.671476 2.853354 -1.975760
v 0.655668 2.885434 -1.970185
v 0.906906 2.853009 -1.740507
v 0.895858 2.885607 -1.728407
v 0.759451 2.853195 -1.828372
v 0.745390 2.885484 -1.819059
v 1.999713 2.853358 -1.975759
v 2.015514 2.885434 -1.970187
v 1.764280 2.853009 -1.740507
v 1.911735 2.853195 -1.828372
v 1.925505 2.885434 -1.819252
v 0.671474 2.853358 -2.444165
v 0.655673 2.885434 -2.449736
v 0.906906 2.853009 -2.679417
v 0.759451 2.853195 -2.591552
v 0.745681 2.885434 -2.600673
v 1.764280 2.853009 -2.679417
v 1.775329 2.885607 -2.691517
v 1.999712 2.853354 -2.444164
v 2.015519 2.885434 -2.449739
v 1.911735 2.853195 -2.591552
v 1.925797 2.885484 -2.600865
v 2.274906 2.287534 -2.531520
v 2.269526 2.284244 -2.593701
v 2.212909 2.282806 -2.620136
v 2.161674 2.284659 -2.584388
v 2.167055 2.287949 -2.522208
v 2.223672 2.289387 -2.495774
v 2.274792 2.381363 -2.542336
v 2.269411 2.381363 -2.604517
v 2.212793 2.381363 -2.630952
v 2.161559 2.381363 -2.595206
v 2.166941 2.381363 -2.533025
v 2.223556 2.381363 -2.506590
v 2.276378 2.672382 -2.553084
v 2.270995 2.668744 -2.615247
v 2.214380 2.667654 -2.641700
v 2.163148 2.670202 -2.605993
v 2.168530 2.673841 -2.543832
v 2.225145 2.674931 -2.517378
v 2.278480 2.831587 -2.563050
v 2.273095 2.827791 -2.625201
v 2.216481 2.826859 -2.651665
v 2.165253 2.829724 -2.615977
v 2.170637 2.833520 -2.553826
v 2.227250 2.834452 -2.527362
v 2.279915 2.971043 -2.571496
v 2.274531 2.967371 -2.633655
v 2.217917 2.966315 -2.660112
v 2.166685 2.968929 -2.624408
v 2.172068 2.972600 -2.562247
v 2.228683 2.973658 -2.535792
v 2.279496 3.092480 -2.577682
v 2.274115 3.089355 -2.639872
v 2.217499 3.087752 -2.666297
v 2.166265 3.089275 -2.630535
v 2.171646 3.092401 -2.568345
v 2.228262 3.094003 -2.541919
v 2.276013 3.197693 -2.580860
v 2.270608 3.195733 -2.643095
v 2.214017 3.192964 -2.669476
v 2.162829 3.192154 -2.633621
v 2.168235 3.194114 -2.571386
v 2.224827 3.196883 -2.545005
v 2.268199 3.288553 -2.580241
v 2.262664 3.288660 -2.642496
v 2.206202 3.283824 -2.668857
v 2.155275 3.278880 -2.632963
v 2.160811 3.278773 -2.570710
v 2.217273 3.283609 -2.544349
v 2.254662 3.366985 -2.574956
v 2.248683 3.370392 -2.637074
v 2.192663 3.362257 -2.663570
v 2.142625 3.350715 -2.627946
v 2.148604 3.347309 -2.565826
v 2.204622 3.355444 -2.539331
v 2.233754 3.434812 -2.563947
v 2.226587 3.443010 -2.625492
v 2.171758 3.430084 -2.652564
v 2.124096 3.408958 -2.618091
v 2.131264 3.400760 -2.556546
v 2.186093 3.413687 -2.529475
v 2.202814 3.492894 -2.545400
v 2.192924 3.507427 -2.605377
v 2.140817 3.488166 -2.634015
v 2.098601 3.454372 -2.602677
v 2.108493 3.439839 -2.542700
v 2.160599 3.459100 -2.514062
v 2.158703 3.540036 -2.517055
v 2.143958 3.561188 -2.573988
v 2.096706 3.535308 -2.605671
v 2.064201 3.488276 -2.580419
v 2.078946 3.467124 -2.523485
v 2.126199 3.493005 -2.491803
v 2.099831 3.574072 -2.477682
v 2.079071 3.599932 -2.530659
v 2.037833 3.569344 -2.566297
v 2.017355 3.512897 -2.548958
v 2.038116 3.487037 -2.495981
v 2.079352 3.517625 -2.460343
v 2.025418 3.594414 -2.426705
v 1.999222 3.622523 -2.476000
v 1.963420 3.589686 -2.515321
v 1.953812 3.528739 -2.505346
v 1.980005 3.500630 -2.456052
v 2.015809 3.533468 -2.416731
v 1.937487 3.593293 -2.365128
v 1.904804 3.622129 -2.409922
v 1.875490 3.588564 -2.453744
v 1.878860 3.526163 -2.452771
v 1.911544 3.497326 -2.407977
v 1.940856 3.530891 -2.364155
v 1.848827 3.542733 -2.300401
v 1.805737 3.568329 -2.337741
v 1.786830 3.538004 -2.389017
v 1.811017 3.482085 -2.402955
v 1.854109 3.456490 -2.365616
v 1.873014 3.486814 -2.314339
v 1.778178 3.354236 -2.243049
v 1.722931 3.354236 -2.274464
v 1.713263 3.354236 -2.335837
v 1.758842 3.354236 -2.365795
v 1.814090 3.354236 -2.334382
v 1.823758 3.354236 -2.273008
v 1.785625 3.249261 -2.250140
v 1.726613 3.249261 -2.278252
v 1.720711 3.249261 -2.342925
v 1.773821 3.249261 -2.379485
v 1.832833 3.249261 -2.351372
v 1.838737 3.249261 -2.286699
v 1.787684 3.354236 -2.223583
v 1.709028 3.354236 -2.268308
v 1.700295 3.249261 -2.257622
v 1.784311 3.249261 -2.217598
v 1.695264 3.354236 -2.355685
v 1.691892 3.249261 -2.349697
v 1.760156 3.354236 -2.398336
v 1.767506 3.249261 -2.401748
v 1.838811 3.354236 -2.353612
v 1.851521 3.249261 -2.361723
v 1.852576 3.354236 -2.266235
v 1.859925 3.249261 -2.269647
v 1.804219 3.464245 -2.264775
v 1.838707 3.438102 -2.286527
v 1.824951 3.423926 -2.341711
v 1.776710 3.435892 -2.375144
v 1.742222 3.462034 -2.353391
v 1.755977 3.476211 -2.298208
v 2.276378 2.672382 -2.553084
v 2.270995 2.668744 -2.615247
v 2.273095 2.827791 -2.625201
v 2.278480 2.831587 -2.563050
v 2.214380 2.667654 -2.641700
v 2.216481 2.826859 -2.651665
v 2.163148 2.670202 -2.605993
v 2.165253 2.829724 -2.615977
v 2.168530 2.673841 -2.543832
v 2.170637 2.833520 -2.553826
v 2.225145 2.674931 -2.517378
v 2.227250 2.834452 -2.527362
v 2.224298 2.578322 -2.511631
v 2.167684 2.577046 -2.538074
v 2.162301 2.573593 -2.600246
v 2.213534 2.571416 -2.635973
v 2.270151 2.572691 -2.609530
v 2.275533 2.576144 -2.547358
v 2.310668 2.672382 -2.535590
v 2.301989 2.668744 -2.635824
v 2.305374 2.827791 -2.651875
v 2.314056 2.831587 -2.551660
v 2.210699 2.667654 -2.678479
v 2.214087 2.826859 -2.694547
v 2.128090 2.670202 -2.620903
v 2.131483 2.829724 -2.637002
v 2.136768 2.673841 -2.520671
v 2.140165 2.833520 -2.536786
v 2.228058 2.674931 -2.478015
v 2.231451 2.834452 -2.494115
v 2.226692 2.578322 -2.468748
v 2.135403 2.577046 -2.511387
v 2.228058 2.674931 -2.478015
v 2.136768 2.673841 -2.520671
v 2.126724 2.573593 -2.611637
v 2.128090 2.670202 -2.620903
v 2.209335 2.571416 -2.669245
v 2.210699 2.667654 -2.678479
v 2.300628 2.572691 -2.626607
v 2.301989 2.668744 -2.635824
v 2.309305 2.576144 -2.526356
v 2.310668 2.672382 -2.535590
v 2.307662 2.286096 -2.524973
v 2.299171 2.286096 -2.623094
v 2.298991 2.381363 -2.628304
v 2.307481 2.381363 -2.530182
v 2.209831 2.286096 -2.664806
v 2.209649 2.381363 -2.670016
v 2.128984 2.286096 -2.608398
v 2.128803 2.381363 -2.613610
v 2.137476 2.286096 -2.510279
v 2.137296 2.381363 -2.515490
v 2.226816 2.286096 -2.468567
v 2.226632 2.381363 -2.473777
v 2.397841 2.764526 -2.564761
v 2.398450 2.789725 -2.621628
v 2.377527 2.767777 -2.708427
v 2.377677 2.731554 -2.722452
v 2.399060 2.642854 -2.678494
v 2.398450 2.617655 -2.621628
v 2.397841 2.642854 -2.564761
v 2.397589 2.703690 -2.541206
v 2.291144 2.764526 -2.543884
v 2.291753 2.789725 -2.600751
v 2.313997 2.767777 -2.695997
v 2.314147 2.731554 -2.710022
v 2.292362 2.642854 -2.657618
v 2.291753 2.617655 -2.600751
v 2.291144 2.642854 -2.543884
v 2.290892 2.703690 -2.520329
v 2.398450 2.703690 -2.621628
v 2.377527 2.813569 -2.794935
v 2.377677 2.777347 -2.808960
v 2.314147 2.777347 -2.796530
v 2.313997 2.813569 -2.782505
v 2.431676 1.305897 -1.549532
v 2.431676 1.305897 -1.549532
v 2.431676 1.305897 -1.549532
v 2.431676 1.305897 -1.549532
v 2.299025 1.075199 -1.549532
v 2.299025 1.075199 -1.549532
v 2.396108 1.172703 -1.549532
v 2.396108 1.172703 -1.549532
v 2.396108 1.172703 -1.549532
v 2.396108 1.172703 -1.549532
v 0.458890 1.305695 -1.549532
v 0.458890 1.305695 -1.549532
v 0.458890 1.305695 -1.549532
v 0.458890 1.305695 -1.549532
v 0.494386 1.172443 -1.549532
v 0.494386 1.172443 -1.549532
v 0.494386 1.172443 -1.549532
v 0.494386 1.172443 -1.549532
v 0.591453 1.074895 -1.549532
v 0.591453 1.074895 -1.549532
v 0.591453 1.074895 -1.549532
v 0.591453 1.074895 -1.549532
v 0.724062 1.039207 -1.549532
v 0.724062 1.039207 -1.549532
v 2.166705 2.142971 -1.549532
v 2.166705 2.142971 -1.549532
v 2.166705 2.142971 -1.549532
v 2.166705 2.142971 -1.549532
v 2.431878 1.876483 -1.549532
v 2.431878 1.876483 -1.549532
v 2.431878 1.876483 -1.549532
v 2.431878 1.876483 -1.549532
v 2.396382 2.009735 -1.549532
v 2.396382 2.009735 -1.549532
v 2.396382 2.009735 -1.549532
v 2.396382 2.009735 -1.549532
v 2.299315 2.107282 -1.549532
v 2.299315 2.107282 -1.549532
v 2.299315 2.107282 -1.549532
v 2.299315 2.107282 -1.549532
v 0.724345 2.142684 -1.549532
v 0.724345 2.142684 -1.549532
v 0.724345 2.142684 -1.549532
v 0.724345 2.142684 -1.549532
v 0.591742 2.106977 -1.549532
v 0.591742 2.106977 -1.549532
v 0.591742 2.106977 -1.549532
v 0.591742 2.106977 -1.549532
v 0.494659 2.009471 -1.549532
v 0.494659 2.009471 -1.549532
v 0.494659 2.009471 -1.549532
v 0.494659 2.009471 -1.549532
v 0.459093 1.876275 -1.549532
v 0.459093 1.876275 -1.549532
v 0.459093 1.876275 -1.549532
v 0.459093 1.876275 -1.549532
v 0.433241 1.145526 -2.747485
v 0.433241 1.145526 -2.747485
v 0.433241 1.145526 -2.747485
v 0.395463 1.287345 -2.747485
v 0.395463 1.287345 -2.747485
v 0.395463 1.287345 -2.747485
v 0.536549 1.041705 -2.747485
v 0.536549 1.041705 -2.747485
v 0.536549 1.041705 -2.747485
v 0.677685 1.003723 -2.747485
v 0.677685 1.003723 -2.747485
v 2.212778 1.004027 -2.747485
v 2.353911 1.042029 -2.747485
v 2.353911 1.042029 -2.747485
v 2.457236 1.145802 -2.747485
v 2.457236 1.145802 -2.747485
v 2.457236 1.145802 -2.747485
v 2.495091 1.287560 -2.747485
v 2.495091 1.287560 -2.747485
v 2.495091 1.287560 -2.747485
v 2.495306 1.894832 -2.747485
v 2.495306 1.894832 -2.747485
v 2.495306 1.894832 -2.747485
v 2.457527 2.036652 -2.747485
v 2.457527 2.036652 -2.747485
v 2.457527 2.036652 -2.747485
v 2.354220 2.140471 -2.747485
v 2.354220 2.140471 -2.747485
v 2.354220 2.140471 -2.747485
v 2.213083 2.178454 -2.747485
v 2.213083 2.178454 -2.747485
v 2.213083 2.178454 -2.747485
v 0.677984 2.178149 -2.747485
v 0.677984 2.178149 -2.747485
v 0.677984 2.178149 -2.747485
v 0.536856 2.140147 -2.747485
v 0.536856 2.140147 -2.747485
v 0.536856 2.140147 -2.747485
v 0.433532 2.036372 -2.747485
v 0.433532 2.036372 -2.747485
v 0.433532 2.036372 -2.747485
v 0.395678 1.894612 -2.747485
v 0.395678 1.894612 -2.747485
v 0.395678 1.894612 -2.747485
v 0.724062 1.039207 -1.549532
v 0.563906 0.904948 -1.535418
v 2.326790 0.905047 -1.535418
v 2.166418 1.039493 -1.549532
v 2.299025 1.075199 -1.549532
v 2.166418 1.039493 -1.549532
v 2.326790 0.905047 -1.535418
v 2.479926 0.946267 -1.535418
v 0.724062 1.039207 -1.549532
v 2.166418 1.039493 -1.549532
v 2.212778 1.004027 -2.747485
v 0.677685 1.003723 -2.747485
v 2.166418 1.039493 -1.549532
v 2.299025 1.075199 -1.549532
v 2.353911 1.042029 -2.747485
v 2.212778 1.004027 -2.747485
v 0.458890 1.305695 -1.549532
v 0.459093 1.876275 -1.549532
v 0.460252 1.876275 -1.549532
v 0.460050 1.305695 -1.549532
v 0.724345 2.142684 -1.549532
v 2.166705 2.142971 -1.549532
v 2.165857 2.142971 -1.549532
v 0.725193 2.142684 -1.549532
v 2.431676 1.305897 -1.549532
v 2.396108 1.172703 -1.549532
v 2.394991 1.172703 -1.549532
v 2.430517 1.305897 -1.549532
v 2.396108 1.172703 -1.549532
v 2.299025 1.075199 -1.549532
v 2.298021 1.075199 -1.549532
v 2.394991 1.172703 -1.549532
v 0.494386 1.172443 -1.549532
v 0.458890 1.305695 -1.549532
v 0.460050 1.305695 -1.549532
v 0.495504 1.172443 -1.549532
v 0.591453 1.074895 -1.549532
v 0.494386 1.172443 -1.549532
v 0.495504 1.172443 -1.549532
v 0.592456 1.074895 -1.549532
v 0.724062 1.039207 -1.549532
v 0.591453 1.074895 -1.549532
v 0.592456 1.074895 -1.549532
v 0.724910 1.039207 -1.549532
v 2.166705 2.142971 -1.549532
v 2.299315 2.107282 -1.549532
v 2.298311 2.107282 -1.549532
v 2.165857 2.142971 -1.549532
v 2.299315 2.107282 -1.549532
v 2.396382 2.009735 -1.549532
v 2.395264 2.009735 -1.549532
v 2.298311 2.107282 -1.549532
v 2.396382 2.009735 -1.549532
v 2.431878 1.876483 -1.549532
v 2.430719 1.876483 -1.549532
v 2.395264 2.009735 -1.549532
v 0.591742 2.106977 -1.549532
v 0.724345 2.142684 -1.549532
v 0.725193 2.142684 -1.549532
v 0.592745 2.106977 -1.549532
v 0.494659 2.009471 -1.549532
v 0.591742 2.106977 -1.549532
v 0.592745 2.106977 -1.549532
v 0.495777 2.009471 -1.549532
v 0.459093 1.876275 -1.549532
v 0.494659 2.009471 -1.549532
v 0.495777 2.009471 -1.549532
v 0.460252 1.876275 -1.549532
v 0.433241 1.145526 -2.747485
v 0.395463 1.287345 -2.747485
v 0.348650 1.273428 -2.319963
v 0.388113 1.125111 -2.319963
v 0.536549 1.041705 -2.747485
v 0.433241 1.145526 -2.747485
v 0.388113 1.125111 -2.319963
v 0.496027 1.016535 -2.319963
v 0.677685 1.003723 -2.747485
v 0.536549 1.041705 -2.747485
v 0.496027 1.016535 -2.319963
v 0.643455 0.976812 -2.319963
v 2.212778 1.004027 -2.747485
v 0.677685 1.003723 -2.747485
v 0.643455 0.976812 -2.319963
v 2.246994 0.977130 -2.319963
v 2.353911 1.042029 -2.747485
v 2.212778 1.004027 -2.747485
v 2.246994 0.977130 -2.319963
v 2.394419 1.016873 -2.319963
v 2.457236 1.145802 -2.747485
v 2.353911 1.042029 -2.747485
v 2.394419 1.016873 -2.319963
v 2.502351 1.125400 -2.319963
v 2.495091 1.287560 -2.747485
v 2.457236 1.145802 -2.747485
v 2.502351 1.125400 -2.319963
v 2.541894 1.273653 -2.319963
v 2.495306 1.894832 -2.747485
v 2.495091 1.287560 -2.747485
v 2.541894 1.273653 -2.319963
v 2.542119 1.908749 -2.319963
v 2.457527 2.036652 -2.747485
v 2.495306 1.894832 -2.747485
v 2.542119 1.908749 -2.319963
v 2.502655 2.057065 -2.319963
v 2.354220 2.140471 -2.747485
v 2.457527 2.036652 -2.747485
v 2.502655 2.057065 -2.319963
v 2.394742 2.165642 -2.319963
v 2.213083 2.178454 -2.747485
v 2.354220 2.140471 -2.747485
v 2.394742 2.165642 -2.319963
v 2.247312 2.205364 -2.319963
v 0.677984 2.178149 -2.747485
v 2.213083 2.178454 -2.747485
v 2.247312 2.205364 -2.319963
v 0.643769 2.205046 -2.319963
v 0.536856 2.140147 -2.747485
v 0.677984 2.178149 -2.747485
v 0.643769 2.205046 -2.319963
v 0.496348 2.165302 -2.319963
v 0.433532 2.036372 -2.747485
v 0.536856 2.140147 -2.747485
v 0.496348 2.165302 -2.319963
v 0.388416 2.056773 -2.319963
v 0.395678 1.894612 -2.747485
v 0.433532 2.036372 -2.747485
v 0.388416 2.056773 -2.319963
v 0.348875 1.908518 -2.319963
v 0.395463 1.287345 -2.747485
v 0.395678 1.894612 -2.747485
v 0.348875 1.908518 -2.319963
v 0.348650 1.273428 -2.319963
vt 0.197764 0.402779
vt 0.197545 0.383141
vt 0.203970 0.381815
vt 0.204014 0.400513
vt 0.196124 0.363946
vt 0.203136 0.362986
vt 0.356878 0.381629
vt 0.357274 0.400426
vt 0.206130 0.494757
vt 0.199754 0.492879
vt 0.357933 0.362916
vt 0.363478 0.382697
vt 0.363632 0.402443
vt 0.358889 0.489654
vt 0.200644 0.512742
vt 0.207143 0.513295
vt 0.364749 0.363558
vt 0.365143 0.487418
vt 0.359180 0.508518
vt 0.201442 0.532577
vt 0.208009 0.531782
vt 0.365727 0.507221
vt 0.360840 0.527400
vt 0.367627 0.526492
vt 0.202293 0.552367
vt 0.208519 0.550264
vt 0.361398 0.546407
vt 0.217626 0.762540
vt 0.367458 0.529219
vt 0.367768 0.548571
vt 0.371132 0.751165
vt 0.218147 0.781346
vt 0.377259 0.748374
vt 0.372472 0.769996
vt 0.378880 0.767519
vt 0.171812 0.407357
vt 0.174053 0.414466
vt 0.169665 0.362290
vt 0.171200 0.378576
vt 0.171641 0.390937
vt 0.182160 0.566920
vt 0.187108 0.571818
vt 0.173505 0.490157
vt 0.175589 0.482352
vt 0.174442 0.506576
vt 0.174952 0.521147
vt 0.175565 0.537550
vt 0.181839 0.550626
vt 0.194361 0.742294
vt 0.411192 0.378343
vt 0.431679 0.377583
vt 0.411185 0.378551
vt 0.412061 0.362286
vt 0.402318 0.394970
vt 0.382553 0.376682
vt 0.390237 0.362284
vt 0.211507 0.779813
vt 0.430668 0.396366
vt 0.211214 0.760716
vn -0.190558 0.061916 0.979721
vn -0.162098 0.117772 0.979721
vn -0.269873 0.196074 0.942721
vn -0.317253 0.103082 0.942722
vn -0.117769 0.162093 0.979723
vn -0.196073 0.269869 0.942723
vn -0.061913 0.190553 0.979723
vn -0.103085 0.317251 0.942722
vn -0.000000 0.200362 0.979722
vn -0.000002 0.333577 0.942723
vn 0.061913 0.190553 0.979723
vn 0.103084 0.317250 0.942723
vn 0.117769 0.162094 0.979722
vn 0.196073 0.269871 0.942722
vn 0.162100 0.117767 0.979722
vn 0.269872 0.196071 0.942722
vn 0.190557 0.061914 0.979722
vn 0.317251 0.103078 0.942723
vn 0.200361 -0.000001 0.979722
vn 0.333576 0.000000 0.942723
vn 0.190551 -0.061915 0.979723
vn 0.317251 -0.103082 0.942723
vn 0.162101 -0.117766 0.979722
vn 0.269874 -0.196074 0.942721
vn 0.117779 -0.162096 0.979721
vn 0.196077 -0.269873 0.942721
vn 0.061917 -0.190557 0.979722
vn 0.103086 -0.317252 0.942722
vn -0.000006 -0.200361 0.979722
vn -0.000003 -0.333577 0.942723
vn -0.061920 -0.190557 0.979721
vn -0.103086 -0.317249 0.942723
vn -0.117771 -0.162098 0.979721
vn -0.196072 -0.269868 0.942723
vn -0.162095 -0.117774 0.979722
vn -0.269871 -0.196075 0.942722
vn -0.190549 -0.061917 0.979723
vn -0.317253 -0.103084 0.942722
vn -0.200364 0.000000 0.979722
vn -0.333580 -0.000001 0.942722
vn -0.285331 0.207305 0.935741
vn -0.335427 0.108987 0.935741
vn -0.207306 0.285330 0.935741
vn -0.108989 0.335427 0.935741
vn 0.000000 0.352689 0.935741
vn 0.108989 0.335428 0.935740
vn 0.207306 0.285333 0.935740
vn 0.285331 0.207306 0.935741
vn 0.335426 0.108985 0.935741
vn 0.352689 -0.000000 0.935741
vn 0.335428 -0.108987 0.935740
vn 0.285330 -0.207308 0.935740
vn 0.207304 -0.285332 0.935741
vn 0.108990 -0.335427 0.935741
vn -0.000000 -0.352689 0.935741
vn -0.108991 -0.335427 0.935740
vn -0.207306 -0.285328 0.935741
vn -0.285331 -0.207304 0.935741
vn -0.335427 -0.108988 0.935741
vn -0.352690 -0.000000 0.935740
vn -0.165027 0.119899 0.978974
vn -0.194001 0.063035 0.978974
vn -0.119898 0.165027 0.978974
vn -0.063034 0.194002 0.978974
vn 0.000001 0.203986 0.978974
vn 0.063036 0.194002 0.978974
vn 0.119900 0.165029 0.978974
vn 0.165026 0.119900 0.978974
vn 0.194000 0.063034 0.978974
vn 0.203984 0.000000 0.978974
vn 0.193999 -0.063034 0.978975
vn 0.165023 -0.119898 0.978975
vn 0.119897 -0.165024 0.978975
vn 0.063037 -0.193996 0.978975
vn -0.000000 -0.203981 0.978975
vn -0.063036 -0.193999 0.978974
vn -0.119899 -0.165024 0.978975
vn -0.165026 -0.119896 0.978975
vn -0.194000 -0.063034 0.978974
vn -0.203985 -0.000000 0.978974
vn -0.087195 0.063349 0.994175
vn -0.102504 0.033305 0.994175
vn -0.063349 0.087192 0.994175
vn -0.033305 0.102500 0.994175
vn -0.000001 0.107775 0.994175
vn 0.033305 0.102500 0.994175
vn 0.063350 0.087192 0.994175
vn 0.087194 0.063350 0.994175
vn 0.102502 0.033305 0.994175
vn 0.107777 -0.000000 0.994175
vn 0.102503 -0.033305 0.994175
vn 0.087195 -0.063351 0.994175
vn 0.063351 -0.087195 0.994175
vn 0.033307 -0.102502 0.994175
vn 0.000000 -0.107777 0.994175
vn -0.033306 -0.102503 0.994175
vn -0.063350 -0.087194 0.994175
vn -0.087195 -0.063349 0.994175
vn -0.102503 -0.033305 0.994175
vn -0.107776 -0.000001 0.994175
vn -0.284259 0.206525 0.936239
vn -0.334167 0.108577 0.936239
vn -0.206525 0.284259 0.936239
vn -0.108577 0.334164 0.936240
vn -0.000000 0.351361 0.936240
vn 0.108576 0.334164 0.936240
vn 0.206525 0.284257 0.936240
vn 0.284258 0.206527 0.936239
vn 0.334167 0.108579 0.936239
vn 0.351367 -0.000000 0.936238
vn 0.334172 -0.108579 0.936237
vn 0.284263 -0.206528 0.936238
vn 0.206528 -0.284262 0.936238
vn 0.108580 -0.334173 0.936237
vn 0.000001 -0.351369 0.936237
vn -0.108581 -0.334173 0.936237
vn -0.206532 -0.284265 0.936236
vn -0.284264 -0.206529 0.936237
vn -0.334171 -0.108578 0.936238
vn -0.351364 -0.000000 0.936239
vn -0.628889 0.456916 0.629068
vn -0.739303 0.240212 0.629071
vn -0.456914 0.628890 0.629068
vn -0.240214 0.739303 0.629069
vn -0.000000 0.777349 0.629069
vn 0.240214 0.739301 0.629071
vn 0.456913 0.628887 0.629072
vn 0.628888 0.456914 0.629071
vn 0.739303 0.240214 0.629070
vn 0.777350 -0.000000 0.629068
vn 0.739303 -0.240215 0.629069
vn 0.628888 -0.456913 0.629071
vn 0.456915 -0.628888 0.629070
vn 0.240215 -0.739304 0.629068
vn 0.000000 -0.777349 0.629069
vn -0.240215 -0.739303 0.629069
vn -0.456914 -0.628889 0.629069
vn -0.628886 -0.456915 0.629072
vn -0.739303 -0.240213 0.629070
vn -0.777349 -0.000001 0.629069
vn -0.762951 0.554318 0.332621
vn -0.896904 0.291420 0.332623
vn -0.554317 0.762952 0.332621
vn -0.291422 0.896904 0.332620
vn 0.000000 0.943063 0.332615
vn 0.291423 0.896905 0.332618
vn 0.554315 0.762953 0.332622
vn 0.762953 0.554316 0.332622
vn 0.896904 0.291421 0.332622
vn 0.943060 0.000000 0.332622
vn 0.896903 -0.291421 0.332623
vn 0.762951 -0.554316 0.332625
vn 0.554315 -0.762953 0.332623
vn 0.291421 -0.896903 0.332623
vn 0.000000 -0.943059 0.332625
vn -0.291421 -0.896903 0.332624
vn -0.554315 -0.762952 0.332624
vn -0.762950 -0.554317 0.332625
vn -0.896903 -0.291420 0.332624
vn -0.943060 -0.000002 0.332623
vn -0.701616 0.509753 -0.497882
vn -0.824799 0.267994 -0.497881
vn -0.509754 0.701615 -0.497882
vn -0.267993 0.824799 -0.497882
vn 0.000000 0.867244 -0.497884
vn 0.267993 0.824799 -0.497883
vn 0.509752 0.701617 -0.497882
vn 0.701617 0.509753 -0.497881
vn 0.824801 0.267994 -0.497878
vn 0.867247 -0.000000 -0.497879
vn 0.824800 -0.267993 -0.497880
vn 0.701617 -0.509753 -0.497881
vn 0.509753 -0.701617 -0.497882
vn 0.267993 -0.824798 -0.497883
vn -0.000000 -0.867245 -0.497883
vn -0.267993 -0.824799 -0.497883
vn -0.509754 -0.701616 -0.497881
vn -0.701616 -0.509753 -0.497882
vn -0.824798 -0.267994 -0.497883
vn -0.867245 -0.000000 -0.497882
vn -0.610358 0.443451 -0.656364
vn -0.717518 0.233137 -0.656365
vn -0.443451 0.610357 -0.656365
vn -0.233135 0.717518 -0.656366
vn 0.000000 0.754444 -0.656365
vn 0.233135 0.717519 -0.656365
vn 0.443450 0.610358 -0.656366
vn 0.610359 0.443449 -0.656365
vn 0.717520 0.233137 -0.656362
vn 0.754445 0.000000 -0.656363
vn 0.717519 -0.233134 -0.656365
vn 0.610357 -0.443449 -0.656367
vn 0.443449 -0.610360 -0.656364
vn 0.233136 -0.717519 -0.656364
vn -0.000000 -0.754443 -0.656365
vn -0.233136 -0.717519 -0.656365
vn -0.443451 -0.610359 -0.656364
vn -0.610358 -0.443451 -0.656365
vn -0.717518 -0.233136 -0.656366
vn -0.754444 0.000001 -0.656365
vn -0.799334 0.580752 -0.154249
vn -0.939674 0.305317 -0.154251
vn -0.580750 0.799335 -0.154249
vn -0.305318 0.939674 -0.154248
vn 0.000000 0.988032 -0.154247
vn 0.305319 0.939674 -0.154249
vn 0.580747 0.799337 -0.154251
vn 0.799334 0.580751 -0.154254
vn 0.939674 0.305317 -0.154255
vn 0.988031 -0.000001 -0.154254
vn 0.939673 -0.305319 -0.154255
vn 0.799336 -0.580748 -0.154252
vn 0.580749 -0.799337 -0.154246
vn 0.305319 -0.939675 -0.154242
vn 0.000000 -0.988033 -0.154240
vn -0.305318 -0.939676 -0.154242
vn -0.580749 -0.799337 -0.154246
vn -0.799334 -0.580752 -0.154247
vn -0.939675 -0.305319 -0.154247
vn -0.988032 -0.000000 -0.154249
vn -0.786664 0.571544 -0.233445
vn -0.924779 0.300477 -0.233448
vn -0.571545 0.786664 -0.233444
vn -0.300480 0.924780 -0.233440
vn -0.000000 0.972372 -0.233437
vn 0.300480 0.924780 -0.233439
vn 0.571544 0.786666 -0.233440
vn 0.786665 0.571545 -0.233443
vn 0.924780 0.300476 -0.233443
vn 0.972371 -0.000002 -0.233443
vn 0.924777 -0.300482 -0.233448
vn 0.786663 -0.571544 -0.233448
vn 0.571546 -0.786664 -0.233443
vn 0.300481 -0.924779 -0.233442
vn 0.000000 -0.972372 -0.233439
vn -0.300480 -0.924780 -0.233441
vn -0.571543 -0.786665 -0.233444
vn -0.786662 -0.571548 -0.233445
vn -0.924779 -0.300479 -0.233444
vn -0.972370 -0.000000 -0.233446
vn 0.000002 0.000000 1.000000
vn 0.000000 1.000000 0.000000
vn 0.000000 1.000000 0.000000
vn 0.000000 1.000000 0.000000
vn 0.000000 1.000000 0.000000
vn 1.000000 0.000000 0.000000
vn 1.000000 0.000000 0.000000
vn 1.000000 0.000000 0.000000
vn 1.000000 0.000000 0.000000
vn -1.000000 0.000000 0.000000
vn -1.000000 0.000000 0.000000
vn -1.000000 0.000000 0.000000
vn -1.000000 0.000000 0.000000
vn 0.000000 -0.727565 -0.686039
vn 0.000000 -0.727565 -0.686039
vn 0.000000 -0.727565 -0.686039
vn 0.000000 -0.727565 -0.686039
vn 0.000000 1.000000 -0.000001
vn 0.000000 0.957042 -0.289949
vn 0.000000 0.957042 -0.289948
vn 0.000000 1.000000 -0.000001
vn 0.000000 1.000000 -0.000001
vn 0.000000 1.000000 -0.000001
vn 0.000000 1.000000 -0.000001
vn 0.000000 1.000000 -0.000001
vn -0.000204 0.000144 -1.000000
vn -0.000162 0.000115 -1.000000
vn 0.000162 0.000115 -1.000000
vn 0.000204 0.000144 -1.000000
vn 0.000000 0.000000 -1.000000
vn 0.000000 0.000000 -1.000000
vn -0.707104 0.707109 0.000000
vn -0.707104 0.707109 0.000000
vn -0.707104 0.707109 0.000000
vn -0.707104 0.707109 0.000000
vn 0.707105 0.707109 0.000000
vn 0.707105 0.707109 0.000000
vn 0.707105 0.707109 0.000000
vn 0.707105 0.707109 0.000000
vn -0.707105 0.707108 0.000000
vn -0.707105 0.707108 0.000000
vn -0.707105 0.707108 0.000000
vn -0.707105 0.707108 0.000000
vn 0.000000 0.707110 0.707103
vn 0.000000 0.707110 0.707103
vn 0.000000 0.707110 0.707103
vn 0.000000 0.707110 0.707103
vn 0.707105 0.707109 0.000000
vn 0.707105 0.707109 0.000000
vn 0.707105 0.707109 0.000000
vn 0.707105 0.707109 0.000000
vn 0.712598 0.701342 -0.017994
vn 0.712598 0.701342 -0.017994
vn 0.712598 0.701342 -0.017994
vn 0.712598 0.701342 -0.017994
vn 0.000000 0.736257 -0.676702
vn 0.000000 0.824718 -0.565545
vn 0.000000 0.824718 -0.565545
vn 0.000000 0.736257 -0.676702
vn -0.712599 0.701341 -0.017995
vn -0.712599 0.701341 -0.017995
vn -0.712599 0.701341 -0.017995
vn -0.712599 0.701341 -0.017995
vn -0.707107 0.000000 0.707107
vn -0.707107 0.000000 0.707107
vn -0.707107 0.000000 0.707107
vn -0.707107 0.000000 0.707107
vn 0.000000 -0.707106 0.707108
vn 0.000000 -0.707106 0.707108
vn 0.000000 -0.707106 0.707108
vn 0.000000 -0.707106 0.707108
vn 0.707107 0.000000 0.707107
vn 0.707107 0.000000 0.707107
vn 0.707107 0.000000 0.707107
vn 0.707107 0.000000 0.707107
vn 0.000000 0.707115 0.707099
vn 0.000000 0.707115 0.707099
vn 0.000000 0.707115 0.707099
vn 0.000000 0.707115 0.707099
vn 0.000000 0.000000 1.000000
vn 0.000000 0.000000 1.000000
vn 0.000000 0.000000 1.000000
vn 0.000000 0.000000 1.000000
vn 0.000000 1.000000 0.000000
vn 0.000000 1.000000 0.000000
vn 0.000000 1.000000 0.000000
vn 0.000000 1.000000 0.000000
vn -1.000000 0.000000 0.000000
vn -1.000000 0.000000 0.000000
vn -1.000000 0.000000 0.000000
vn -1.000000 0.000000 0.000000
vn 0.000000 0.000000 1.000000
vn 0.000000 0.000000 1.000000
vn 0.000000 0.000000 1.000000
vn 0.000000 0.000000 1.000000
vn 1.000000 0.000000 0.000000
vn 1.000000 0.000000 0.000000
vn 1.000000 0.000000 0.000000
vn 1.000000 0.000000 0.000000
vn 0.472985 -0.000000 -0.881071
vn 0.472412 0.001279 -0.881377
vn 0.472496 0.001092 -0.881332
vn 0.472985 -0.000000 -0.881071
vn 0.472985 -0.000000 -0.881071
vn 0.000000 -1.000000 0.000000
vn 0.000000 -1.000000 0.000000
vn 0.000000 -1.000000 0.000000
vn 0.000000 -1.000000 0.000000
vn 0.999910 0.001793 -0.013299
vn 0.999910 0.001793 -0.013299
vn 0.999910 0.001793 -0.013299
vn 0.999910 0.001793 -0.013299
vn 0.000000 1.000000 0.000000
vn 0.000000 1.000000 0.000000
vn 0.000000 1.000000 0.000000
vn 0.000000 1.000000 0.000000
vn -0.999910 0.001793 -0.013300
vn -0.999910 0.001793 -0.013300
vn -0.999910 0.001793 -0.013300
vn -0.999910 0.001793 -0.013300
vn -0.472498 0.001093 -0.881331
vn -0.472414 0.001279 -0.881376
vn -0.472987 -0.000000 -0.881069
vn -0.472987 -0.000000 -0.881069
vn -0.472987 -0.000000 -0.881069
vn 0.000000 0.935863 -0.352365
vn 0.000000 0.935863 -0.352365
vn 0.000000 1.000000 0.000000
vn 0.000000 1.000000 0.000000
vn -0.341476 0.251248 -0.905687
vn -0.341476 0.251248 -0.905687
vn -0.683280 0.483156 0.547438
vn -0.683280 0.483156 0.547438
vn -0.683280 0.483156 0.547438
vn 0.341477 0.251253 -0.905685
vn 0.341477 0.251253 -0.905685
vn 0.683284 0.483168 0.547423
vn 0.683284 0.483168 0.547423
vn 0.683284 0.483168 0.547423
vn 0.207140 0.146474 -0.967284
vn -0.207140 0.146472 -0.967284
vn 0.577345 0.577361 0.577345
vn 0.577345 0.577361 0.577345
vn 0.577345 0.577361 0.577345
vn -0.577345 0.577360 0.577345
vn -0.577345 0.577360 0.577345
vn -0.577345 0.577360 0.577345
vn 0.927827 -0.029149 0.371869
vn 0.773393 -0.423501 0.471709
vn 0.865410 -0.500800 -0.016246
vn 0.998803 -0.045467 -0.018036
vn 0.427644 -0.769413 0.474472
vn 0.502942 -0.864241 -0.011696
vn 0.014266 -0.926218 0.376718
vn 0.022449 -0.999733 -0.005490
vn 0.062304 0.016607 0.997919
vn 0.062304 0.016607 0.997919
vn 0.062304 0.016607 0.997919
vn 0.062304 0.016607 0.997919
vn 0.045603 0.045391 0.997928
vn 0.045603 0.045391 0.997928
vn 0.045603 0.045391 0.997928
vn 0.045603 0.045391 0.997928
vn 0.021344 0.079311 0.996621
vn 0.021344 0.079311 0.996621
vn 0.021344 0.079311 0.996621
vn 0.021344 0.079311 0.996621
vn 0.014231 0.926269 0.376594
vn 0.428158 0.770277 0.472603
vn 0.502940 0.864241 -0.011784
vn 0.022447 0.999733 -0.005489
vn 0.774189 0.423971 0.469979
vn 0.865412 0.500796 -0.016329
vn 0.927907 0.029103 0.371674
vn 0.998803 0.045463 -0.018043
vn 0.021321 -0.079192 0.996631
vn 0.021321 -0.079192 0.996631
vn 0.021321 -0.079192 0.996631
vn 0.021321 -0.079192 0.996631
vn 0.045543 -0.045345 0.997933
vn 0.045543 -0.045345 0.997933
vn 0.045543 -0.045345 0.997933
vn 0.045543 -0.045345 0.997933
vn 0.062240 -0.016613 0.997923
vn 0.062240 -0.016613 0.997923
vn 0.062240 -0.016613 0.997923
vn 0.062240 -0.016613 0.997923
vn -0.346367 0.034199 -0.937476
vn -0.236560 0.153547 -0.959407
vn -0.254046 0.135261 -0.957687
vn -0.367772 0.009580 -0.929867
vn -0.153169 0.237344 -0.959274
vn -0.134389 0.255473 -0.957431
vn -0.018594 0.361546 -0.932169
vn -0.004157 0.374097 -0.927380
vn 0.909702 0.030680 -0.414126
vn 0.753000 0.417289 -0.508783
vn 0.864305 0.500009 -0.054480
vn 0.998037 0.044192 -0.044376
vn 0.413206 0.757161 -0.505933
vn 0.497558 0.865998 -0.049833
vn 0.013732 0.917392 -0.397748
vn 0.021125 0.999317 -0.030335
vn 0.013733 -0.916916 -0.398844
vn 0.412629 -0.756227 -0.507798
vn 0.497557 -0.865994 -0.049923
vn 0.021126 -0.999316 -0.030367
vn 0.752155 -0.416819 -0.510416
vn 0.864299 -0.500011 -0.054561
vn 0.909611 -0.030730 -0.414323
vn 0.998037 -0.044196 -0.044385
vn -0.018513 -0.360726 -0.932488
vn -0.153080 -0.237259 -0.959310
vn -0.134286 -0.255381 -0.957470
vn -0.004099 -0.373114 -0.927777
vn -0.236492 -0.153531 -0.959427
vn -0.253983 -0.135258 -0.957705
vn -0.346358 -0.034201 -0.937479
vn -0.367768 -0.009583 -0.929868
vn 0.018599 0.361526 -0.932176
vn 0.004158 0.374093 -0.927382
vn -0.013732 0.917393 -0.397746
vn -0.021125 0.999317 -0.030336
vn -0.022450 0.999733 -0.005492
vn -0.021124 -0.999316 -0.030367
vn -0.022447 -0.999733 -0.005490
vn -0.998038 -0.044194 -0.044345
vn -0.998803 -0.045463 -0.018045
vn -0.998803 0.045468 -0.018037
vn -0.998038 0.044194 -0.044346
vn -0.000013 0.104478 0.994527
vn -0.000013 0.104478 0.994527
vn -0.000013 0.104478 0.994527
vn -0.000013 0.104478 0.994527
vn -0.014228 -0.926264 0.376607
vn -0.069929 0.000014 0.997552
vn -0.069929 0.000014 0.997552
vn -0.069929 0.000014 0.997552
vn -0.069929 0.000014 0.997552
vn -0.927899 -0.029097 0.371694
vn -0.927818 0.029147 0.371892
vn 0.069930 -0.000014 0.997552
vn 0.069930 -0.000014 0.997552
vn 0.069930 -0.000014 0.997552
vn 0.069930 -0.000014 0.997552
vn -0.014262 0.926222 0.376708
vn 0.000013 -0.104478 0.994527
vn 0.000013 -0.104478 0.994527
vn 0.000013 -0.104478 0.994527
vn 0.000013 -0.104478 0.994527
vn 0.366835 0.009473 -0.930238
vn 0.345643 0.034069 -0.937747
vn 0.345112 -0.034167 -0.937939
vn 0.366676 -0.009632 -0.930299
vn -0.910130 0.030737 -0.413180
vn -0.910128 -0.030733 -0.413185
vn -0.013700 -0.916962 -0.398740
vn 0.004191 -0.373029 -0.927810
vn 0.018584 -0.360356 -0.932630
vn 0.000000 0.000000 1.000000
vn 0.000000 0.000000 1.000000
vn 0.000000 0.000000 1.000000
vn 0.000000 0.000000 1.000000
vn 0.000000 0.000000 1.000000
vn 0.000000 0.000000 1.000000
vn 0.000000 0.000000 1.000000
vn 0.000000 0.000000 1.000000
vn 0.000000 0.000000 1.000000
vn 0.000000 0.000000 1.000000
vn 0.000000 0.000000 1.000000
vn 0.000000 0.000000 1.000000
vn 0.000000 0.000000 1.000000
vn 0.000000 0.000000 1.000000
vn 0.000000 0.000000 1.000000
vn 0.000000 0.000000 1.000000
vn -0.062240 0.016613 0.997923
vn -0.062240 0.016613 0.997923
vn -0.062240 0.016613 0.997923
vn -0.062240 0.016613 0.997923
vn -0.045541 0.045344 0.997933
vn -0.045541 0.045344 0.997933
vn -0.045541 0.045344 0.997933
vn -0.045541 0.045344 0.997933
vn -0.021320 0.079191 0.996632
vn -0.021320 0.079191 0.996632
vn -0.021320 0.079191 0.996632
vn -0.021320 0.079191 0.996632
vn -0.774175 -0.423949 0.470022
vn -0.865412 -0.500796 -0.016327
vn -0.428146 -0.770256 0.472650
vn -0.502942 -0.864240 -0.011782
vn -0.021343 -0.079309 0.996622
vn -0.021343 -0.079309 0.996622
vn -0.021343 -0.079309 0.996622
vn -0.021343 -0.079309 0.996622
vn -0.045602 -0.045390 0.997928
vn -0.045602 -0.045390 0.997928
vn -0.045602 -0.045390 0.997928
vn -0.045602 -0.045390 0.997928
vn -0.062303 -0.016607 0.997919
vn -0.062303 -0.016607 0.997919
vn -0.062303 -0.016607 0.997919
vn -0.062303 -0.016607 0.997919
vn -0.427625 0.769395 0.474518
vn -0.502944 0.864240 -0.011694
vn -0.773367 0.423486 0.471766
vn -0.865410 0.500801 -0.016244
vn -0.753121 0.417382 -0.508529
vn -0.864305 0.500010 -0.054469
vn -0.413231 0.757208 -0.505842
vn -0.497559 0.865998 -0.049828
vn 0.253868 0.135071 -0.957761
vn 0.236397 0.153378 -0.959475
vn 0.134373 0.255341 -0.957468
vn 0.153132 0.237203 -0.959315
vn 0.133702 -0.254177 -0.957872
vn 0.152385 -0.236136 -0.959697
vn 0.252782 -0.134638 -0.958109
vn 0.235364 -0.152820 -0.959818
vn -0.413167 -0.757125 -0.506019
vn -0.497558 -0.865998 -0.049836
vn -0.753079 -0.417358 -0.508611
vn -0.864304 -0.500011 -0.054474
vn 0.964840 0.257017 -0.055022
vn 0.964840 0.257017 -0.055022
vn 0.964839 0.257017 -0.055022
vn 0.964840 0.257017 -0.055022
vn 0.707896 0.704403 -0.051959
vn 0.707896 0.704403 -0.051959
vn 0.707896 0.704403 -0.051959
vn 0.707896 0.704403 -0.051959
vn 0.259681 0.964921 -0.038635
vn 0.259681 0.964921 -0.038635
vn 0.259680 0.964921 -0.038635
vn 0.259681 0.964922 -0.038635
vn -0.000198 0.999562 -0.029600
vn -0.000198 0.999562 -0.029600
vn -0.000198 0.999562 -0.029600
vn -0.000198 0.999562 -0.029600
vn -0.259808 0.964888 -0.038620
vn -0.259808 0.964888 -0.038620
vn -0.259808 0.964888 -0.038620
vn -0.259808 0.964888 -0.038620
vn -0.707677 0.704625 -0.051933
vn -0.707677 0.704625 -0.051933
vn -0.707677 0.704625 -0.051933
vn -0.707677 0.704625 -0.051933
vn -0.964682 0.257610 -0.055009
vn -0.964682 0.257610 -0.055009
vn -0.964682 0.257610 -0.055009
vn -0.964682 0.257610 -0.055009
vn -0.998602 0.000353 -0.052868
vn -0.998601 0.000353 -0.052868
vn -0.998601 0.000353 -0.052868
vn -0.998601 0.000353 -0.052868
vn -0.964838 -0.257022 -0.055022
vn -0.964838 -0.257022 -0.055022
vn -0.964838 -0.257022 -0.055022
vn -0.964838 -0.257022 -0.055022
vn -0.707895 -0.704404 -0.051960
vn -0.707895 -0.704404 -0.051960
vn -0.707895 -0.704404 -0.051960
vn -0.707895 -0.704404 -0.051960
vn -0.259681 -0.964921 -0.038634
vn -0.259681 -0.964921 -0.038634
vn -0.259681 -0.964921 -0.038634
vn -0.259681 -0.964921 -0.038634
vn 0.000198 -0.999562 -0.029599
vn 0.000198 -0.999562 -0.029599
vn 0.000198 -0.999562 -0.029599
vn 0.000198 -0.999562 -0.029599
vn 0.259820 -0.964884 -0.038620
vn 0.259821 -0.964884 -0.038620
vn 0.259821 -0.964884 -0.038620
vn 0.259820 -0.964884 -0.038620
vn 0.707687 -0.704615 -0.051933
vn 0.707687 -0.704615 -0.051933
vn 0.707687 -0.704615 -0.051933
vn 0.707687 -0.704615 -0.051933
vn 0.964686 -0.257596 -0.055009
vn 0.964686 -0.257596 -0.055009
vn 0.964686 -0.257596 -0.055009
vn 0.964686 -0.257596 -0.055009
vn 0.998601 -0.000354 -0.052867
vn 0.998601 -0.000354 -0.052867
vn 0.998601 -0.000354 -0.052867
vn 0.998601 -0.000354 -0.052867
vn 0.000000 0.000000 -1.000000
vn 0.000000 0.000000 -1.000000
vn 0.000000 0.000000 -1.000000
vn 0.000000 0.000000 -1.000000
vn 0.000000 0.000000 -0.000000
vn 0.000000 0.000000 -0.000000
vn 0.000000 0.000000 -1.000000
vn 0.000000 0.000000 -1.000000
vn 0.000000 0.000000 -1.000000
vn 0.000000 0.000000 -1.000000
vn 0.000000 0.000000 -1.000000
vn 0.000000 0.000000 -1.000000
vn 0.000000 0.000000 -1.000000
vn 0.000000 0.000000 -1.000000
vn 0.000000 0.000000 -1.000000
vn 0.000000 0.000000 -1.000000
vn 0.000000 0.000000 -1.000000
vn 0.000000 0.000000 -1.000000
vn 0.000000 0.000000 -1.000000
vn 0.000000 0.000000 -1.000000
vn 0.000000 0.000000 -1.000000
vn 0.000000 0.000000 -1.000000
vn 0.000000 0.000000 -1.000000
vn 0.000000 0.000000 -1.000000
vn 0.000000 0.000000 -1.000000
vn 0.000000 0.000000 -1.000000
vn 0.000000 0.000000 -1.000000
vn 0.000000 0.000000 -1.000000
vn 0.000000 0.000000 -1.000000
vn 0.000000 0.000000 -1.000000
vn 0.000000 0.000000 -1.000000
vn 0.000000 0.000000 -1.000000
vn 0.000000 0.000000 -1.000000
vn 0.000000 0.000000 -1.000000
vn 0.000000 0.000000 -1.000000
vn 0.000000 0.000000 -1.000000
vn 0.000000 0.000000 -1.000000
vn 0.000000 0.000000 -1.000000
vn 0.000000 0.000000 -1.000000
vn 0.000000 0.000000 -1.000000
vn 0.000000 0.000000 -1.000000
vn 0.000000 0.000000 -1.000000
vn 0.000000 0.000000 -1.000000
vn 0.000000 0.000000 -1.000000
vn 0.000000 0.000000 -1.000000
vn 0.000000 0.000000 -1.000000
vn 0.000000 0.000000 -1.000000
vn 0.000000 0.000000 -1.000000
vn 0.000000 0.000000 -1.000000
vn 0.000000 0.000000 -1.000000
vn 0.000000 0.000000 -1.000000
vn 0.000000 0.000000 -1.000000
vn 0.960097 0.255601 0.113500
vn 0.960097 0.255601 0.113500
vn 0.960097 0.255601 0.113500
vn 0.960097 0.255601 0.113500
vn 0.704920 0.701019 0.107986
vn 0.704920 0.701019 0.107986
vn 0.704920 0.701019 0.107986
vn 0.704920 0.701019 0.107986
vn 0.259160 0.962409 0.081279
vn 0.259160 0.962409 0.081279
vn 0.259160 0.962408 0.081278
vn 0.259160 0.962408 0.081279
vn -0.000198 0.998026 0.062806
vn -0.000198 0.998026 0.062806
vn -0.000198 0.998026 0.062806
vn -0.000198 0.998026 0.062806
vn -0.259287 0.962377 0.081247
vn -0.259287 0.962377 0.081247
vn -0.259287 0.962377 0.081247
vn -0.259287 0.962377 0.081247
vn -0.704706 0.701242 0.107932
vn -0.704706 0.701242 0.107932
vn -0.704706 0.701242 0.107932
vn -0.704706 0.701242 0.107932
vn -0.959942 0.256193 0.113475
vn -0.959942 0.256193 0.113475
vn -0.959942 0.256193 0.113475
vn -0.959942 0.256193 0.113475
vn -0.994060 0.000352 0.108836
vn -0.994060 0.000352 0.108836
vn -0.994060 0.000352 0.108836
vn -0.994060 0.000352 0.108836
vn -0.960095 -0.255607 0.113499
vn -0.960095 -0.255607 0.113499
vn -0.960095 -0.255607 0.113499
vn -0.960095 -0.255607 0.113499
vn -0.704920 -0.701019 0.107985
vn -0.704920 -0.701019 0.107985
vn -0.704920 -0.701019 0.107985
vn -0.704920 -0.701019 0.107985
vn -0.259158 -0.962409 0.081278
vn -0.259158 -0.962409 0.081278
vn -0.259158 -0.962409 0.081278
vn -0.259158 -0.962409 0.081278
vn 0.000198 -0.998026 0.062805
vn 0.000198 -0.998026 0.062805
vn 0.000198 -0.998026 0.062805
vn 0.000198 -0.998026 0.062805
vn 0.259302 -0.962373 0.081247
vn 0.259302 -0.962373 0.081247
vn 0.259302 -0.962373 0.081247
vn 0.259302 -0.962373 0.081247
vn 0.704714 -0.701234 0.107931
vn 0.704714 -0.701234 0.107931
vn 0.704714 -0.701234 0.107931
vn 0.704714 -0.701234 0.107931
vn 0.959946 -0.256178 0.113474
vn 0.959946 -0.256178 0.113474
vn 0.959946 -0.256178 0.113474
vn 0.959946 -0.256178 0.113474
vn 0.994060 -0.000352 0.108836
vn 0.994060 -0.000352 0.108836
vn 0.994060 -0.000352 0.108836
vn 0.994060 -0.000352 0.108836
vn 0.949017 -0.065465 -0.308352
vn 0.807283 -0.065465 -0.586523
vn 0.807283 -0.065465 -0.586523
vn 0.949017 -0.065465 -0.308352
vn 0.586524 -0.065465 -0.807282
vn 0.586524 -0.065465 -0.807282
vn 0.308352 -0.065466 -0.949017
vn 0.308352 -0.065466 -0.949017
vn -0.000000 -0.065466 -0.997855
vn 0.000000 -0.065466 -0.997855
vn -0.308354 -0.065466 -0.949017
vn -0.308354 -0.065466 -0.949017
vn -0.586525 -0.065465 -0.807281
vn -0.586525 -0.065465 -0.807281
vn -0.807284 -0.065465 -0.586521
vn -0.807284 -0.065465 -0.586521
vn -0.949017 -0.065465 -0.308354
vn -0.949017 -0.065465 -0.308354
vn -0.997855 -0.065465 0.000000
vn -0.997855 -0.065465 0.000000
vn -0.949016 -0.065465 0.308354
vn -0.949016 -0.065465 0.308354
vn -0.807286 -0.065465 0.586518
vn -0.807286 -0.065465 0.586518
vn -0.586525 -0.065465 0.807281
vn -0.586525 -0.065465 0.807281
vn -0.308348 -0.065465 0.949019
vn -0.308348 -0.065465 0.949018
vn -0.000000 -0.065466 0.997855
vn 0.000000 -0.065466 0.997855
vn 0.308350 -0.065466 0.949018
vn 0.308350 -0.065466 0.949018
vn 0.586526 -0.065465 0.807280
vn 0.586526 -0.065465 0.807280
vn 0.807283 -0.065465 0.586523
vn 0.807283 -0.065465 0.586523
vn 0.949017 -0.065465 0.308353
vn 0.949017 -0.065465 0.308353
vn 0.997855 -0.065465 0.000000
vn 0.997855 -0.065465 0.000000
vn 0.949017 -0.065465 -0.308351
vn 0.807284 -0.065465 -0.586521
vn 0.807284 -0.065465 -0.586521
vn 0.949017 -0.065465 -0.308351
vn 0.586518 -0.065466 -0.807286
vn 0.586518 -0.065466 -0.807286
vn 0.308353 -0.065465 -0.949017
vn 0.308353 -0.065465 -0.949017
vn 0.000006 -0.065466 -0.997855
vn 0.000006 -0.065466 -0.997855
vn -0.308358 -0.065465 -0.949015
vn -0.308358 -0.065465 -0.949015
vn -0.586524 -0.065465 -0.807281
vn -0.586524 -0.065465 -0.807281
vn -0.807284 -0.065465 -0.586521
vn -0.807284 -0.065465 -0.586521
vn -0.949016 -0.065465 -0.308355
vn -0.949016 -0.065465 -0.308355
vn -0.997855 -0.065465 -0.000000
vn -0.997855 -0.065465 -0.000000
vn -0.949016 -0.065466 0.308355
vn -0.949016 -0.065465 0.308355
vn -0.807284 -0.065465 0.586521
vn -0.807284 -0.065465 0.586521
vn -0.586528 -0.065465 0.807279
vn -0.586528 -0.065465 0.807279
vn -0.308352 -0.065465 0.949017
vn -0.308352 -0.065465 0.949017
vn 0.000006 -0.065465 0.997855
vn 0.000006 -0.065465 0.997855
vn 0.308359 -0.065465 0.949015
vn 0.308359 -0.065465 0.949015
vn 0.586526 -0.065465 0.807280
vn 0.586526 -0.065465 0.807280
vn 0.807281 -0.065465 0.586525
vn 0.807281 -0.065465 0.586525
vn 0.949016 -0.065466 0.308355
vn 0.949016 -0.065466 0.308355
vn 0.997855 -0.065465 0.000002
vn 0.997855 -0.065465 0.000002
vn 0.949017 -0.065465 -0.308353
vn 0.807280 -0.065466 -0.586526
vn 0.807280 -0.065466 -0.586526
vn 0.949017 -0.065465 -0.308353
vn 0.586523 -0.065466 -0.807283
vn 0.586523 -0.065466 -0.807283
vn 0.308353 -0.065465 -0.949017
vn 0.308353 -0.065465 -0.949017
vn -0.000000 -0.065465 -0.997855
vn -0.000000 -0.065465 -0.997855
vn -0.308353 -0.065465 -0.949017
vn -0.308353 -0.065465 -0.949017
vn -0.586519 -0.065466 -0.807285
vn -0.586519 -0.065466 -0.807286
vn -0.807280 -0.065466 -0.586526
vn -0.807280 -0.065466 -0.586526
vn -0.949018 -0.065465 -0.308351
vn -0.949018 -0.065465 -0.308351
vn -0.997855 -0.065466 -0.000000
vn -0.997855 -0.065466 0.000000
vn -0.949016 -0.065466 0.308355
vn -0.949016 -0.065466 0.308355
vn -0.807280 -0.065466 0.586526
vn -0.807280 -0.065466 0.586526
vn -0.586525 -0.065465 0.807281
vn -0.586525 -0.065465 0.807281
vn -0.308356 -0.065465 0.949016
vn -0.308356 -0.065465 0.949016
vn 0.000000 -0.065465 0.997855
vn 0.000000 -0.065465 0.997855
vn 0.308351 -0.065465 0.949018
vn 0.308351 -0.065465 0.949018
vn 0.586525 -0.065465 0.807281
vn 0.586525 -0.065465 0.807281
vn 0.807284 -0.065465 0.586520
vn 0.807284 -0.065465 0.586520
vn 0.949016 -0.065466 0.308355
vn 0.949016 -0.065465 0.308355
vn 0.997855 -0.065465 0.000001
vn 0.997855 -0.065465 0.000001
vn 0.949016 -0.065465 -0.308354
vn 0.807282 -0.065465 -0.586524
vn 0.807282 -0.065465 -0.586524
vn 0.949016 -0.065465 -0.308354
vn 0.586525 -0.065466 -0.807281
vn 0.586525 -0.065466 -0.807281
vn 0.308353 -0.065466 -0.949017
vn 0.308353 -0.065466 -0.949017
vn -0.000000 -0.065465 -0.997855
vn 0.000000 -0.065465 -0.997855
vn -0.308353 -0.065466 -0.949017
vn -0.308353 -0.065465 -0.949017
vn -0.586525 -0.065465 -0.807281
vn -0.586525 -0.065465 -0.807281
vn -0.807282 -0.065465 -0.586523
vn -0.807282 -0.065465 -0.586523
vn -0.949017 -0.065465 -0.308353
vn -0.949017 -0.065465 -0.308353
vn -0.997855 -0.065466 -0.000000
vn -0.997855 -0.065466 0.000000
vn -0.949016 -0.065465 0.308354
vn -0.949016 -0.065465 0.308354
vn -0.807282 -0.065465 0.586523
vn -0.807282 -0.065465 0.586523
vn -0.586525 -0.065466 0.807281
vn -0.586525 -0.065466 0.807281
vn -0.308351 -0.065466 0.949017
vn -0.308351 -0.065466 0.949017
vn 0.000003 -0.065466 0.997855
vn 0.000003 -0.065466 0.997855
vn 0.308353 -0.065465 0.949017
vn 0.308353 -0.065465 0.949017
vn 0.586523 -0.065466 0.807283
vn 0.586523 -0.065466 0.807282
vn 0.807283 -0.065465 0.586523
vn 0.807283 -0.065465 0.586523
vn 0.949016 -0.065465 0.308354
vn 0.949016 -0.065465 0.308354
vn 0.997855 -0.065466 0.000002
vn 0.997855 -0.065466 0.000002
vn -0.043109 -0.994149 0.099045
vn -0.373944 -0.923626 0.084142
vn -0.373944 -0.923626 -0.084143
vn -0.043109 -0.994149 -0.099045
vn -0.704878 -0.704879 0.079323
vn -0.704878 -0.704879 -0.079323
vn -0.923644 -0.373901 0.084146
vn -0.923644 -0.373901 -0.084146
vn -0.995132 -0.039940 0.090091
vn -0.995132 -0.039940 -0.090091
vn -0.040315 -0.042718 0.998273
vn -0.037032 -0.379129 0.924603
vn 0.037032 -0.379129 0.924603
vn 0.040315 -0.042718 0.998273
vn -0.034516 -0.706686 0.706685
vn 0.034516 -0.706686 0.706685
vn -0.037030 -0.924585 0.379171
vn 0.037030 -0.924585 0.379171
vn 0.043109 -0.994149 0.099045
vn 0.995132 -0.039938 0.090091
vn 0.923644 -0.373901 0.084147
vn 0.923644 -0.373900 -0.084147
vn 0.995132 -0.039938 -0.090091
vn 0.704878 -0.704879 0.079324
vn 0.704878 -0.704879 -0.079324
vn 0.373944 -0.923627 0.084143
vn 0.373944 -0.923627 -0.084143
vn 0.043109 -0.994149 -0.099045
vn 0.786298 0.615965 -0.048188
vn 0.589171 0.807184 -0.036483
vn 0.589171 0.807184 0.036483
vn 0.786298 0.615965 0.048188
vn 0.000000 1.000000 0.000000
vn 0.000000 1.000000 0.000000
vn 0.000000 1.000000 0.000000
vn 0.000000 1.000000 0.000000
vn 0.000000 1.000000 -0.000000
vn 0.000000 1.000000 -0.000000
vn 0.000000 1.000000 0.000000
vn 0.015409 0.785708 -0.618406
vn -0.015409 0.785708 -0.618406
vn 0.024034 0.567382 -0.823104
vn -0.024034 0.567382 -0.823104
vn 0.000000 1.000000 0.000001
vn 0.000000 1.000000 -0.000000
vn 0.000000 1.000000 0.000000
vn -0.589172 0.807184 -0.036485
vn -0.589172 0.807184 0.036485
vn -0.786297 0.615966 -0.048191
vn -0.786297 0.615966 0.048191
vn 0.024034 0.567382 0.823104
vn 0.015408 0.785708 0.618405
vn -0.015408 0.785708 0.618405
vn -0.024034 0.567382 0.823104
vn 0.000000 1.000000 0.000000
vn 0.000000 1.000000 0.000000
vn -0.037030 -0.924585 -0.379172
vn 0.037030 -0.924585 -0.379171
vn -0.034516 -0.706686 -0.706685
vn 0.034516 -0.706686 -0.706685
vn -0.037032 -0.379128 -0.924603
vn 0.037032 -0.379128 -0.924603
vn -0.040315 -0.042718 -0.998274
vn 0.040315 -0.042718 -0.998273
vn -0.928466 -0.036470 0.369621
vn -0.878789 -0.337410 0.337467
vn -0.673147 -0.673143 0.306189
vn -0.337462 -0.878772 0.337461
vn -0.306190 -0.673143 0.673147
vn -0.337469 -0.337411 0.878788
vn -0.369880 -0.038014 0.928302
vn -0.707219 -0.036272 0.706064
vn -0.673159 -0.306133 0.673157
vn -0.577352 -0.577346 0.577352
vn 0.337461 -0.878772 0.337461
vn 0.673147 -0.673143 0.306190
vn 0.878789 -0.337410 0.337467
vn 0.928467 -0.036469 0.369621
vn 0.707219 -0.036271 0.706064
vn 0.673158 -0.306133 0.673157
vn 0.369879 -0.038014 0.928302
vn 0.337468 -0.337411 0.878789
vn 0.306190 -0.673143 0.673147
vn 0.577352 -0.577347 0.577352
vn 0.000000 1.000000 -0.000000
vn 0.599230 0.780017 -0.180268
vn 0.769907 0.594181 -0.232794
vn 0.249285 0.557162 -0.792103
vn 0.179863 0.763935 -0.619720
vn 0.488420 0.716020 -0.498759
vn 0.586356 0.575267 -0.570311
vn -0.769907 0.594179 -0.232796
vn -0.599231 0.780017 -0.180269
vn 0.000000 1.000000 0.000000
vn -0.179863 0.763936 -0.619719
vn -0.249285 0.557163 -0.792103
vn -0.586356 0.575266 -0.570311
vn -0.488420 0.716021 -0.498759
vn 0.769907 0.594181 0.232795
vn 0.599230 0.780017 0.180268
vn 0.000000 1.000000 0.000001
vn 0.179863 0.763934 0.619721
vn 0.249285 0.557162 0.792103
vn 0.586356 0.575267 0.570311
vn 0.488421 0.716020 0.498759
vn -0.249285 0.557162 0.792103
vn -0.179863 0.763935 0.619720
vn 0.000000 1.000000 -0.000000
vn -0.599231 0.780016 0.180269
vn -0.769907 0.594180 0.232796
vn -0.586356 0.575267 0.570311
vn -0.488421 0.716021 0.498758
vn -0.337462 -0.878771 -0.337462
vn -0.673147 -0.673143 -0.306189
vn -0.878789 -0.337410 -0.337468
vn -0.928466 -0.036470 -0.369622
vn -0.707218 -0.036271 -0.706064
vn -0.673158 -0.306133 -0.673158
vn -0.369879 -0.038014 -0.928302
vn -0.337469 -0.337410 -0.878789
vn -0.306190 -0.673142 -0.673147
vn -0.577352 -0.577347 -0.577352
vn 0.928466 -0.036469 -0.369622
vn 0.878789 -0.337410 -0.337468
vn 0.673147 -0.673143 -0.306190
vn 0.337461 -0.878771 -0.337462
vn 0.306190 -0.673142 -0.673147
vn 0.337468 -0.337410 -0.878789
vn 0.369879 -0.038014 -0.928302
vn 0.707218 -0.036271 -0.706064
vn 0.673158 -0.306134 -0.673158
vn 0.577352 -0.577347 -0.577352
vn 0.031141 0.302849 -0.952530
vn -0.031174 0.302631 -0.952598
vn -0.026805 0.336087 -0.941450
vn 0.026803 0.336088 -0.941449
vn -0.031142 0.302850 0.952529
vn 0.031174 0.302632 0.952597
vn 0.026804 0.336085 0.941450
vn -0.026803 0.336086 0.941450
vn -0.955444 0.282130 0.086776
vn -0.955510 0.281921 -0.086719
vn -0.038616 0.291727 0.955722
vn 0.038919 0.292777 0.955388
vn 0.955510 0.281923 0.086719
vn 0.955443 0.282132 -0.086777
vn -0.038918 0.292778 -0.955388
vn 0.038615 0.291728 -0.955721
vn -0.899174 0.259622 0.352253
vn -0.687338 0.245802 0.683482
vn -0.356370 0.252779 0.899502
vn 0.898677 0.260914 0.352567
vn 0.356302 0.259187 0.897703
vn 0.685899 0.251038 0.683025
vn -0.356303 0.259185 -0.897704
vn -0.685899 0.251034 -0.683026
vn -0.898678 0.260911 -0.352568
vn 0.899173 0.259626 -0.352252
vn 0.687338 0.245806 -0.683481
vn 0.356368 0.252782 -0.899502
vn 0.000070 -0.781037 -0.624485
vn -0.065398 -0.510536 -0.857366
vn -0.000263 -0.779923 -0.625876
vn 0.000070 -0.781037 -0.624485
vn -0.000017 -0.999998 0.001995
vn -0.009319 -0.998078 -0.061260
vn -0.000024 -0.999998 0.001952
vn -0.000017 -0.999998 0.001995
vn -0.844372 0.531066 0.070740
vn -0.844764 0.530469 -0.070544
vn -0.239149 0.970779 0.019887
vn -0.160550 0.986934 0.013628
vn -0.160278 0.986983 -0.013241
vn -0.239880 0.970606 -0.019552
vn -0.795886 0.520479 -0.309302
vn -0.164730 0.983803 -0.070681
vn -0.223113 0.970321 -0.093265
vn -0.030123 0.536677 0.843250
vn -0.292390 0.496301 0.817431
vn -0.005853 0.966464 0.256736
vn -0.004555 0.970022 0.242976
vn -0.061615 0.974975 0.213606
vn -0.103386 0.962808 0.249623
vn 0.007807 0.967526 0.252649
vn 0.007715 0.967525 0.252657
vn 0.031165 0.539740 0.841255
vn 0.844768 0.530462 0.070546
vn 0.795886 0.520478 0.309302
vn 0.239877 0.970607 0.019552
vn 0.160278 0.986983 0.013240
vn 0.164730 0.983803 0.070682
vn 0.223113 0.970321 0.093264
vn 0.239148 0.970780 -0.019887
vn 0.160551 0.986934 -0.013628
vn 0.844375 0.531063 -0.070741
vn -0.031165 0.539740 -0.841255
vn 0.030123 0.536678 -0.843249
vn -0.005616 0.977280 -0.211876
vn -0.005566 0.977288 -0.211840
vn 0.003258 0.977610 -0.210399
vn 0.003804 0.976447 -0.215724
vn 0.292389 0.496305 -0.817429
vn 0.056285 0.976459 -0.208232
vn 0.100066 0.964750 -0.243402
vn -0.228006 0.969280 0.092250
vn -0.165252 0.983923 0.067727
vn -0.798384 0.517098 0.308534
vn -0.182949 0.966431 0.180388
vn -0.133386 0.979062 0.153769
vn -0.601513 0.497868 0.624748
vn 0.592569 0.513613 0.620536
vn 0.127359 0.979565 0.155663
vn 0.168729 0.970280 0.173459
vn 0.094642 0.969003 0.228203
vn 0.075741 0.968950 0.235371
vn 0.289518 0.514415 0.807191
vn -0.091143 0.970669 -0.222474
vn -0.069213 0.971968 -0.224693
vn -0.289519 0.514408 -0.807195
vn -0.168728 0.970280 -0.173457
vn -0.127359 0.979566 -0.155660
vn -0.592573 0.513604 -0.620539
vn 0.228007 0.969279 -0.092251
vn 0.165251 0.983923 -0.067725
vn 0.798383 0.517101 -0.308532
vn 0.182949 0.966431 -0.180389
vn 0.133385 0.979063 -0.153767
vn 0.601510 0.497874 -0.624745
vn 0.887505 0.456289 -0.064307
vn 0.887420 0.456303 -0.065366
vn 0.631047 0.740484 -0.231219
vn 0.831070 0.464703 -0.305572
vn 0.887504 0.456291 0.064304
vn 0.887419 0.456306 0.065365
vn 0.837822 0.450815 0.307928
vn 0.832022 0.462822 0.305834
vn 0.038426 0.241494 -0.969641
vn -0.038773 0.239993 -0.970000
vn 0.326610 0.386631 -0.862463
vn 0.331601 0.394218 -0.857108
vn -0.332348 0.386505 -0.860325
vn -0.327139 0.384783 -0.863089
vn -0.887491 0.456316 -0.064304
vn -0.887407 0.456330 -0.065364
vn -0.887409 0.456326 0.065365
vn -0.887493 0.456312 0.064306
vn -0.837820 0.450818 -0.307929
vn -0.832016 0.462832 -0.305837
vn -0.631041 0.740490 0.231218
vn -0.831068 0.464706 0.305573
vn 0.038773 0.240000 0.969998
vn 0.332346 0.386516 0.860321
vn 0.327136 0.384787 0.863088
vn -0.038427 0.241501 0.969639
vn -0.326608 0.386630 0.862464
vn -0.331602 0.394223 0.857104
vn 0.510648 0.703130 -0.494820
vn 0.620617 0.457191 -0.637033
vn -0.640172 0.438428 -0.630841
vn -0.640063 0.452457 -0.620969
vn 0.640173 0.438430 0.630839
vn 0.640064 0.452461 0.620964
vn -0.620615 0.457189 0.637036
vn -0.510641 0.703137 0.494817
vn 0.895720 0.439665 0.066189
vn 0.895720 0.439665 -0.066188
vn 0.895847 0.439638 -0.064625
vn 0.895847 0.439638 0.064625
vn -0.895723 0.439658 -0.066191
vn -0.895722 0.439660 0.066190
vn -0.895850 0.439633 0.064627
vn -0.895850 0.439632 -0.064627
vn 0.839990 0.446346 -0.308533
vn 0.839840 0.446343 -0.308943
vn 0.304596 0.383356 -0.871929
vn 0.646764 0.433677 -0.627392
vn 0.629722 0.431708 -0.645816
vn -0.839840 0.446343 -0.308945
vn -0.304592 0.383351 -0.871932
vn -0.629724 0.431708 -0.645815
vn 0.839841 0.446343 0.308943
vn 0.304590 0.383352 0.871933
vn 0.629723 0.431708 0.645815
vn -0.304596 0.383353 0.871930
vn -0.839989 0.446346 0.308535
vn -0.839840 0.446343 0.308945
vn -0.646763 0.433675 0.627394
vn -0.629721 0.431707 0.645817
vn 0.140719 0.990013 -0.008517
vn 0.140690 0.990017 0.008589
vn -0.140723 0.990012 0.008517
vn -0.140695 0.990016 -0.008591
vn 0.059367 0.749006 -0.659898
vn 0.076489 0.957239 -0.279003
vn -0.129305 0.990606 -0.044490
vn -0.111642 -0.245753 -0.962882
vn -0.107633 0.990089 -0.090215
vn 0.129304 0.990606 0.044491
vn -0.026809 -0.983262 -0.180212
vn 0.107637 0.990087 0.090233
vn -0.026759 0.983356 0.179710
vn -0.068081 0.987427 0.142660
vn 0.898602 0.025665 0.438013
vn 0.827229 -0.029113 -0.561111
vn 0.810461 -0.030451 -0.585001
vn 0.911781 0.024156 0.409967
vn -0.086766 -0.054569 -0.994733
vn -0.084994 -0.054574 -0.994886
vn -0.911790 -0.024155 -0.409947
vn -0.898604 -0.025665 -0.438010
vn -0.810461 0.030455 0.585001
vn -0.827232 0.029116 0.561105
vn 0.084992 0.054573 0.994886
vn 0.086751 0.054569 0.994734
vn 0.900452 0.007718 0.434886
vn 0.824958 -0.018024 -0.564907
vn 0.825886 -0.017992 -0.563550
vn 0.900150 0.007736 0.435511
vn -0.088586 -0.025861 -0.995733
vn -0.087337 -0.025869 -0.995843
vn -0.910816 -0.007377 -0.412747
vn -0.910979 -0.007367 -0.412387
vn -0.813951 0.018042 0.580653
vn -0.812881 0.018076 0.582150
vn 0.083398 0.025278 0.996196
vn 0.084539 0.025272 0.996100
vn 0.896506 0.025562 0.442293
vn 0.825927 -0.073988 -0.558901
vn 0.810143 -0.075912 -0.581296
vn 0.913625 0.021533 0.405987
vn -0.092951 -0.098025 -0.990834
vn -0.080305 -0.098401 -0.991901
vn -0.914327 -0.021365 -0.404414
vn -0.897271 -0.025395 -0.440750
vn -0.810137 0.075900 0.581307
vn -0.825938 0.073973 0.558886
vn 0.078567 0.098450 0.992036
vn 0.091246 0.098074 0.990987
vn 0.906319 0.016247 0.422281
vn 0.819693 -0.043030 -0.571184
vn 0.819748 -0.035275 -0.571637
vn 0.907241 0.020037 0.420134
vn -0.084969 -0.059367 -0.994613
vn -0.082829 -0.055475 -0.995019
vn -0.905335 -0.016389 -0.424382
vn -0.904455 -0.020362 -0.426082
vn -0.819693 0.043021 0.571185
vn -0.819748 0.035236 0.571640
vn 0.087295 0.059321 0.994415
vn 0.089389 0.055435 0.994453
vn 0.819583 -0.009673 -0.572880
vn 0.909106 0.032841 0.415269
vn -0.078271 -0.042460 -0.996028
vn -0.902362 -0.033281 -0.429692
vn -0.819575 0.009376 0.572895
vn 0.094137 0.042715 0.994642
vn 0.817764 0.039228 -0.574216
vn 0.911274 0.057925 0.407705
vn -0.071681 -0.017047 -0.997282
vn -0.898148 -0.057540 -0.435913
vn -0.817691 -0.040452 0.574234
vn 0.102630 0.018793 0.994542
vn 0.810302 0.121072 -0.573370
vn 0.912067 0.101385 0.397309
vn -0.063837 0.026955 -0.997596
vn -0.889112 -0.097081 -0.447276
vn -0.809806 -0.124990 0.573229
vn 0.118377 -0.020237 0.992763
vn 0.788055 0.245691 -0.564451
vn 0.906419 0.170762 0.386323
vn -0.058951 0.097132 -0.993524
vn -0.870122 -0.154770 -0.467904
vn -0.785541 -0.256252 0.563259
vn 0.147145 -0.077183 0.986099
vn 0.732607 0.420787 -0.535000
vn 0.882773 0.274487 0.381272
vn -0.067530 0.202009 -0.977053
vn -0.831888 -0.229943 -0.505062
vn -0.722236 -0.445497 0.529063
vn 0.198893 -0.151329 0.968267
vn 0.617342 0.634021 -0.465732
vn 0.820795 0.406581 0.401232
vn -0.114190 0.335270 -0.935177
vn -0.767035 -0.314940 -0.558990
vn -0.584784 -0.678031 0.445311
vn 0.276025 -0.235383 0.931883
vn 0.439201 0.826816 -0.351394
vn 0.716933 0.519842 0.464513
vn -0.214921 0.448769 -0.867419
vn -0.685221 -0.395280 -0.611740
vn -0.384647 -0.867509 0.315395
vn 0.357646 -0.315734 0.878864
vn 0.246361 0.943247 -0.222690
vn 0.608304 0.571420 0.550859
vn -0.335839 0.499407 -0.798626
vn -0.606761 -0.456207 -0.650935
vn -0.202211 -0.960194 0.192713
vn 0.424435 -0.377567 0.822981
vn 0.060929 0.993549 -0.095642
vn 0.505041 0.592650 0.627455
vn -0.444234 0.520250 -0.729381
vn -0.531188 -0.478188 -0.699411
vn -0.030603 -0.996744 0.074593
vn 0.496978 -0.399774 0.770191
vn -0.200623 0.975681 0.088297
vn 0.334477 0.605629 0.722038
vn -0.592244 0.534946 -0.602562
vn -0.430832 -0.433170 -0.791674
vn 0.254331 -0.958772 -0.126771
vn 0.615757 -0.353346 0.704265
vn -0.507086 0.801589 0.316730
vn 0.113720 0.519326 0.846976
vn -0.779560 0.450966 -0.434645
vn -0.306760 -0.403243 -0.862145
vn 0.489965 -0.816473 -0.305461
vn 0.728414 -0.314104 0.608894
vn -0.736999 0.442214 0.511154
vn -0.082913 0.314066 0.945774
vn -0.921208 0.280411 -0.269713
vn -0.174305 -0.210581 -0.961911
vn 0.752164 -0.431978 -0.497639
vn 0.832051 -0.151355 0.533651
vn 0.043434 0.069322 0.996648
vn -0.821868 0.092026 0.562197
vn -0.809633 0.092700 0.579569
vn 0.020626 0.070978 0.997265
vn -0.909138 0.026972 -0.415622
vn -0.926158 0.030570 -0.375895
vn -0.055402 0.041987 -0.997581
vn -0.009028 0.047081 -0.998850
vn 0.813617 0.109081 -0.571077
vn 0.815489 0.109113 -0.568394
vn 0.908217 0.071653 0.412321
vn 0.923344 0.074572 0.376663
vn 0.000006 1.000000 -0.000004
vn 0.000006 1.000000 -0.000004
vn 0.000006 1.000000 -0.000004
vn 0.000006 1.000000 -0.000004
vn -0.000002 -1.000000 -0.000016
vn -0.000002 -1.000000 -0.000016
vn -0.000002 -1.000000 -0.000016
vn -0.000002 -1.000000 -0.000016
vn -0.000001 1.000000 0.000003
vn -0.000001 1.000000 0.000003
vn -0.000001 1.000000 0.000003
vn -0.000001 1.000000 0.000003
vn 0.000001 -1.000000 0.000003
vn 0.000001 -1.000000 0.000003
vn 0.000001 -1.000000 0.000003
vn 0.000001 -1.000000 0.000003
vn 0.000000 1.000000 0.000000
vn 0.000000 1.000000 0.000000
vn 0.000000 1.000000 0.000000
vn 0.000000 1.000000 0.000000
vn -0.000008 -1.000000 -0.000007
vn -0.000008 -1.000000 -0.000007
vn -0.000008 -1.000000 -0.000007
vn -0.000008 -1.000000 -0.000007
vn 0.000006 1.000000 0.000001
vn 0.000006 1.000000 0.000001
vn 0.000006 1.000000 0.000001
vn 0.000006 1.000000 0.000001
vn 0.000004 -1.000000 0.000011
vn 0.000004 -1.000000 0.000011
vn 0.000004 -1.000000 0.000011
vn 0.000004 -1.000000 0.000011
vn -0.000001 1.000000 -0.000004
vn -0.000001 1.000000 -0.000004
vn -0.000001 1.000000 -0.000004
vn -0.000001 1.000000 -0.000004
vn 0.000006 -1.000000 0.000000
vn 0.000006 -1.000000 0.000000
vn 0.000006 -1.000000 0.000000
vn 0.000006 -1.000000 0.000000
vn -0.000004 1.000000 -0.000005
vn -0.000004 1.000000 -0.000005
vn -0.000004 1.000000 -0.000005
vn -0.000004 1.000000 -0.000005
vn 0.000003 -1.000000 0.000001
vn 0.000003 -1.000000 0.000001
vn 0.000003 -1.000000 0.000001
vn 0.000003 -1.000000 0.000001
vn -0.158585 0.233092 0.959437
vn 0.874141 -0.071797 0.480337
vn 0.804618 -0.205094 -0.557249
vn -0.097161 -0.088054 -0.991366
vn -0.950914 0.226404 -0.210957
vn -0.778340 0.311428 0.545160
vn 0.000000 0.000000 0.000000
vn 0.000000 0.000000 0.000000
vn 0.000000 0.000000 0.000000
vn 0.000000 0.000000 0.000000
vn 0.000000 0.000000 0.000000
vn 0.000000 0.000000 0.000000
vn 0.000000 0.000000 0.000000
vn 0.000000 0.000000 0.000000
vn 0.000000 0.000000 0.000000
vn 0.000000 0.000000 0.000000
vn 0.000000 0.000000 0.000000
vn 0.000000 0.000000 0.000000
vn 0.000000 0.000000 0.000000
vn 0.000000 0.000000 0.000000
vn 0.000000 0.000000 0.000000
vn 0.000000 0.000000 0.000000
vn 0.000000 0.000000 0.000000
vn 0.000000 0.000000 0.000000
vn 0.000000 0.000000 0.000000
vn 0.000000 0.000000 0.000000
vn 0.000000 0.000000 0.000000
vn 0.000000 0.000000 0.000000
vn 0.000000 0.000000 0.000000
vn 0.000000 0.000000 0.000000
vn 0.000000 0.000000 0.000000
vn 0.000000 0.000000 0.000000
vn 0.000000 0.000000 0.000000
vn 0.000000 0.000000 0.000000
vn 0.992682 0.000000 -0.120756
vn 0.000000 0.000000 -0.000000
vn 0.000000 0.000000 -0.000000
vn 0.992682 0.000000 -0.120756
vn 0.000000 0.000000 0.000000
vn 0.000000 0.000000 0.000000
vn 0.000000 0.000000 0.000000
vn 0.000000 0.000000 0.000000
vn 0.000000 0.000000 0.000000
vn 1.000000 0.000000 0.000000
vn 1.000000 0.000000 0.000000
vn 0.000000 0.000000 0.000000
vn 0.000000 0.000000 0.000000
vn 0.000000 0.000000 0.000000
vn 0.000000 0.000000 0.000000
vn 0.000000 0.000000 0.000000
vn 0.000000 0.000000 0.000000
vn 0.000000 0.000000 0.000000
vn 0.000000 0.000000 0.000000
vn 0.000000 0.000000 0.000000
vn -0.810515 0.067257 0.581844
vn 0.079539 0.094066 0.992384
vn 0.089355 0.093849 0.991568
vn -0.826322 0.065327 0.559396
vn -0.913906 -0.025945 -0.405096
vn -0.898081 -0.029405 -0.438846
vn -0.092024 -0.093810 -0.991328
vn -0.082229 -0.094029 -0.992168
vn 0.826310 -0.065380 -0.559408
vn 0.810520 -0.067308 -0.581830
vn 0.896893 0.029635 0.441255
vn 0.912814 0.026174 0.407535
vn 0.002106 -0.999004 0.044581
vn 0.002106 -0.999004 0.044581
vn 0.002106 -0.999004 0.044581
vn 0.002106 -0.999004 0.044581
vn -0.010320 0.998897 -0.045818
vn -0.010320 0.998897 -0.045818
vn -0.010320 0.998896 -0.045818
vn -0.010320 0.998896 -0.045818
vn 0.012056 -0.999911 0.005738
vn 0.012056 -0.999911 0.005738
vn 0.012056 -0.999911 0.005738
vn 0.012056 -0.999911 0.005738
vn -0.010492 0.999935 -0.004509
vn -0.010492 0.999935 -0.004509
vn -0.010492 0.999935 -0.004509
vn -0.010492 0.999935 -0.004509
vn -0.025005 -0.999512 0.018740
vn -0.025005 -0.999512 0.018740
vn -0.025005 -0.999512 0.018740
vn -0.025005 -0.999512 0.018740
vn 0.030686 0.999378 -0.017359
vn 0.030686 0.999378 -0.017359
vn 0.030686 0.999378 -0.017359
vn 0.030686 0.999378 -0.017359
vn 0.005469 -0.999004 0.044291
vn 0.005469 -0.999004 0.044291
vn 0.005469 -0.999004 0.044291
vn 0.005469 -0.999004 0.044291
vn 0.002910 0.998892 -0.046964
vn 0.002910 0.998892 -0.046964
vn 0.002910 0.998892 -0.046964
vn 0.002910 0.998892 -0.046964
vn 0.012125 -0.999911 0.005599
vn 0.012125 -0.999911 0.005599
vn 0.012125 -0.999911 0.005599
vn 0.012125 -0.999911 0.005599
vn -0.010129 0.999935 -0.005290
vn -0.010129 0.999935 -0.005290
vn -0.010129 0.999935 -0.005290
vn -0.010129 0.999935 -0.005290
vn -0.026144 -0.999512 0.017105
vn -0.026144 -0.999512 0.017105
vn -0.026144 -0.999512 0.017105
vn -0.026144 -0.999512 0.017105
vn 0.026397 0.999375 -0.023525
vn 0.026397 0.999375 -0.023525
vn 0.026397 0.999375 -0.023525
vn 0.026397 0.999375 -0.023525
vn 0.014361 -0.999878 0.006167
vn 0.014361 -0.999878 0.006167
vn 0.014361 -0.999878 0.006167
vn 0.014361 -0.999878 0.006167
vn -0.012125 0.999911 -0.005597
vn -0.012125 0.999911 -0.005597
vn -0.012125 0.999911 -0.005597
vn -0.012125 0.999911 -0.005597
vn 0.009392 -0.999087 0.041669
vn 0.009392 -0.999087 0.041669
vn 0.009392 -0.999087 0.041669
vn 0.009392 -0.999087 0.041669
vn -0.005469 0.999004 -0.044291
vn -0.005469 0.999004 -0.044291
vn -0.005469 0.999004 -0.044291
vn -0.005469 0.999004 -0.044291
vn -0.020067 -0.999639 0.017878
vn -0.020067 -0.999639 0.017878
vn -0.020067 -0.999639 0.017878
vn -0.020067 -0.999639 0.017878
vn 0.025005 0.999512 -0.018741
vn 0.025005 0.999512 -0.018741
vn 0.025005 0.999512 -0.018741
vn 0.025005 0.999512 -0.018741
vn 0.013863 -0.999878 0.007232
vn 0.013863 -0.999878 0.007232
vn 0.013863 -0.999878 0.007232
vn 0.013863 -0.999878 0.007232
vn -0.012056 0.999911 -0.005736
vn -0.012056 0.999911 -0.005736
vn -0.012056 0.999911 -0.005736
vn -0.012056 0.999911 -0.005736
vn -0.002608 -0.999084 0.042705
vn -0.002608 -0.999084 0.042705
vn -0.002608 -0.999084 0.042705
vn -0.002608 -0.999084 0.042705
vn -0.002106 0.999004 -0.044578
vn -0.002106 0.999004 -0.044578
vn -0.002106 0.999004 -0.044578
vn -0.002106 0.999004 -0.044578
vn -0.023322 -0.999641 0.013202
vn -0.023322 -0.999641 0.013202
vn -0.023322 -0.999641 0.013202
vn -0.023322 -0.999641 0.013202
vn 0.026144 0.999512 -0.017104
vn 0.026144 0.999512 -0.017104
vn 0.026144 0.999512 -0.017104
vn 0.026144 0.999512 -0.017104
vn 0.013713 -0.999719 0.019334
vn 0.013713 -0.999719 0.019334
vn 0.013713 -0.999719 0.019334
vn 0.013713 -0.999719 0.019334
vn 0.000000 1.000000 0.000003
vn 0.000000 1.000000 0.000003
vn 0.000000 1.000000 0.000003
vn 0.000000 1.000000 0.000003
vn 0.036129 -0.997759 -0.056320
vn 0.036129 -0.997759 -0.056320
vn 0.036129 -0.997759 -0.056320
vn 0.036129 -0.997759 -0.056320
vn 0.000003 1.000000 0.000002
vn 0.000003 1.000000 0.000002
vn 0.000003 1.000000 0.000002
vn 0.000003 1.000000 0.000002
vn -0.045429 -0.997952 -0.045047
vn -0.045429 -0.997952 -0.045047
vn -0.045429 -0.997951 -0.045047
vn -0.045429 -0.997952 -0.045047
vn 0.000000 1.000000 -0.000003
vn 0.000000 1.000000 -0.000003
vn 0.000000 1.000000 -0.000003
vn 0.000000 1.000000 -0.000003
vn 0.002732 -0.999790 0.020287
vn 0.002732 -0.999790 0.020287
vn 0.002732 -0.999790 0.020287
vn 0.002732 -0.999791 0.020287
vn -0.000000 1.000000 0.000003
vn -0.000000 1.000000 0.000003
vn -0.000000 1.000000 0.000003
vn -0.000000 1.000000 0.000003
vn 0.053821 -0.994088 -0.094301
vn 0.053821 -0.994088 -0.094301
vn 0.053821 -0.994088 -0.094301
vn 0.053821 -0.994088 -0.094301
vn 0.000000 1.000000 -0.000002
vn 0.000000 1.000000 -0.000002
vn 0.000000 1.000000 -0.000002
vn 0.000000 1.000000 -0.000002
vn -0.063865 -0.995392 -0.071520
vn -0.063865 -0.995393 -0.071520
vn -0.063865 -0.995393 -0.071520
vn -0.063865 -0.995393 -0.071520
vn 0.000000 1.000000 0.000000
vn 0.000000 1.000000 0.000000
vn 0.000000 1.000000 0.000000
vn 0.000000 1.000000 0.000000
vn 0.079158 0.911074 0.404572
vn 0.079158 0.911074 0.404572
vn 0.079158 0.911074 0.404572
vn 0.079158 0.911074 0.404572
vn -0.045878 0.971039 -0.234476
vn -0.045878 0.971039 -0.234476
vn -0.045878 0.971039 -0.234476
vn -0.045878 0.971039 -0.234476
vn -0.179544 0.354551 -0.917637
vn -0.179544 0.354551 -0.917637
vn -0.179544 0.354551 -0.917637
vn -0.179544 0.354551 -0.917637
vn -0.169475 -0.470116 -0.866181
vn -0.169475 -0.470116 -0.866181
vn -0.169475 -0.470116 -0.866181
vn -0.169475 -0.470116 -0.866181
vn -0.079158 -0.911073 -0.404573
vn -0.079159 -0.911073 -0.404573
vn -0.079159 -0.911073 -0.404573
vn -0.079159 -0.911073 -0.404573
vn 0.079158 -0.911074 0.404572
vn 0.079158 -0.911074 0.404572
vn 0.079158 -0.911074 0.404572
vn 0.079158 -0.911074 0.404572
vn 0.179545 -0.354554 0.917636
vn 0.179545 -0.354554 0.917636
vn 0.179545 -0.354554 0.917636
vn 0.179545 -0.354554 0.917636
vn 0.179545 0.354552 0.917637
vn 0.179545 0.354552 0.917637
vn 0.179545 0.354552 0.917637
vn 0.179545 0.354552 0.917637
vn 0.988963 0.000000 -0.148160
vn 0.999943 0.000000 0.010707
vn 0.995396 0.040770 -0.086746
vn 0.994624 0.018070 -0.101967
vn 0.993849 0.064531 -0.090000
vn 0.990895 0.097104 -0.093266
vn 0.999943 0.000000 0.010711
vn 0.999943 0.000000 0.010707
vn 0.999943 0.000000 0.010708
vn 0.999992 0.003441 0.001822
vn 0.999992 0.003441 0.001822
vn -0.091157 -0.880135 -0.465889
vn -0.091157 -0.880135 -0.465889
vn -0.091157 -0.880135 -0.465889
vn -0.091157 -0.880135 -0.465889
vn -0.999992 -0.003441 -0.001822
vn -0.999992 -0.003441 -0.001822
vn -0.999992 -0.003441 -0.001822
vn -0.999992 -0.003441 -0.001822
vn 0.091154 0.880134 0.465892
vn 0.091154 0.880134 0.465892
vn 0.091154 0.880134 0.465892
vn 0.091154 0.880134 0.465892
s 1
g Sink1
usemtl blinn2SG
f 1//1 2//2 22//3 21//4
f 2//2 3//5 23//6 22//3
f 3//5 4//7 24//8 23//6
f 4//7 5//9 25//10 24//8
f 5//9 6//11 26//12 25//10
f 6//11 7//13 27//14 26//12
f 7//13 8//15 28//16 27//14
f 8//15 9//17 29//18 28//16
f 9//17 10//19 30//20 29//18
f 10//19 11//21 31//22 30//20
f 11//21 12//23 32//24 31//22
f 12//23 13//25 33//26 32//24
f 13//25 14//27 34//28 33//26
f 14//27 15//29 35//30 34//28
f 15//29 16//31 36//32 35//30
f 16//31 17//33 37//34 36//32
f 17//33 18//35 38//36 37//34
f 18//35 19//37 39//38 38//36
f 19//37 20//39 40//40 39//38
f 20//39 1//1 21//4 40//40
f 21//4 22//3 42//41 41//42
f 22//3 23//6 43//43 42//41
f 23//6 24//8 44//44 43//43
f 24//8 25//10 45//45 44//44
f 25//10 26//12 46//46 45//45
f 26//12 27//14 47//47 46//46
f 27//14 28//16 48//48 47//47
f 28//16 29//18 49//49 48//48
f 29//18 30//20 50//50 49//49
f 30//20 31//22 51//51 50//50
f 31//22 32//24 52//52 51//51
f 32//24 33//26 53//53 52//52
f 33//26 34//28 54//54 53//53
f 34//28 35//30 55//55 54//54
f 35//30 36//32 56//56 55//55
f 36//32 37//34 57//57 56//56
f 37//34 38//36 58//58 57//57
f 38//36 39//38 59//59 58//58
f 39//38 40//40 60//60 59//59
f 40//40 21//4 41//42 60//60
f 41//42 42//41 62//61 61//62
f 42//41 43//43 63//63 62//61
f 43//43 44//44 64//64 63//63
f 44//44 45//45 65//65 64//64
f 45//45 46//46 66//66 65//65
f 46//46 47//47 67//67 66//66
f 47//47 48//48 68//68 67//67
f 48//48 49//49 69//69 68//68
f 49//49 50//50 70//70 69//69
f 50//50 51//51 71//71 70//70
f 51//51 52//52 72//72 71//71
f 52//52 53//53 73//73 72//72
f 53//53 54//54 74//74 73//73
f 54//54 55//55 75//75 74//74
f 55//55 56//56 76//76 75//75
f 56//56 57//57 77//77 76//76
f 57//57 58//58 78//78 77//77
f 58//58 59//59 79//79 78//78
f 59//59 60//60 80//80 79//79
f 60//60 41//42 61//62 80//80
f 61//62 62//61 82//81 81//82
f 62//61 63//63 83//83 82//81
f 63//63 64//64 84//84 83//83
f 64//64 65//65 85//85 84//84
f 65//65 66//66 86//86 85//85
f 66//66 67//67 87//87 86//86
f 67//67 68//68 88//88 87//87
f 68//68 69//69 89//89 88//88
f 69//69 70//70 90//90 89//89
f 70//70 71//71 91//91 90//90
f 71//71 72//72 92//92 91//91
f 72//72 73//73 93//93 92//92
f 73//73 74//74 94//94 93//93
f 74//74 75//75 95//95 94//94
f 75//75 76//76 96//96 95//95
f 76//76 77//77 97//97 96//96
f 77//77 78//78 98//98 97//97
f 78//78 79//79 99//99 98//98
f 79//79 80//80 100//100 99//99
f 80//80 61//62 81//82 100//100
f 81//82 82//81 102//101 101//102
f 82//81 83//83 103//103 102//101
f 83//83 84//84 104//104 103//103
f 84//84 85//85 105//105 104//104
f 85//85 86//86 106//106 105//105
f 86//86 87//87 107//107 106//106
f 87//87 88//88 108//108 107//107
f 88//88 89//89 109//109 108//108
f 89//89 90//90 110//110 109//109
f 90//90 91//91 111//111 110//110
f 91//91 92//92 112//112 111//111
f 92//92 93//93 113//113 112//112
f 93//93 94//94 114//114 113//113
f 94//94 95//95 115//115 114//114
f 95//95 96//96 116//116 115//115
f 96//96 97//97 117//117 116//116
f 97//97 98//98 118//118 117//117
f 98//98 99//99 119//119 118//118
f 99//99 100//100 120//120 119//119
f 100//100 81//82 101//102 120//120
f 101//102 102//101 122//121 121//122
f 102//101 103//103 123//123 122//121
f 103//103 104//104 124//124 123//123
f 104//104 105//105 125//125 124//124
f 105//105 106//106 126//126 125//125
f 106//106 107//107 127//127 126//126
f 107//107 108//108 128//128 127//127
f 108//108 109//109 129//129 128//128
f 109//109 110//110 130//130 129//129
f 110//110 111//111 131//131 130//130
f 111//111 112//112 132//132 131//131
f 112//112 113//113 133//133 132//132
f 113//113 114//114 134//134 133//133
f 114//114 115//115 135//135 134//134
f 115//115 116//116 136//136 135//135
f 116//116 117//117 137//137 136//136
f 117//117 118//118 138//138 137//137
f 118//118 119//119 139//139 138//138
f 119//119 120//120 140//140 139//139
f 120//120 101//102 121//122 140//140
f 121//122 122//121 142//141 141//142
f 122//121 123//123 143//143 142//141
f 123//123 124//124 144//144 143//143
f 124//124 125//125 145//145 144//144
f 125//125 126//126 146//146 145//145
f 126//126 127//127 147//147 146//146
f 127//127 128//128 148//148 147//147
f 128//128 129//129 149//149 148//148
f 129//129 130//130 150//150 149//149
f 130//130 131//131 151//151 150//150
f 131//131 132//132 152//152 151//151
f 132//132 133//133 153//153 152//152
f 133//133 134//134 154//154 153//153
f 134//134 135//135 155//155 154//154
f 135//135 136//136 156//156 155//155
f 136//136 137//137 157//157 156//156
f 137//137 138//138 158//158 157//157
f 138//138 139//139 159//159 158//158
f 139//139 140//140 160//160 159//159
f 140//140 121//122 141//142 160//160
f 141//142 142//141 162//161 161//162
f 142//141 143//143 163//163 162//161
f 143//143 144//144 164//164 163//163
f 144//144 145//145 165//165 164//164
f 145//145 146//146 166//166 165//165
f 146//146 147//147 167//167 166//166
f 147//147 148//148 168//168 167//167
f 148//148 149//149 169//169 168//168
f 149//149 150//150 170//170 169//169
f 150//150 151//151 171//171 170//170
f 151//151 152//152 172//172 171//171
f 152//152 153//153 173//173 172//172
f 153//153 154//154 174//174 173//173
f 154//154 155//155 175//175 174//174
f 155//155 156//156 176//176 175//175
f 156//156 157//157 177//177 176//176
f 157//157 158//158 178//178 177//177
f 158//158 159//159 179//179 178//178
f 159//159 160//160 180//180 179//179
f 160//160 141//142 161//162 180//180
f 161//162 162//161 182//181 181//182
f 162//161 163//163 183//183 182//181
f 163//163 164//164 184//184 183//183
f 164//164 165//165 185//185 184//184
f 165//165 166//166 186//186 185//185
f 166//166 167//167 187//187 186//186
f 167//167 168//168 188//188 187//187
f 168//168 169//169 189//189 188//188
f 169//169 170//170 190//190 189//189
f 170//170 171//171 191//191 190//190
f 171//171 172//172 192//192 191//191
f 172//172 173//173 193//193 192//192
f 173//173 174//174 194//194 193//193
f 174//174 175//175 195//195 194//194
f 175//175 176//176 196//196 195//195
f 176//176 177//177 197//197 196//196
f 177//177 178//178 198//198 197//197
f 178//178 179//179 199//199 198//198
f 179//179 180//180 200//200 199//199
f 180//180 161//162 181//182 200//200
f 181//182 182//181 202//201 201//202
f 182//181 183//183 203//203 202//201
f 183//183 184//184 204//204 203//203
f 184//184 185//185 205//205 204//204
f 185//185 186//186 206//206 205//205
f 186//186 187//187 207//207 206//206
f 187//187 188//188 208//208 207//207
f 188//188 189//189 209//209 208//208
f 189//189 190//190 210//210 209//209
f 190//190 191//191 211//211 210//210
f 191//191 192//192 212//212 211//211
f 192//192 193//193 213//213 212//212
f 193//193 194//194 214//214 213//213
f 194//194 195//195 215//215 214//214
f 195//195 196//196 216//216 215//215
f 196//196 197//197 217//217 216//216
f 197//197 198//198 218//218 217//217
f 198//198 199//199 219//219 218//218
f 199//199 200//200 220//220 219//219
f 200//200 181//182 201//202 220//220
f 201//202 202//201 222//221 221//222
f 202//201 203//203 223//223 222//221
f 203//203 204//204 224//224 223//223
f 204//204 205//205 225//225 224//224
f 205//205 206//206 226//226 225//225
f 206//206 207//207 227//227 226//226
f 207//207 208//208 228//228 227//227
f 208//208 209//209 229//229 228//228
f 209//209 210//210 230//230 229//229
f 210//210 211//211 231//231 230//230
f 211//211 212//212 232//232 231//231
f 212//212 213//213 233//233 232//232
f 213//213 214//214 234//234 233//233
f 214//214 215//215 235//235 234//234
f 215//215 216//216 236//236 235//235
f 216//216 217//217 237//237 236//236
f 217//217 218//218 238//238 237//237
f 218//218 219//219 239//239 238//238
f 219//219 220//220 240//240 239//239
f 220//220 201//202 221//222 240//240
f 2//2 1//1 241//241
f 3//5 2//2 241//241
f 4//7 3//5 241//241
f 5//9 4//7 241//241
f 6//11 5//9 241//241
f 7//13 6//11 241//241
f 8//15 7//13 241//241
f 9//17 8//15 241//241
f 10//19 9//17 241//241
f 11//21 10//19 241//241
f 12//23 11//21 241//241
f 13//25 12//23 241//241
f 14//27 13//25 241//241
f 15//29 14//27 241//241
f 16//31 15//29 241//241
f 17//33 16//31 241//241
f 18//35 17//33 241//241
f 19//37 18//35 241//241
f 20//39 19//37 241//241
f 1//1 20//39 241//241
s off
usemtl blinn1SG
f 246//242 247//243 248//244 249//245
f 243//246 245//247 265//248 260//249
f 244//250 242//251 255//252 256//253
f 242//254 243//255 251//256 250//257
s 2
f 254//258 253//259 262//260 261//261 268//262 267//263 275//264 274//265
s 3
f 273//266 275//267 267//268 266//269 247//270 246//271
s off
f 255//272 254//273 257//274 256//275
f 261//276 260//277 265//278 264//279
f 266//280 268//281 269//282 270//283
f 270//284 269//285 271//286 272//287
f 272//288 271//289 274//290 273//291
f 276//292 277//293 286//294 285//295
s 2
f 277//296 276//297 279//298 278//299
s off
f 278//300 279//301 289//302 288//303
f 280//304 281//305 287//306 289//307
f 281//308 280//309 283//310 282//311
f 282//312 283//313 285//314 284//315
f 284//316 286//317 288//318 287//319
f 281//320 282//321 284//322 287//323
s 2
f 261//261 264//324 269//325 268//262
f 257//326 254//258 274//265 271//327
s off
f 266//328 270//329 248//330 247//331
f 270//332 272//333 249//334 248//335
f 272//336 273//337 246//338 249//339
s 4
f 243//340 260//341 259//342 276//343 251//344
s off
f 250//345 251//346 283//347 280//348
f 251//349 276//350 285//351 283//352
f 277//353 278//354 288//355 286//356
f 279//357 250//358 280//359 289//360
s 5
f 252//361 255//362 242//363 250//364 279//365
s 2
f 259//366 262//260 253//259 252//367 279//298 276//297
f 264//324 263//368 258//369 257//326 271//327 269//325
s 5
f 252//361 253//370 254//371 255//362
s off
f 256//372 257//373 258//374
s 4
f 259//342 260//341 261//375 262//376
s off
f 263//377 264//378 265//379
s 3
f 266//269 267//268 268//380
f 273//266 274//381 275//267
s off
f 284//382 285//383 286//384
f 287//385 288//386 289//387
s 6
g textureEditorIsolateSelectSet Sink1
usemtl lambert3SG
f 293/1/388 292/2/389 295/3/390 294/4/391
f 292/2/389 291/5/392 296/6/393 295/3/390
g Sink1
f 291//392 290//394 297//395 296//393
s off
f 301//396 300//397 978//398 973//399
f 300//400 299//401 982//402 977//403
f 299//404 298//405 984//406 981//407
s 6
g textureEditorIsolateSelectSet Sink1
f 309/25/408 308/20/409 311/21/410 310/26/411
f 308/20/409 307/15/412 312/16/413 311/21/410
f 307/15/412 306/10/414 313/9/415 312/16/413
s off
f 317/51/416 316/58/417 1008/52/418 1003/53/419
f 316/50/420 315/54/421 1012/55/422 1007/56/423
g Sink1
f 315//424 314//425 1015//426 1011//427
s 8
f 325//428 324//429 328//430 327//431
f 324//429 323//432 329//433 328//430
f 323//432 322//434 326//435 329//433
s 6
g textureEditorIsolateSelectSet Sink1
f 337/18/436 336/22/437 343/19/438 342/14/439
f 336/22/437 335/24/440 344/23/441 343/19/438
f 335/29/440 334/30/442 345/27/443 344/23/441
g Sink1
f 353//444 352//445 355//446 354//447
g textureEditorIsolateSelectSet Sink1
f 352/17/445 351/12/448 356/7/449 355/11/446
f 351/12/448 350/13/450 357/8/451 356/7/449
s 8
g Sink1
f 361//452 360//453 367//454 366//455
f 360//453 359//456 368//457 367//454
f 359//456 358//458 369//459 368//457
f 326//435 322//434 334//460 331//461
s 6
g textureEditorIsolateSelectSet Sink1
f 322/33/462 338/31/463 345/27/443 334/30/442
f 321/28/464 310/26/411 345/27/443 338/31/463
g Sink1
f 365//465 354//447 297//395 302//466
g textureEditorIsolateSelectSet Sink1
f 294/4/391 357/8/451 342/14/439 313/9/415
g Sink1
f 362//467 305//468 318//469 341//470
s off
f 1061//471 1062//472 1063//473 1064//474
s 6
f 298//475 302//466 297//395 290//394
s off
g textureEditorIsolateSelectSet Sink1
f 964/37/476 293/1/477 306/10/478 992/44/479
s 6
f 293/1/388 294/4/391 313/9/415 306/10/414
g Sink1
f 305//468 301//480 314//481 318//469
s off
f 301//482 974//483 1016//484 314//485
s 6
g textureEditorIsolateSelectSet Sink1
f 321/28/464 317/59/486 309/25/408 310/26/411
s off
f 317/59/487 1004/49/488 988/42/489 309/25/490
s 8
g Sink1
f 330//491 337//492 350//493 347//494
s 6
g textureEditorIsolateSelectSet Sink1
f 337/18/436 342/14/439 357/8/451 350/13/450
g Sink1
f 341//470 325//495 358//496 362//467
s 8
f 325//428 327//431 369//459 358//458
s 6
f 365//465 361//497 353//444 354//447
s 8
f 361//452 366//455 346//498 353//499
s off
f 1021//500 1018//501 1024//502 1026//503 1028//504 1030//505 1032//506 1035//507 1038//508 1041//509 1044//510 1047//511 1050//512 1053//513 1056//514 1059//515
g textureEditorIsolateSelectSet Sink1
f 963/36/516 969/40/517 292/2/518 293/1/519
f 970/39/520 966/38/521 291/5/522 292/2/523
g Sink1
f 1065//524 1066//525 1067//526 1068//527
s 6
f 300//528 301//480 305//468 304//529
f 298//475 299//530 303//531 302//466
f 299//530 300//528 304//529 303//531
s off
g textureEditorIsolateSelectSet Sink1
f 987/41/532 999/48/533 308/20/534 309/25/535
f 1000/47/536 995/46/537 307/15/538 308/20/539
f 996/45/540 991/43/541 306/10/542 307/15/543
s 6
f 316/57/544 317/59/486 321/28/464 320/32/545
g Sink1
f 314//481 315//546 319//547 318//469
f 315//546 316//544 320//545 319//547
f 324//548 325//495 341//470 340//549
g textureEditorIsolateSelectSet Sink1
f 322/33/462 323/35/550 339/34/551 338/31/463
g Sink1
f 323//550 324//548 340//549 339//551
s 8
f 330//491 333//552 336//553 337//492
f 333//552 332//554 335//555 336//553
f 332//554 331//461 334//460 335//555
s 6
f 318//469 319//547 340//549 341//470
f 319//547 320//545 339//551 340//549
g textureEditorIsolateSelectSet Sink1
f 320/32/545 321/28/464 338/31/463 339/34/551
f 310/26/411 311/21/410 344/23/441 345/27/443
f 311/21/410 312/16/413 343/19/438 344/23/441
f 312/16/413 313/9/415 342/14/439 343/19/438
s 8
g Sink1
f 346//498 349//556 352//557 353//499
f 349//556 348//558 351//559 352//557
f 348//558 347//494 350//493 351//559
s 6
g textureEditorIsolateSelectSet Sink1
f 294/4/391 295/3/390 356/7/449 357/8/451
f 295/3/390 296/6/393 355/11/446 356/7/449
g Sink1
f 296//393 297//395 354//447 355//446
f 360//560 361//497 365//465 364//561
f 358//496 359//562 363//563 362//467
f 359//562 360//560 364//561 363//563
f 302//466 303//531 364//561 365//465
f 303//531 304//529 363//563 364//561
f 304//529 305//468 362//467 363//563
s off
f 972//564 975//565 1019//566 1022//567
f 976//568 979//569 1025//570 1017//571
f 980//572 983//573 1027//574 1023//575
f 1069//576 1070//577 1071//578 1072//579
f 1073//580 1074//581 1075//582 1076//583
f 965//584 967//585 1033//586 1029//587
f 968//588 961//589 1036//590 1031//591
f 962//592 989//593 1039//594 1034//595
f 990//596 993//597 1042//598 1037//599
f 994//600 997//601 1045//602 1040//603
f 998//604 985//605 1048//606 1043//607
f 986//608 1001//609 1051//610 1046//611
f 1002//612 1005//613 1054//614 1049//615
f 1006//616 1009//617 1057//618 1052//619
f 1010//620 1013//621 1060//622 1055//623
f 1014//624 971//625 1020//626 1058//627
f 1077//628 1078//629 1079//630 1080//631
f 1081//632 1082//633 1083//634 1084//635
f 1085//636 1086//637 1087//638 1088//639
f 1089//640 1090//641 1091//642 1092//643
f 1093//644 1094//645 1095//646 1096//647
f 1097//648 1098//649 1099//650 1100//651
f 1101//652 1102//653 1103//654 1104//655
f 1105//656 1106//657 1107//658 1108//659
f 1109//660 1110//661 1111//662 1112//663
f 1113//664 1114//665 1115//666 1116//667
f 1117//668 1118//669 1119//670 1120//671
f 1121//672 1122//673 1123//674 1124//675
f 1125//676 1126//677 1127//678 1128//679
f 1129//680 1130//681 1131//682 1132//683
f 1133//684 1134//685 1135//686 1136//687
f 1137//688 1138//689 1139//690 1140//691
f 1141//692 1142//693 1143//694 1144//695
f 1145//696 1146//697 1147//698 1148//699
f 1149//700 1150//701 1151//702 1152//703
f 1153//704 1154//705 1155//706 1156//707
f 1157//708 1158//709 1159//710 1160//711
f 1161//712 1162//713 1163//714 1164//715
f 1165//716 1166//717 1167//718 1168//719
f 1169//720 1170//721 1171//722 1172//723
f 1173//724 1174//725 1175//726 1176//727
f 1177//728 1178//729 1179//730 1180//731
f 1181//732 1182//733 1183//734 1184//735
f 1185//736 1186//737 1187//738 1188//739
f 1189//740 1190//741 1191//742 1192//743
s 14
usemtl blinn2SG
f 370//744 371//745 391//746 390//747
f 371//745 372//748 392//749 391//746
f 372//748 373//750 393//751 392//749
f 373//750 374//752 394//753 393//751
f 374//752 375//754 395//755 394//753
f 375//754 376//756 396//757 395//755
f 376//756 377//758 397//759 396//757
f 377//758 378//760 398//761 397//759
f 378//760 379//762 399//763 398//761
f 379//762 380//764 400//765 399//763
f 380//764 381//766 401//767 400//765
f 381//766 382//768 402//769 401//767
f 382//768 383//770 403//771 402//769
f 383//770 384//772 404//773 403//771
f 384//772 385//774 405//775 404//773
f 385//774 386//776 406//777 405//775
f 386//776 387//778 407//779 406//777
f 387//778 388//780 408//781 407//779
f 388//780 389//782 409//783 408//781
f 389//782 370//744 390//747 409//783
s 15
f 410//784 411//785 431//786 430//787
f 411//785 412//788 432//789 431//786
f 412//788 413//790 433//791 432//789
f 413//790 414//792 434//793 433//791
f 414//792 415//794 435//795 434//793
f 415//794 416//796 436//797 435//795
f 416//796 417//798 437//799 436//797
f 417//798 418//800 438//801 437//799
f 418//800 419//802 439//803 438//801
f 419//802 420//804 440//805 439//803
f 420//804 421//806 441//807 440//805
f 421//806 422//808 442//809 441//807
f 422//808 423//810 443//811 442//809
f 423//810 424//812 444//813 443//811
f 424//812 425//814 445//815 444//813
f 425//814 426//816 446//817 445//815
f 426//816 427//818 447//819 446//817
f 427//818 428//820 448//821 447//819
f 428//820 429//822 449//823 448//821
f 429//822 410//784 430//787 449//823
s 16
f 450//824 451//825 471//826 470//827
f 451//825 452//828 472//829 471//826
f 452//828 453//830 473//831 472//829
f 453//830 454//832 474//833 473//831
f 454//832 455//834 475//835 474//833
f 455//834 456//836 476//837 475//835
f 456//836 457//838 477//839 476//837
f 457//838 458//840 478//841 477//839
f 458//840 459//842 479//843 478//841
f 459//842 460//844 480//845 479//843
f 460//844 461//846 481//847 480//845
f 461//846 462//848 482//849 481//847
f 462//848 463//850 483//851 482//849
f 463//850 464//852 484//853 483//851
f 464//852 465//854 485//855 484//853
f 465//854 466//856 486//857 485//855
f 466//856 467//858 487//859 486//857
f 467//858 468//860 488//861 487//859
f 468//860 469//862 489//863 488//861
f 469//862 450//824 470//827 489//863
s 17
f 490//864 491//865 511//866 510//867
f 491//865 492//868 512//869 511//866
f 492//868 493//870 513//871 512//869
f 493//870 494//872 514//873 513//871
f 494//872 495//874 515//875 514//873
f 495//874 496//876 516//877 515//875
f 496//876 497//878 517//879 516//877
f 497//878 498//880 518//881 517//879
f 498//880 499//882 519//883 518//881
f 499//882 500//884 520//885 519//883
f 500//884 501//886 521//887 520//885
f 501//886 502//888 522//889 521//887
f 502//888 503//890 523//891 522//889
f 503//890 504//892 524//893 523//891
f 504//892 505//894 525//895 524//893
f 505//894 506//896 526//897 525//895
f 506//896 507//898 527//899 526//897
f 507//898 508//900 528//901 527//899
f 508//900 509//902 529//903 528//901
f 509//902 490//864 510//867 529//903
s 18
usemtl blinn1SG
f 533//904 532//905 564//906 570//907
f 532//905 531//908 565//909 564//906
f 531//908 530//910 566//911 565//909
f 530//910 541//912 557//913 566//911
f 537//914 536//915 550//916 549//917
f 536//915 535//918 551//919 550//916
f 535//918 534//920 552//921 551//919
f 534//920 533//904 553//922 552//921
f 545//923 544//924 571//925 563//926
f 544//924 543//927 572//928 571//925
f 543//927 542//929 573//930 572//928
f 542//929 553//922 574//931 573//930
s 21
f 606//932 607//933 608//934 609//935
f 607//933 610//936 611//937 608//934
f 610//936 612//938 613//939 611//937
f 612//938 614//940 615//941 616//942
f 614//940 617//943 618//944 615//941
f 617//943 619//945 620//946 618//944
f 616//942 621//947 622//948 623//949
f 621//947 624//950 625//951 622//948
f 624//950 626//952 627//953 625//951
f 628//954 629//955 630//956 631//957
f 629//955 632//958 633//959 630//956
f 632//958 613//939 623//949 633//959
s 18
f 570//907 569//960 575//961 574//931
f 569//960 568//962 576//963 575//961
f 568//962 567//964 577//965 576//963
f 567//964 558//966 562//967 577//965
s 21
f 612//938 616//942 623//949 613//939
s 18
f 570//907 574//931 553//922 533//904
f 540//968 541//912 530//910 578//969
f 578//969 530//910 531//908 579//970
f 579//970 531//908 532//905 580//971
f 532//905 533//904 534//920 580//971
f 580//971 534//920 535//918 581//972
f 581//972 535//918 536//915 582//973
f 536//915 537//914 538//974 582//973
f 582//973 538//974 539//975 583//976
f 583//976 539//975 540//968 578//969
f 583//976 578//969 579//970 584//977
f 579//970 580//971 581//972 584//977
f 581//972 582//973 583//976 584//977
f 552//921 553//922 542//929 585//978
f 585//978 542//929 543//927 586//979
f 586//979 543//927 544//924 587//980
f 544//924 545//923 546//981 587//980
f 587//980 546//981 547//982 588//983
f 588//983 547//982 548//984 589//985
f 548//984 549//917 550//916 589//985
f 589//985 550//916 551//919 590//986
f 590//986 551//919 552//921 585//978
f 590//986 585//978 586//979 591//987
f 586//979 587//980 588//983 591//987
f 588//983 589//985 590//986 591//987
s 21
f 614//940 612//938 610//936 634//988
f 634//988 610//936 607//933 635//989
f 635//989 607//933 606//932 636//990
f 637//991 619//945 617//943 638//992
f 638//992 617//943 614//940 634//988
f 638//992 634//988 635//989 639//993
f 635//989 636//990 640//994 639//993
f 640//994 637//991 638//992 639//993
f 641//995 626//952 624//950 642//996
f 642//996 624//950 621//947 643//997
f 621//947 616//942 615//941 643//997
f 643//997 615//941 618//944 644//998
f 644//998 618//944 620//946 645//999
f 646//1000 641//995 642//996 647//1001
f 642//996 643//997 644//998 647//1001
f 644//998 645//999 646//1000 647//1001
f 648//1002 609//935 608//934 649//1003
f 649//1003 608//934 611//937 650//1004
f 611//937 613//939 632//958 650//1004
f 650//1004 632//958 629//955 651//1005
f 651//1005 629//955 628//954 652//1006
f 651//1005 652//1006 653//1007 654//1008
f 653//1007 648//1002 649//1003 654//1008
f 649//1003 650//1004 651//1005 654//1008
f 655//1009 631//957 630//956 656//1010
f 656//1010 630//956 633//959 657//1011
f 633//959 623//949 622//948 657//1011
f 657//1011 622//948 625//951 658//1012
f 658//1012 625//951 627//953 659//1013
f 658//1012 659//1013 660//1014 661//1015
f 660//1014 655//1009 656//1010 661//1015
f 656//1010 657//1011 658//1012 661//1015
s 18
f 569//960 570//907 564//906 592//1016
f 592//1016 564//906 565//909 593//1017
f 593//1017 565//909 566//911 594//1018
f 566//911 557//913 556//1019 594//1018
f 594//1018 556//1019 555//1020 595//1021
f 595//1021 555//1020 554//1022 596//1023
f 554//1022 558//966 567//964 596//1023
f 596//1023 567//964 568//962 597//1024
f 597//1024 568//962 569//960 592//1016
f 597//1024 592//1016 593//1017 598//1025
f 593//1017 594//1018 595//1021 598//1025
f 595//1021 596//1023 597//1024 598//1025
f 559//1026 563//926 571//925 599//1027
f 599//1027 571//925 572//928 600//1028
f 600//1028 572//928 573//930 601//1029
f 573//930 574//931 575//961 601//1029
f 601//1029 575//961 576//963 602//1030
f 602//1030 576//963 577//965 603//1031
f 577//965 562//967 561//1032 603//1031
f 603//1031 561//1032 560//1033 604//1034
f 604//1034 560//1033 559//1026 599//1027
f 604//1034 599//1027 600//1028 605//1035
f 600//1028 601//1029 602//1030 605//1035
f 602//1030 603//1031 604//1034 605//1035
s 23
f 727//1036 729//1037 620//1038 619//1039
f 737//1040 735//1041 628//1042 631//1043
s 18
f 541//912 662//1044 665//1045 557//913
f 668//1046 537//914 549//917 671//1047
f 674//1048 545//923 563//926 677//1049
f 558//966 680//1050 683//1051 562//967
f 662//1044 541//912 540//968 686//1052
f 686//1052 540//968 539//975 689//1053
f 689//1053 539//975 538//974 692//1054
f 538//974 537//914 668//1046 692//1054
f 546//981 545//923 674//1048 695//1055
f 671//1047 549//917 548//984 698//1056
f 698//1056 548//984 547//982 701//1057
f 701//1057 547//982 546//981 695//1055
f 680//1050 558//966 554//1022 704//1058
f 704//1058 554//1022 555//1020 707//1059
f 707//1059 555//1020 556//1019 710//1060
f 556//1019 557//913 665//1045 710//1060
f 677//1049 563//926 559//1026 713//1061
f 713//1061 559//1026 560//1033 716//1062
f 716//1062 560//1033 561//1032 719//1063
f 561//1032 562//967 683//1051 719//1063
s 25
f 670//1064 673//1065 728//1066 726//1067
s 26
f 685//1068 682//1069 734//1070 736//1071
s 18
f 662//1044 663//1072 666//1073 665//1045
s 23
f 663//1074 664//1075 667//1076 666//1077
s 18
f 665//1045 666//1073 711//1078 710//1060
s 23
f 666//1077 667//1076 712//1079 711//1080
s 18
f 668//1046 669//1081 693//1082 692//1054
s 23
f 669//1083 670//1084 694//1085 693//1086
f 670//1084 669//1083 672//1087 673//1088
s 18
f 669//1081 668//1046 671//1047 672//1089
f 674//1048 675//1090 696//1091 695//1055
s 23
f 675//1092 676//1093 697//1094 696//1095
f 676//1093 675//1092 678//1096 679//1097
s 18
f 675//1090 674//1048 677//1049 678//1098
f 680//1050 681//1099 684//1100 683//1051
s 23
f 681//1101 682//1102 685//1103 684//1104
s 18
f 683//1051 684//1100 720//1105 719//1063
s 23
f 684//1104 685//1103 721//1106 720//1107
f 664//1075 663//1074 687//1108 688//1109
s 18
f 663//1072 662//1044 686//1052 687//1110
s 23
f 688//1109 687//1108 690//1111 691//1112
s 18
f 687//1110 686//1052 689//1053 690//1113
s 23
f 691//1112 690//1111 693//1086 694//1085
s 18
f 690//1113 689//1053 692//1054 693//1082
f 695//1055 696//1091 702//1114 701//1057
s 23
f 696//1095 697//1094 703//1115 702//1116
f 673//1088 672//1087 699//1117 700//1118
s 18
f 672//1089 671//1047 698//1056 699//1119
s 23
f 700//1118 699//1117 702//1116 703//1115
s 18
f 699//1119 698//1056 701//1057 702//1114
s 23
f 682//1102 681//1101 705//1120 706//1121
s 18
f 681//1099 680//1050 704//1058 705//1122
s 23
f 706//1121 705//1120 708//1123 709//1124
s 18
f 705//1122 704//1058 707//1059 708//1125
s 23
f 709//1124 708//1123 711//1080 712//1079
s 18
f 708//1125 707//1059 710//1060 711//1078
s 23
f 679//1097 678//1096 714//1126 715//1127
s 18
f 678//1098 677//1049 713//1061 714//1128
s 23
f 715//1127 714//1126 717//1129 718//1130
s 18
f 714//1128 713//1061 716//1062 717//1131
s 23
f 718//1130 717//1129 720//1107 721//1106
s 18
f 717//1131 716//1062 719//1063 720//1105
s 23
f 722//1132 723//1133 739//1134 738//1135
f 723//1133 722//1132 724//1136 725//1137
f 725//1137 724//1136 749//1138 750//1139
f 727//1036 726//1140 728//1141 729//1037
f 726//1140 727//1036 740//1142 741//1143
f 729//1037 728//1141 700//1144 746//1145
f 730//1146 731//1147 733//1148 732//1149
f 731//1147 730//1146 744//1150 745//1151
f 732//1149 733//1148 757//1152 756//1153
f 735//1041 734//1154 706//1155 751//1156
f 734//1154 735//1041 737//1040 736//1157
f 736//1157 737//1040 754//1158 755//1159
f 738//1135 739//1134 743//1160 742//1161
f 741//1143 740//1142 742//1161 743//1160
f 745//1151 744//1150 747//1162 748//1163
f 746//1145 700//1144 748//1163 747//1162
f 750//1139 749//1138 752//1164 753//1165
f 751//1156 706//1155 753//1165 752//1164
f 755//1159 754//1158 758//1166 759//1167
f 756//1153 757//1152 759//1167 758//1166
f 724//1168 722//1169 606//1170 609//1171
f 730//1172 732//1173 627//1174 626//1175
f 722//1169 738//1176 636//1177 606//1170
f 740//1142 727//1036 619//1039 637//1178
f 738//1176 742//1179 640//1180 636//1177
f 742//1179 740//1142 637//1178 640//1180
f 744//1150 730//1172 626//1175 641//1181
f 729//1037 746//1145 645//1182 620//1038
f 747//1162 744//1150 641//1181 646//1183
f 746//1145 747//1162 646//1183 645//1182
f 749//1138 724//1168 609//1171 648//1184
f 735//1041 751//1156 652//1185 628//1042
f 751//1156 752//1164 653//1186 652//1185
f 752//1164 749//1138 648//1184 653//1186
f 754//1158 737//1040 631//1043 655//1187
f 732//1173 756//1188 659//1189 627//1174
f 756//1188 758//1190 660//1191 659//1189
f 758//1190 754//1158 655//1187 660//1191
f 667//1076 664//1075 723//1192 725//1193
f 676//1093 679//1097 733//1194 731//1195
f 664//1075 688//1109 739//1134 723//1192
f 694//1085 670//1084 726//1196 741//1197
f 688//1109 691//1112 743//1160 739//1134
f 691//1112 694//1085 741//1197 743//1160
f 697//1094 676//1093 731//1195 745//1198
s 25
f 673//1065 700//1199 728//1066
s 23
f 703//1115 697//1094 745//1198 748//1200
f 700//1118 703//1115 748//1200
f 712//1079 667//1076 725//1193 750//1201
s 26
f 682//1069 706//1202 734//1070
s 23
f 706//1121 709//1124 753//1203
f 709//1124 712//1079 750//1201 753//1203
f 721//1106 685//1103 736//1204 755//1205
f 679//1097 715//1127 757//1152 733//1194
f 715//1127 718//1130 759//1167 757//1152
f 718//1130 721//1106 755//1205 759//1167
s 35
usemtl blinn2SG
f 928//1206 929//1207 930//1208 931//1209
f 929//1207 932//1210 933//1211 930//1208
f 932//1210 934//1212 935//1213 933//1211
f 934//1212 936//1214 937//1215 935//1213
f 936//1214 938//1216 939//1217 937//1215
f 938//1216 928//1206 931//1209 939//1217
s 36
f 766//1218 767//1219 902//1220 903//1221
f 767//1219 768//1222 901//1223 902//1220
f 768//1222 769//1224 900//1225 901//1223
f 769//1224 770//1226 899//1227 900//1225
f 770//1226 771//1228 898//1229 899//1227
f 771//1228 766//1218 903//1221 898//1229
s 37
f 904//1230 905//1231 906//1232 907//1233
f 905//1231 908//1234 909//1235 906//1232
f 908//1234 910//1236 911//1237 909//1235
f 910//1236 912//1238 913//1239 911//1237
f 912//1238 914//1240 915//1241 913//1239
f 914//1240 904//1230 907//1233 915//1241
s 38
f 778//1242 779//1243 785//1244 784//1245
f 779//1243 780//1246 786//1247 785//1244
f 780//1246 781//1248 787//1249 786//1247
f 781//1248 782//1250 788//1251 787//1249
f 782//1250 783//1252 789//1253 788//1251
f 783//1252 778//1242 784//1245 789//1253
f 784//1245 785//1244 791//1254 790//1255
f 785//1244 786//1247 792//1256 791//1254
f 786//1247 787//1249 793//1257 792//1256
f 787//1249 788//1251 794//1258 793//1257
f 788//1251 789//1253 795//1259 794//1258
f 789//1253 784//1245 790//1255 795//1259
f 790//1255 791//1254 797//1260 796//1261
f 791//1254 792//1256 798//1262 797//1260
f 792//1256 793//1257 799//1263 798//1262
f 793//1257 794//1258 800//1264 799//1263
f 794//1258 795//1259 801//1265 800//1264
f 795//1259 790//1255 796//1261 801//1265
f 796//1261 797//1260 803//1266 802//1267
f 797//1260 798//1262 804//1268 803//1266
f 798//1262 799//1263 805//1269 804//1268
f 799//1263 800//1264 806//1270 805//1269
f 800//1264 801//1265 807//1271 806//1270
f 801//1265 796//1261 802//1267 807//1271
f 802//1267 803//1266 809//1272 808//1273
f 803//1266 804//1268 810//1274 809//1272
f 804//1268 805//1269 811//1275 810//1274
f 805//1269 806//1270 812//1276 811//1275
f 806//1270 807//1271 813//1277 812//1276
f 807//1271 802//1267 808//1273 813//1277
f 808//1273 809//1272 815//1278 814//1279
f 809//1272 810//1274 816//1280 815//1278
f 810//1274 811//1275 817//1281 816//1280
f 811//1275 812//1276 818//1282 817//1281
f 812//1276 813//1277 819//1283 818//1282
f 813//1277 808//1273 814//1279 819//1283
f 814//1279 815//1278 821//1284 820//1285
f 815//1278 816//1280 822//1286 821//1284
f 816//1280 817//1281 823//1287 822//1286
f 817//1281 818//1282 824//1288 823//1287
f 818//1282 819//1283 825//1289 824//1288
f 819//1283 814//1279 820//1285 825//1289
f 820//1285 821//1284 827//1290 826//1291
f 821//1284 822//1286 828//1292 827//1290
f 822//1286 823//1287 829//1293 828//1292
f 823//1287 824//1288 830//1294 829//1293
f 824//1288 825//1289 831//1295 830//1294
f 825//1289 820//1285 826//1291 831//1295
f 826//1291 827//1290 833//1296 832//1297
f 827//1290 828//1292 834//1298 833//1296
f 828//1292 829//1293 835//1299 834//1298
f 829//1293 830//1294 836//1300 835//1299
f 830//1294 831//1295 837//1301 836//1300
f 831//1295 826//1291 832//1297 837//1301
f 832//1297 833//1296 839//1302 838//1303
f 833//1296 834//1298 840//1304 839//1302
f 834//1298 835//1299 841//1305 840//1304
f 835//1299 836//1300 842//1306 841//1305
f 836//1300 837//1301 843//1307 842//1306
f 837//1301 832//1297 838//1303 843//1307
f 838//1303 839//1302 845//1308 844//1309
f 839//1302 840//1304 846//1310 845//1308
f 840//1304 841//1305 847//1311 846//1310
f 841//1305 842//1306 848//1312 847//1311
f 842//1306 843//1307 849//1313 848//1312
f 843//1307 838//1303 844//1309 849//1313
f 844//1309 845//1308 851//1314 850//1315
f 845//1308 846//1310 852//1316 851//1314
f 846//1310 847//1311 853//1317 852//1316
f 847//1311 848//1312 854//1318 853//1317
f 848//1312 849//1313 855//1319 854//1318
f 849//1313 844//1309 850//1315 855//1319
f 850//1315 851//1314 885//1320 880//1321
f 851//1314 852//1316 884//1322 885//1320
f 852//1316 853//1317 883//1323 884//1322
f 853//1317 854//1318 882//1324 883//1323
f 854//1318 855//1319 881//1325 882//1324
f 855//1319 850//1315 880//1321 881//1325
s 39
f 868//1326 869//1327 870//1328 871//1329
f 869//1327 872//1330 873//1331 870//1328
f 872//1330 874//1332 875//1333 873//1331
f 874//1332 876//1334 877//1335 875//1333
f 876//1334 878//1336 879//1337 877//1335
f 878//1336 868//1326 871//1329 879//1337
s off
f 856//1338 857//1339 869//1340 868//1341
f 863//1342 862//1343 871//1344 870//1345
f 857//1346 858//1347 872//1348 869//1349
f 864//1350 863//1351 870//1352 873//1353
f 858//1354 859//1355 874//1356 872//1357
f 865//1358 864//1359 873//1360 875//1361
f 859//1362 860//1363 876//1364 874//1365
f 866//1366 865//1367 875//1368 877//1369
f 860//1370 861//1371 878//1372 876//1373
f 867//1374 866//1375 877//1376 879//1377
f 861//1378 856//1379 868//1380 878//1381
f 862//1382 867//1383 879//1384 871//1385
s 38
f 881//1325 880//1321 856//1386 861//1387
f 882//1324 881//1325 861//1387 860//1388
f 883//1323 882//1324 860//1388 859//1389
f 884//1322 883//1323 859//1389 858//1390
f 885//1320 884//1322 858//1390 857//1391
f 880//1321 885//1320 857//1391 856//1386
s off
f 772//1392 773//1393 887//1394 886//1395
f 779//1396 778//1397 889//1398 888//1399
f 773//1400 774//1401 890//1402 887//1403
f 780//1404 779//1405 888//1406 891//1407
f 774//1408 775//1409 892//1410 890//1411
f 781//1412 780//1413 891//1414 893//1415
f 775//1416 776//1417 894//1418 892//1419
f 782//1420 781//1421 893//1422 895//1423
f 776//1424 777//1425 896//1426 894//1427
f 783//1428 782//1429 895//1430 897//1431
f 777//1432 772//1433 886//1434 896//1435
f 778//1436 783//1437 897//1438 889//1439
s 40
f 917//1440 916//1441 918//1442 919//1443
f 920//1444 917//1440 919//1443 921//1445
f 922//1446 920//1444 921//1445 923//1447
f 924//1448 922//1446 923//1447 925//1449
f 926//1450 924//1448 925//1449 927//1451
f 916//1441 926//1450 927//1451 918//1442
s off
f 886//1452 887//1453 905//1454 904//1455
f 888//1456 889//1457 907//1458 906//1459
f 887//1460 890//1461 908//1462 905//1463
f 891//1464 888//1465 906//1466 909//1467
f 890//1468 892//1469 910//1470 908//1471
f 893//1472 891//1473 909//1474 911//1475
f 892//1476 894//1477 912//1478 910//1479
f 895//1480 893//1481 911//1482 913//1483
f 894//1484 896//1485 914//1486 912//1487
f 897//1488 895//1489 913//1490 915//1491
f 896//1492 886//1493 904//1494 914//1495
f 889//1496 897//1497 915//1498 907//1499
f 899//1500 898//1501 916//1502 917//1503
f 777//1504 776//1505 919//1506 918//1507
f 900//1508 899//1509 917//1510 920//1511
f 776//1512 775//1513 921//1514 919//1515
f 901//1516 900//1517 920//1518 922//1519
f 775//1520 774//1521 923//1522 921//1523
f 902//1524 901//1525 922//1526 924//1527
f 774//1528 773//1529 925//1530 923//1531
f 903//1532 902//1533 924//1534 926//1535
f 773//1536 772//1537 927//1538 925//1539
f 898//1540 903//1541 926//1542 916//1543
f 772//1544 777//1545 918//1546 927//1547
f 760//1548 761//1549 929//1550 928//1551
f 767//1552 766//1553 931//1554 930//1555
f 761//1556 762//1557 932//1558 929//1559
f 768//1560 767//1561 930//1562 933//1563
f 762//1564 763//1565 934//1566 932//1567
f 769//1568 768//1569 933//1570 935//1571
f 763//1572 764//1573 936//1574 934//1575
f 770//1576 769//1577 935//1578 937//1579
f 764//1580 765//1581 938//1582 936//1583
f 771//1584 770//1585 937//1586 939//1587
f 765//1588 760//1589 928//1590 938//1591
f 766//1592 771//1593 939//1594 931//1595
f 940//1596 941//1597 949//1598 948//1599
f 941//1600 942//1601 950//1602 949//1603
f 957//1604 958//1605 959//1606 960//1607
f 943//1608 944//1609 952//1610 951//1611
f 944//1612 945//1613 953//1614 952//1615
f 945//1616 946//1617 954//1618 953//1619
f 946//1620 947//1621 955//1622 954//1623
f 947//1624 940//1625 948//1626 955//1627
s 41
f 941//1628 940//1629 956//1630
f 942//1631 941//1628 956//1630
f 943//1632 942//1631 956//1630
f 944//1633 943//1632 956//1630
f 945//1634 944//1633 956//1630
f 946//1635 945//1634 956//1630
f 947//1636 946//1635 956//1630
f 940//1629 947//1636 956//1630
f 942//1631 943//1632 958//1637 957//1638
s off
f 943//1639 951//1640 959//1641 958//1642
f 951//1643 950//1644 960//1645 959//1646
f 950//1647 942//1648 957//1649 960//1650
