# This file uses centimeters as units for non-parametric coordinates.

mtllib UVMap01.mtl
g default
v 1.400909 1.545571 -0.962139
v 1.404041 1.551719 -0.962139
v 1.408920 1.556598 -0.962139
v 1.415068 1.559730 -0.962139
v 1.421883 1.560810 -0.962139
v 1.428699 1.559730 -0.962139
v 1.434847 1.556598 -0.962139
v 1.439726 1.551719 -0.962139
v 1.442858 1.545571 -0.962139
v 1.443938 1.538756 -0.962139
v 1.442858 1.531940 -0.962139
v 1.439726 1.525792 -0.962139
v 1.434847 1.520913 -0.962139
v 1.428699 1.517781 -0.962139
v 1.421883 1.516701 -0.962139
v 1.415068 1.517781 -0.962139
v 1.408920 1.520913 -0.962139
v 1.404041 1.525792 -0.962139
v 1.400909 1.531940 -0.962139
v 1.399829 1.538756 -0.962139
v 1.380450 1.552218 -0.967303
v 1.386638 1.564363 -0.967303
v 1.396276 1.574001 -0.967303
v 1.408421 1.580189 -0.967303
v 1.421883 1.582321 -0.967303
v 1.435346 1.580189 -0.967303
v 1.447490 1.574001 -0.967303
v 1.457129 1.564363 -0.967303
v 1.463317 1.552218 -0.967303
v 1.465449 1.538756 -0.967303
v 1.463317 1.525293 -0.967303
v 1.457129 1.513149 -0.967303
v 1.447490 1.503510 -0.967303
v 1.435346 1.497323 -0.967303
v 1.421883 1.495190 -0.967303
v 1.408421 1.497323 -0.967303
v 1.396276 1.503510 -0.967303
v 1.386638 1.513149 -0.967303
v 1.380450 1.525293 -0.967303
v 1.378318 1.538756 -0.967303
v 1.361012 1.558534 -0.975769
v 1.370103 1.576376 -0.975769
v 1.384263 1.590536 -0.975769
v 1.402105 1.599627 -0.975769
v 1.421883 1.602759 -0.975769
v 1.441662 1.599627 -0.975769
v 1.459504 1.590536 -0.975769
v 1.473664 1.576376 -0.975769
v 1.482755 1.558534 -0.975769
v 1.485887 1.538756 -0.975769
v 1.482755 1.518977 -0.975769
v 1.473664 1.501135 -0.975769
v 1.459504 1.486975 -0.975769
v 1.441662 1.477884 -0.975769
v 1.421883 1.474752 -0.975769
v 1.402105 1.477884 -0.975769
v 1.384263 1.486975 -0.975769
v 1.370103 1.501135 -0.975769
v 1.361012 1.518977 -0.975769
v 1.357880 1.538756 -0.975769
v 1.343073 1.564363 -0.982415
v 1.354843 1.587463 -0.982415
v 1.373176 1.605796 -0.982415
v 1.396276 1.617566 -0.982415
v 1.421883 1.621622 -0.982415
v 1.447490 1.617566 -0.982415
v 1.470591 1.605796 -0.982415
v 1.488924 1.587463 -0.982415
v 1.500694 1.564363 -0.982415
v 1.504750 1.538756 -0.982415
v 1.500694 1.513149 -0.982415
v 1.488924 1.490048 -0.982415
v 1.470591 1.471715 -0.982415
v 1.447491 1.459945 -0.982415
v 1.421883 1.455889 -0.982415
v 1.396276 1.459945 -0.982415
v 1.373176 1.471715 -0.982415
v 1.354843 1.490048 -0.982415
v 1.343073 1.513149 -0.982415
v 1.339017 1.538756 -0.982415
v 1.327074 1.569561 -0.984120
v 1.341234 1.597351 -0.984120
v 1.363288 1.619405 -0.984120
v 1.391078 1.633564 -0.984120
v 1.421883 1.638444 -0.984120
v 1.452689 1.633564 -0.984120
v 1.480479 1.619405 -0.984120
v 1.502533 1.597351 -0.984120
v 1.516693 1.569561 -0.984120
v 1.521572 1.538755 -0.984120
v 1.516693 1.507950 -0.984120
v 1.502533 1.480160 -0.984120
v 1.480479 1.458106 -0.984120
v 1.452689 1.443946 -0.984120
v 1.421883 1.439067 -0.984120
v 1.391078 1.443946 -0.984120
v 1.363288 1.458106 -0.984120
v 1.341234 1.480160 -0.984120
v 1.327074 1.507950 -0.984120
v 1.322195 1.538755 -0.984120
v 1.313410 1.574001 -0.985761
v 1.329610 1.605796 -0.985761
v 1.354843 1.631029 -0.985761
v 1.386638 1.647229 -0.985761
v 1.421883 1.652811 -0.985761
v 1.457129 1.647229 -0.985761
v 1.488924 1.631029 -0.985761
v 1.514156 1.605796 -0.985761
v 1.530357 1.574001 -0.985761
v 1.535939 1.538756 -0.985761
v 1.530357 1.503510 -0.985761
v 1.514156 1.471715 -0.985761
v 1.488924 1.446483 -0.985761
v 1.457129 1.430282 -0.985761
v 1.421883 1.424700 -0.985761
v 1.386638 1.430282 -0.985761
v 1.354843 1.446483 -0.985761
v 1.329611 1.471715 -0.985761
v 1.313410 1.503510 -0.985761
v 1.307828 1.538756 -0.985761
v 1.302417 1.577573 -0.992876
v 1.320259 1.612590 -0.992876
v 1.348049 1.640380 -0.992876
v 1.383066 1.658222 -0.992876
v 1.421883 1.664370 -0.992876
v 1.460701 1.658222 -0.992876
v 1.495718 1.640380 -0.992876
v 1.523508 1.612590 -0.992876
v 1.541350 1.577573 -0.992876
v 1.547498 1.538756 -0.992876
v 1.541350 1.499938 -0.992876
v 1.523508 1.464921 -0.992876
v 1.495718 1.437131 -0.992876
v 1.460701 1.419289 -0.992876
v 1.421883 1.413141 -0.992876
v 1.383066 1.419289 -0.992876
v 1.348049 1.437131 -0.992876
v 1.320259 1.464921 -0.992876
v 1.302417 1.499938 -0.992876
v 1.296269 1.538756 -0.992876
v 1.294365 1.580189 -1.009124
v 1.313410 1.617566 -1.009124
v 1.343073 1.647229 -1.009124
v 1.380450 1.666274 -1.009124
v 1.421883 1.672836 -1.009124
v 1.463317 1.666274 -1.009124
v 1.500694 1.647229 -1.009124
v 1.530357 1.617566 -1.009124
v 1.549401 1.580189 -1.009124
v 1.555964 1.538756 -1.009124
v 1.549401 1.497322 -1.009124
v 1.530357 1.459945 -1.009124
v 1.500694 1.430282 -1.009124
v 1.463317 1.411238 -1.009124
v 1.421883 1.404675 -1.009124
v 1.380450 1.411238 -1.009124
v 1.343073 1.430282 -1.009124
v 1.313410 1.459945 -1.009124
v 1.294365 1.497322 -1.009124
v 1.287803 1.538756 -1.009124
v 1.289454 1.581785 -1.030635
v 1.309232 1.620602 -1.030635
v 1.340037 1.651407 -1.030635
v 1.378854 1.671185 -1.030635
v 1.421883 1.678000 -1.030635
v 1.464912 1.671185 -1.030635
v 1.503729 1.651407 -1.030635
v 1.534535 1.620602 -1.030635
v 1.554313 1.581784 -1.030635
v 1.561128 1.538756 -1.030635
v 1.554313 1.495727 -1.030635
v 1.534535 1.456910 -1.030635
v 1.503729 1.426104 -1.030635
v 1.464912 1.406326 -1.030635
v 1.421883 1.399511 -1.030635
v 1.378854 1.406326 -1.030635
v 1.340037 1.426104 -1.030635
v 1.309232 1.456910 -1.030635
v 1.289454 1.495727 -1.030635
v 1.282639 1.538756 -1.030635
v 1.335790 1.566729 -1.077301
v 1.348648 1.591964 -1.077301
v 1.368675 1.611991 -1.077301
v 1.393910 1.624849 -1.077301
v 1.421883 1.629280 -1.077301
v 1.449857 1.624849 -1.077301
v 1.475092 1.611991 -1.077301
v 1.495119 1.591964 -1.077301
v 1.507977 1.566729 -1.077301
v 1.512408 1.538756 -1.077301
v 1.507977 1.510782 -1.077301
v 1.495119 1.485547 -1.077301
v 1.475092 1.465520 -1.077301
v 1.449857 1.452662 -1.077301
v 1.421883 1.448232 -1.077301
v 1.393910 1.452662 -1.077301
v 1.368675 1.465520 -1.077301
v 1.348648 1.485547 -1.077301
v 1.335790 1.510782 -1.077301
v 1.331359 1.538756 -1.077301
v 1.336850 1.566385 -1.091462
v 1.349550 1.591309 -1.091462
v 1.369330 1.611089 -1.091462
v 1.394254 1.623789 -1.091462
v 1.421883 1.628165 -1.091462
v 1.449512 1.623789 -1.091462
v 1.474437 1.611089 -1.091462
v 1.494217 1.591309 -1.091462
v 1.506917 1.566385 -1.091462
v 1.511293 1.538756 -1.091462
v 1.506917 1.511127 -1.091462
v 1.494217 1.486202 -1.091462
v 1.474437 1.466422 -1.091462
v 1.449512 1.453722 -1.091462
v 1.421883 1.449346 -1.091462
v 1.394254 1.453722 -1.091462
v 1.369330 1.466422 -1.091462
v 1.349550 1.486202 -1.091462
v 1.336850 1.511127 -1.091462
v 1.332474 1.538756 -1.091462
v 1.340004 1.565360 -1.105274
v 1.352232 1.589360 -1.105274
v 1.371279 1.608407 -1.105274
v 1.395279 1.620635 -1.105275
v 1.421883 1.624849 -1.105275
v 1.448488 1.620635 -1.105274
v 1.472488 1.608407 -1.105274
v 1.491535 1.589360 -1.105274
v 1.503763 1.565360 -1.105275
v 1.507977 1.538756 -1.105275
v 1.503763 1.512151 -1.105274
v 1.491534 1.488151 -1.105274
v 1.472488 1.469105 -1.105274
v 1.448488 1.456876 -1.105274
v 1.421883 1.452662 -1.105274
v 1.395279 1.456876 -1.105274
v 1.371279 1.469105 -1.105274
v 1.352232 1.488151 -1.105275
v 1.340004 1.512151 -1.105274
v 1.335790 1.538756 -1.105275
v 1.421883 1.538756 -0.960403
v 0.502380 1.112552 -1.359329
v 2.409873 1.112552 -1.359329
v 0.502380 1.112552 -2.056657
v 2.409873 1.112552 -2.056657
v 0.660438 1.587670 -1.417111
v 2.251815 1.587670 -1.417111
v 2.251815 1.587670 -1.998875
v 0.660438 1.587670 -1.998875
v 0.371679 1.046392 -1.289164
v 2.540575 1.046392 -1.289164
v 0.478988 2.089945 -1.346772
v 0.531450 2.078104 -1.359329
v 0.541890 2.078104 -1.373773
v 0.502380 2.038594 -1.359329
v 0.502380 2.038594 -2.056657
v 0.541890 2.078104 -2.042213
v 0.530318 2.078104 -2.056657
v 2.433266 2.089945 -1.346772
v 2.409873 2.038594 -1.359329
v 2.370363 2.078104 -1.373773
v 2.380803 2.078104 -1.359329
v 2.381935 2.078104 -2.056657
v 2.370363 2.078104 -2.042213
v 2.409873 2.038594 -2.056657
v 2.251815 2.038594 -1.417111
v 2.223876 2.078104 -1.417111
v 2.291326 2.078104 -1.402667
v 2.291326 2.078104 -2.038386
v 2.251815 2.038594 -1.998875
v 0.620927 2.078104 -2.038386
v 0.660438 2.038594 -1.998875
v 0.660438 2.038594 -1.417111
v 0.620927 2.078104 -1.402667
v 0.688376 2.078104 -1.417111
v 2.536754 2.104289 -1.291216
v 2.499134 2.144264 -1.247723
v 0.413120 2.144264 -1.247723
v 0.375500 2.104289 -1.291216
v 0.371679 1.046392 -1.146517
v 0.411189 1.085902 -1.107006
v 2.501064 1.085902 -1.107006
v 2.540575 1.046392 -1.146517
v 2.501064 2.104754 -1.107006
v 2.540575 2.104754 -1.146517
v 2.501064 2.144264 -1.146517
v 0.411189 2.104754 -1.107006
v 0.411189 2.144264 -1.146517
v 0.371679 2.104754 -1.146517
v 2.326790 0.905047 -1.535418
v 2.479926 0.946267 -1.535418
v 2.592035 1.058867 -1.535418
v 2.633079 1.212681 -1.535418
v 2.652251 1.192145 -1.584754
v 2.611119 1.038684 -1.584754
v 2.498742 0.926343 -1.584754
v 2.345230 0.885224 -1.584754
v 0.563906 0.904948 -1.535418
v 0.410754 0.946161 -1.535418
v 0.298643 1.058772 -1.535418
v 0.257618 1.212601 -1.535418
v 0.545538 0.885224 -1.584754
v 0.392028 0.926343 -1.584754
v 0.279651 1.038684 -1.584754
v 0.238518 1.192145 -1.584754
v 2.633152 1.969586 -1.535418
v 2.592127 2.123411 -1.535418
v 2.480018 2.236017 -1.535418
v 2.326873 2.277229 -1.535418
v 2.345230 2.296953 -1.584754
v 2.498742 2.255833 -1.584754
v 2.611119 2.143492 -1.584754
v 2.652251 1.990031 -1.584754
v 0.257692 1.969489 -1.535418
v 0.298738 2.123306 -1.535418
v 0.410849 2.235909 -1.535418
v 0.563991 2.277130 -1.535418
v 0.238518 1.990031 -1.584754
v 0.279651 2.143492 -1.584754
v 0.392028 2.255833 -1.584754
v 0.545538 2.296953 -1.584754
v 0.607689 2.252778 -2.924593
v 0.453842 2.211748 -2.924593
v 0.341219 2.099654 -2.924593
v 0.299996 1.946532 -2.924593
v 0.656573 2.204108 -2.944446
v 0.348921 1.897839 -2.944446
v 0.390139 2.050974 -2.944446
v 0.502747 2.163076 -2.944446
v 2.541737 1.897740 -2.944446
v 2.234185 2.204108 -2.944446
v 2.387994 2.163059 -2.944446
v 2.500570 2.050916 -2.944446
v 2.283078 2.252778 -2.924593
v 2.436918 2.211747 -2.924593
v 2.549535 2.099648 -2.924593
v 2.590744 1.946522 -2.924593
v 0.585711 2.273457 -2.876152
v 0.432201 2.232337 -2.876152
v 0.319824 2.119996 -2.876152
v 0.278691 1.966534 -2.876152
v 2.612080 1.966534 -2.876152
v 2.570947 2.119996 -2.876152
v 2.458570 2.232337 -2.876152
v 2.305059 2.273457 -2.876152
v 2.233824 0.978447 -2.944446
v 2.541518 1.284676 -2.944446
v 2.500259 1.131571 -2.944446
v 2.387644 1.019491 -2.944446
v 2.590674 1.235736 -2.924594
v 2.549443 1.082626 -2.924594
v 2.436821 0.970541 -2.924594
v 2.282980 0.929510 -2.924594
v 2.305059 0.908720 -2.876152
v 2.458570 0.949839 -2.876152
v 2.570947 1.062181 -2.876152
v 2.612080 1.215642 -2.876152
v 0.299996 1.235654 -2.924593
v 0.341221 1.082530 -2.924593
v 0.453848 0.970439 -2.924593
v 0.607698 0.929417 -2.924593
v 0.278691 1.215642 -2.876152
v 0.319824 1.062181 -2.876152
v 0.432201 0.949839 -2.876152
v 0.585711 0.908720 -2.876152
v 0.656631 0.978130 -2.944446
v 0.502782 1.019134 -2.944446
v 0.390149 1.131218 -2.944446
v 0.348921 1.284341 -2.944446
v 2.327425 0.128703 -1.763301
v 2.318605 0.128703 -1.780610
v 2.304868 0.128703 -1.794347
v 2.287559 0.128703 -1.803167
v 2.268371 0.128703 -1.806206
v 2.249184 0.128703 -1.803167
v 2.231874 0.128703 -1.794347
v 2.218137 0.128703 -1.780611
v 2.209318 0.128703 -1.763301
v 2.206279 0.128703 -1.744113
v 2.209318 0.128703 -1.724926
v 2.218137 0.128703 -1.707616
v 2.231874 0.128703 -1.693879
v 2.249184 0.128703 -1.685060
v 2.268371 0.128703 -1.682021
v 2.287559 0.128703 -1.685060
v 2.304868 0.128703 -1.693879
v 2.318605 0.128703 -1.707616
v 2.327425 0.128703 -1.724926
v 2.330464 0.128703 -1.744113
v 2.374938 0.890190 -1.778739
v 2.359022 0.890190 -1.809975
v 2.334233 0.890190 -1.834764
v 2.302997 0.890190 -1.850680
v 2.268371 0.890190 -1.856164
v 2.233746 0.890190 -1.850680
v 2.202509 0.890190 -1.834764
v 2.177720 0.890190 -1.809975
v 2.161805 0.890190 -1.778739
v 2.156321 0.890190 -1.744113
v 2.161805 0.890190 -1.709488
v 2.177720 0.890190 -1.678251
v 2.202509 0.890190 -1.653462
v 2.233746 0.890190 -1.637547
v 2.268371 0.890190 -1.632063
v 2.302997 0.890190 -1.637547
v 2.334233 0.890190 -1.653462
v 2.359022 0.890190 -1.678252
v 2.374938 0.890190 -1.709488
v 2.380422 0.890190 -1.744113
v 2.271887 0.132212 -2.724277
v 2.263067 0.132212 -2.741586
v 2.249331 0.132212 -2.755323
v 2.232021 0.132212 -2.764143
v 2.212833 0.132212 -2.767182
v 2.193645 0.132212 -2.764143
v 2.176336 0.132212 -2.755323
v 2.162599 0.132212 -2.741586
v 2.153780 0.132212 -2.724277
v 2.150741 0.132212 -2.705089
v 2.153780 0.132212 -2.685902
v 2.162599 0.132212 -2.668592
v 2.176336 0.132212 -2.654855
v 2.193645 0.132212 -2.646035
v 2.212833 0.132212 -2.642996
v 2.232021 0.132212 -2.646036
v 2.249331 0.132212 -2.654855
v 2.263067 0.132212 -2.668592
v 2.271887 0.132212 -2.685901
v 2.274926 0.132212 -2.705089
v 2.319400 0.893698 -2.739715
v 2.303484 0.893698 -2.770951
v 2.278695 0.893698 -2.795740
v 2.247459 0.893698 -2.811656
v 2.212833 0.893698 -2.817140
v 2.178208 0.893698 -2.811656
v 2.146971 0.893698 -2.795740
v 2.122182 0.893698 -2.770951
v 2.106267 0.893698 -2.739715
v 2.100782 0.893698 -2.705089
v 2.106267 0.893698 -2.670464
v 2.122182 0.893698 -2.639227
v 2.146971 0.893698 -2.614438
v 2.178208 0.893698 -2.598522
v 2.212833 0.893698 -2.593038
v 2.247459 0.893698 -2.598522
v 2.278695 0.893698 -2.614438
v 2.303484 0.893698 -2.639227
v 2.319400 0.893698 -2.670464
v 2.324884 0.893698 -2.705089
v 0.709360 0.143811 -2.722798
v 0.700541 0.143811 -2.740107
v 0.686804 0.143811 -2.753844
v 0.669494 0.143811 -2.762664
v 0.650307 0.143811 -2.765703
v 0.631119 0.143811 -2.762664
v 0.613810 0.143811 -2.753844
v 0.600073 0.143811 -2.740107
v 0.591253 0.143811 -2.722798
v 0.588214 0.143811 -2.703610
v 0.591253 0.143811 -2.684422
v 0.600073 0.143811 -2.667113
v 0.613810 0.143811 -2.653376
v 0.631119 0.143811 -2.644557
v 0.650307 0.143811 -2.641518
v 0.669494 0.143811 -2.644557
v 0.686804 0.143811 -2.653376
v 0.700541 0.143811 -2.667113
v 0.709360 0.143811 -2.684423
v 0.712399 0.143811 -2.703610
v 0.756873 0.905298 -2.738236
v 0.740958 0.905298 -2.769472
v 0.716169 0.905298 -2.794261
v 0.684932 0.905298 -2.810177
v 0.650307 0.905298 -2.815661
v 0.615681 0.905298 -2.810177
v 0.584445 0.905298 -2.794261
v 0.559656 0.905298 -2.769472
v 0.543740 0.905298 -2.738236
v 0.538256 0.905298 -2.703610
v 0.543740 0.905298 -2.668984
v 0.559656 0.905298 -2.637748
v 0.584445 0.905298 -2.612959
v 0.615681 0.905298 -2.597044
v 0.650307 0.905298 -2.591559
v 0.684932 0.905298 -2.597044
v 0.716169 0.905298 -2.612959
v 0.740958 0.905298 -2.637748
v 0.756873 0.905298 -2.668985
v 0.762358 0.905298 -2.703610
v 0.640970 0.151440 -1.772871
v 0.632150 0.151440 -1.790181
v 0.618413 0.151440 -1.803918
v 0.601104 0.151440 -1.812737
v 0.581916 0.151440 -1.815776
v 0.562729 0.151440 -1.812737
v 0.545419 0.151440 -1.803918
v 0.531682 0.151440 -1.790181
v 0.522863 0.151440 -1.772871
v 0.519824 0.151440 -1.753684
v 0.522863 0.151440 -1.734496
v 0.531682 0.151440 -1.717187
v 0.545419 0.151440 -1.703449
v 0.562729 0.151440 -1.694630
v 0.581916 0.151440 -1.691591
v 0.601104 0.151440 -1.694630
v 0.618413 0.151440 -1.703450
v 0.632150 0.151440 -1.717187
v 0.640970 0.151440 -1.734496
v 0.644009 0.151440 -1.753684
v 0.688483 0.912926 -1.788309
v 0.672567 0.912926 -1.819546
v 0.647778 0.912926 -1.844335
v 0.616542 0.912926 -1.860250
v 0.581916 0.912926 -1.865735
v 0.547291 0.912926 -1.860250
v 0.516055 0.912926 -1.844335
v 0.491265 0.912926 -1.819546
v 0.475350 0.912926 -1.788309
v 0.469865 0.912926 -1.753684
v 0.475350 0.912926 -1.719058
v 0.491265 0.912926 -1.687822
v 0.516055 0.912926 -1.663033
v 0.547291 0.912926 -1.647117
v 0.581916 0.912926 -1.641633
v 0.616542 0.912926 -1.647117
v 0.647778 0.912926 -1.663033
v 0.672567 0.912926 -1.687822
v 0.688483 0.912926 -1.719058
v 0.693967 0.912926 -1.753684
v 0.537168 2.490547 -2.116828
v 0.649601 2.322279 -2.116828
v 0.817869 2.209847 -2.116828
v 1.016353 2.170368 -2.116828
v 1.016353 2.209847 -1.918342
v 1.016353 2.322279 -1.750075
v 1.016353 2.490547 -1.637642
v 1.016353 2.689087 -1.598160
v 0.817869 2.689087 -1.637642
v 0.649601 2.689087 -1.750075
v 0.537168 2.689087 -1.918342
v 0.497687 2.689087 -2.116828
v 1.853319 2.209847 -2.116828
v 2.021587 2.322279 -2.116828
v 2.134020 2.490547 -2.116828
v 2.173501 2.689087 -2.116828
v 2.134020 2.689087 -1.918342
v 2.021587 2.689087 -1.750075
v 1.853319 2.689087 -1.637642
v 1.654834 2.689087 -1.598160
v 1.654834 2.490547 -1.637642
v 1.654834 2.322279 -1.750075
v 1.654834 2.209847 -1.918342
v 1.654834 2.170368 -2.116828
v 0.817869 2.689087 -2.782283
v 0.649601 2.689087 -2.669850
v 0.537168 2.689087 -2.501582
v 0.497687 2.689087 -2.303097
v 1.016353 2.689087 -2.821764
v 2.134020 2.689087 -2.501582
v 2.021587 2.689087 -2.669850
v 1.853319 2.689087 -2.782283
v 1.654834 2.689087 -2.821764
v 2.173501 2.689087 -2.303097
v 0.817869 2.209847 -2.303097
v 0.649601 2.322279 -2.303097
v 0.537168 2.490547 -2.303097
v 1.016353 2.490547 -2.782283
v 1.016353 2.322279 -2.669850
v 1.016353 2.209847 -2.501582
v 1.016353 2.170368 -2.303097
v 2.134020 2.490547 -2.303097
v 2.021587 2.322279 -2.303097
v 1.853319 2.209847 -2.303097
v 1.654834 2.170368 -2.303097
v 1.654834 2.209847 -2.501582
v 1.654834 2.322279 -2.669850
v 1.654834 2.490547 -2.782283
v 0.563835 2.510008 -1.937801
v 0.666010 2.338690 -1.964831
v 0.837327 2.236514 -1.937801
v 0.864357 2.338690 -1.766484
v 0.837327 2.510008 -1.664309
v 0.666010 2.537039 -1.766484
v 0.717006 2.389687 -1.817480
v 1.833861 2.236514 -1.937801
v 2.005178 2.338690 -1.964831
v 2.107352 2.510008 -1.937801
v 2.005178 2.537039 -1.766484
v 1.833861 2.510008 -1.664309
v 1.806830 2.338690 -1.766484
v 1.954182 2.389687 -1.817480
v 0.837327 2.236514 -2.482124
v 0.666010 2.338690 -2.455093
v 0.563835 2.510008 -2.482124
v 0.666010 2.537039 -2.653441
v 0.837327 2.510008 -2.755615
v 0.864357 2.338690 -2.653441
v 0.717006 2.389687 -2.602445
v 2.107352 2.510008 -2.482124
v 2.005178 2.338690 -2.455093
v 1.833861 2.236514 -2.482124
v 1.806830 2.338690 -2.653441
v 1.833861 2.510008 -2.755615
v 2.005178 2.537039 -2.653441
v 1.954182 2.389687 -2.602445
v 0.698634 2.750395 -2.135663
v 0.843657 2.566192 -2.143174
v 0.843657 2.566192 -2.276751
v 0.698634 2.750395 -2.284262
v 0.964325 2.566192 -2.143174
v 0.964325 2.566192 -2.276751
v 1.106661 2.566192 -2.143174
v 1.106661 2.566192 -2.276751
v 1.106661 2.566192 -2.000836
v 1.564526 2.566192 -2.000836
v 1.564526 2.566192 -2.143174
v 1.106661 2.566192 -1.880169
v 1.564526 2.566192 -1.880169
v 1.080913 2.750395 -1.753382
v 1.590274 2.750395 -1.753382
v 1.706863 2.566192 -2.143174
v 1.706863 2.566192 -2.276751
v 1.564526 2.566192 -2.276751
v 1.827530 2.566192 -2.143174
v 1.827530 2.566192 -2.276751
v 1.972554 2.750395 -2.135663
v 1.972554 2.750395 -2.284262
v 1.080913 2.750395 -2.666542
v 1.106661 2.566192 -2.539755
v 1.564526 2.566192 -2.539755
v 1.590274 2.750395 -2.666542
v 1.106661 2.566192 -2.419088
v 1.564526 2.566192 -2.419088
v 0.978278 2.566192 -2.014791
v 0.855424 2.566192 -2.034174
v 0.719907 2.750395 -1.992840
v 0.938092 2.750395 -1.774656
v 0.997662 2.566192 -1.891936
v 0.891994 2.566192 -1.928506
v 0.801420 2.750395 -1.856168
v 1.951279 2.750395 -1.992840
v 1.815764 2.566192 -2.034174
v 1.692909 2.566192 -2.014791
v 1.673525 2.566192 -1.891936
v 1.733096 2.750395 -1.774656
v 1.869768 2.750395 -1.856168
v 1.779193 2.566192 -1.928506
v 0.719907 2.750395 -2.427084
v 0.855424 2.566192 -2.385750
v 0.978278 2.566192 -2.405134
v 0.997662 2.566192 -2.527988
v 0.938092 2.750395 -2.645267
v 0.801420 2.750395 -2.563756
v 0.891994 2.566192 -2.491417
v 1.733096 2.750395 -2.645267
v 1.673525 2.566192 -2.527988
v 1.692909 2.566192 -2.405134
v 1.815764 2.566192 -2.385750
v 1.951279 2.750395 -2.427084
v 1.869768 2.750395 -2.563756
v 1.779193 2.566192 -2.491417
v 0.522957 2.823381 -2.116828
v 0.555110 2.873880 -2.118462
v 0.613212 2.888190 -2.122461
v 0.522957 2.823381 -2.303097
v 0.555135 2.873877 -2.301461
v 0.613298 2.888177 -2.297458
v 1.016353 2.821793 -1.623132
v 1.018029 2.872163 -1.655989
v 1.022077 2.887560 -1.714836
v 1.654834 2.821793 -1.623132
v 1.653160 2.872167 -1.655962
v 1.649116 2.887576 -1.714746
v 2.148230 2.823381 -2.116828
v 2.116053 2.873877 -2.118464
v 2.057889 2.888177 -2.122467
v 2.148230 2.823381 -2.303097
v 2.116078 2.873880 -2.301463
v 2.057975 2.888190 -2.297464
v 1.016353 2.821793 -2.796792
v 1.018027 2.872167 -2.763962
v 1.022071 2.884668 -2.705178
v 1.654834 2.821793 -2.796792
v 1.653158 2.872163 -2.763936
v 1.649109 2.884652 -2.705088
v 0.553995 2.821475 -1.930620
v 0.582827 2.873074 -1.943414
v 0.638683 2.887926 -1.964196
v 0.659620 2.817203 -1.760094
v 0.683594 2.871521 -1.777494
v 0.732034 2.887741 -1.810213
v 0.829759 2.817304 -1.653938
v 0.850743 2.871468 -1.678391
v 0.890727 2.886772 -1.722789
v 2.117193 2.821475 -1.930620
v 2.088552 2.873102 -1.943347
v 2.033161 2.888022 -1.963964
v 1.841428 2.817304 -1.653938
v 1.818835 2.871102 -1.680153
v 1.774960 2.885523 -1.728811
v 2.011568 2.817203 -1.760094
v 1.986484 2.871334 -1.778229
v 1.935391 2.887105 -1.812705
v 0.829759 2.817304 -2.765986
v 0.852351 2.871102 -2.739771
v 0.896226 2.885523 -2.691113
v 0.659620 2.817203 -2.659831
v 0.684703 2.871334 -2.641696
v 0.735797 2.887105 -2.607219
v 0.553995 2.821475 -2.489305
v 0.582636 2.873102 -2.476578
v 0.638025 2.888022 -2.455960
v 2.117193 2.821475 -2.489305
v 2.088360 2.873074 -2.476510
v 2.032504 2.887926 -2.455729
v 2.011568 2.817203 -2.659831
v 1.987594 2.871521 -2.642431
v 1.939154 2.887741 -2.609712
v 1.841428 2.817304 -2.765986
v 1.820445 2.871468 -2.741533
v 1.780459 2.886772 -2.697135
v 0.648525 2.853361 -2.129817
v 0.632154 2.885453 -2.128144
v 0.648525 2.853361 -2.290107
v 0.632148 2.885454 -2.291781
v 1.046828 2.884650 -1.711155
v 1.061537 2.849172 -1.718645
v 1.624406 2.884655 -1.711136
v 1.609650 2.849181 -1.718643
v 2.022662 2.853361 -2.129817
v 2.039040 2.885454 -2.128143
v 2.022662 2.853361 -2.290107
v 2.039034 2.885453 -2.291780
v 1.046781 2.884655 -2.708788
v 1.061536 2.849181 -2.701281
v 1.624359 2.884650 -2.708769
v 1.609650 2.849172 -2.701279
v 0.671476 2.853354 -1.975760
v 0.655668 2.885434 -1.970185
v 0.906906 2.853009 -1.740507
v 0.895858 2.885607 -1.728407
v 0.759451 2.853195 -1.828372
v 0.745390 2.885484 -1.819059
v 1.999713 2.853358 -1.975759
v 2.015514 2.885434 -1.970187
v 1.764280 2.853009 -1.740507
v 1.911735 2.853195 -1.828372
v 1.925505 2.885434 -1.819252
v 0.671474 2.853358 -2.444165
v 0.655673 2.885434 -2.449736
v 0.906906 2.853009 -2.679417
v 0.759451 2.853195 -2.591552
v 0.745681 2.885434 -2.600673
v 1.764280 2.853009 -2.679417
v 1.775329 2.885607 -2.691517
v 1.999712 2.853354 -2.444164
v 2.015519 2.885434 -2.449739
v 1.911735 2.853195 -2.591552
v 1.925797 2.885484 -2.600865
v 2.274906 2.287534 -2.531520
v 2.269526 2.284244 -2.593701
v 2.212909 2.282806 -2.620136
v 2.161674 2.284659 -2.584388
v 2.167055 2.287949 -2.522208
v 2.223672 2.289387 -2.495774
v 2.274792 2.381363 -2.542336
v 2.269411 2.381363 -2.604517
v 2.212793 2.381363 -2.630952
v 2.161559 2.381363 -2.595206
v 2.166941 2.381363 -2.533025
v 2.223556 2.381363 -2.506590
v 2.276378 2.672382 -2.553084
v 2.270995 2.668744 -2.615247
v 2.214380 2.667654 -2.641700
v 2.163148 2.670202 -2.605993
v 2.168530 2.673841 -2.543832
v 2.225145 2.674931 -2.517378
v 2.278480 2.831587 -2.563050
v 2.273095 2.827791 -2.625201
v 2.216481 2.826859 -2.651665
v 2.165253 2.829724 -2.615977
v 2.170637 2.833520 -2.553826
v 2.227250 2.834452 -2.527362
v 2.279915 2.971043 -2.571496
v 2.274531 2.967371 -2.633655
v 2.217917 2.966315 -2.660112
v 2.166685 2.968929 -2.624408
v 2.172068 2.972600 -2.562247
v 2.228683 2.973658 -2.535792
v 2.279496 3.092480 -2.577682
v 2.274115 3.089355 -2.639872
v 2.217499 3.087752 -2.666297
v 2.166265 3.089275 -2.630535
v 2.171646 3.092401 -2.568345
v 2.228262 3.094003 -2.541919
v 2.276013 3.197693 -2.580860
v 2.270608 3.195733 -2.643095
v 2.214017 3.192964 -2.669476
v 2.162829 3.192154 -2.633621
v 2.168235 3.194114 -2.571386
v 2.224827 3.196883 -2.545005
v 2.268199 3.288553 -2.580241
v 2.262664 3.288660 -2.642496
v 2.206202 3.283824 -2.668857
v 2.155275 3.278880 -2.632963
v 2.160811 3.278773 -2.570710
v 2.217273 3.283609 -2.544349
v 2.254662 3.366985 -2.574956
v 2.248683 3.370392 -2.637074
v 2.192663 3.362257 -2.663570
v 2.142625 3.350715 -2.627946
v 2.148604 3.347309 -2.565826
v 2.204622 3.355444 -2.539331
v 2.233754 3.434812 -2.563947
v 2.226587 3.443010 -2.625492
v 2.171758 3.430084 -2.652564
v 2.124096 3.408958 -2.618091
v 2.131264 3.400760 -2.556546
v 2.186093 3.413687 -2.529475
v 2.202814 3.492894 -2.545400
v 2.192924 3.507427 -2.605377
v 2.140817 3.488166 -2.634015
v 2.098601 3.454372 -2.602677
v 2.108493 3.439839 -2.542700
v 2.160599 3.459100 -2.514062
v 2.158703 3.540036 -2.517055
v 2.143958 3.561188 -2.573988
v 2.096706 3.535308 -2.605671
v 2.064201 3.488276 -2.580419
v 2.078946 3.467124 -2.523485
v 2.126199 3.493005 -2.491803
v 2.099831 3.574072 -2.477682
v 2.079071 3.599932 -2.530659
v 2.037833 3.569344 -2.566297
v 2.017355 3.512897 -2.548958
v 2.038116 3.487037 -2.495981
v 2.079352 3.517625 -2.460343
v 2.025418 3.594414 -2.426705
v 1.999222 3.622523 -2.476000
v 1.963420 3.589686 -2.515321
v 1.953812 3.528739 -2.505346
v 1.980005 3.500630 -2.456052
v 2.015809 3.533468 -2.416731
v 1.937487 3.593293 -2.365128
v 1.904804 3.622129 -2.409922
v 1.875490 3.588564 -2.453744
v 1.878860 3.526163 -2.452771
v 1.911544 3.497326 -2.407977
v 1.940856 3.530891 -2.364155
v 1.848827 3.542733 -2.300401
v 1.805737 3.568329 -2.337741
v 1.786830 3.538004 -2.389017
v 1.811017 3.482085 -2.402955
v 1.854109 3.456490 -2.365616
v 1.873014 3.486814 -2.314339
v 1.778178 3.354236 -2.243049
v 1.722931 3.354236 -2.274464
v 1.713263 3.354236 -2.335837
v 1.758842 3.354236 -2.365795
v 1.814090 3.354236 -2.334382
v 1.823758 3.354236 -2.273008
v 1.785625 3.249261 -2.250140
v 1.726613 3.249261 -2.278252
v 1.720711 3.249261 -2.342925
v 1.773821 3.249261 -2.379485
v 1.832833 3.249261 -2.351372
v 1.838737 3.249261 -2.286699
v 1.787684 3.354236 -2.223583
v 1.709028 3.354236 -2.268308
v 1.700295 3.249261 -2.257622
v 1.784311 3.249261 -2.217598
v 1.695264 3.354236 -2.355685
v 1.691892 3.249261 -2.349697
v 1.760156 3.354236 -2.398336
v 1.767506 3.249261 -2.401748
v 1.838811 3.354236 -2.353612
v 1.851521 3.249261 -2.361723
v 1.852576 3.354236 -2.266235
v 1.859925 3.249261 -2.269647
v 1.804219 3.464245 -2.264775
v 1.838707 3.438102 -2.286527
v 1.824951 3.423926 -2.341711
v 1.776710 3.435892 -2.375144
v 1.742222 3.462034 -2.353391
v 1.755977 3.476211 -2.298208
v 2.276378 2.672382 -2.553084
v 2.270995 2.668744 -2.615247
v 2.273095 2.827791 -2.625201
v 2.278480 2.831587 -2.563050
v 2.214380 2.667654 -2.641700
v 2.216481 2.826859 -2.651665
v 2.163148 2.670202 -2.605993
v 2.165253 2.829724 -2.615977
v 2.168530 2.673841 -2.543832
v 2.170637 2.833520 -2.553826
v 2.225145 2.674931 -2.517378
v 2.227250 2.834452 -2.527362
v 2.224298 2.578322 -2.511631
v 2.167684 2.577046 -2.538074
v 2.162301 2.573593 -2.600246
v 2.213534 2.571416 -2.635973
v 2.270151 2.572691 -2.609530
v 2.275533 2.576144 -2.547358
v 2.310668 2.672382 -2.535590
v 2.301989 2.668744 -2.635824
v 2.305374 2.827791 -2.651875
v 2.314056 2.831587 -2.551660
v 2.210699 2.667654 -2.678479
v 2.214087 2.826859 -2.694547
v 2.128090 2.670202 -2.620903
v 2.131483 2.829724 -2.637002
v 2.136768 2.673841 -2.520671
v 2.140165 2.833520 -2.536786
v 2.228058 2.674931 -2.478015
v 2.231451 2.834452 -2.494115
v 2.226692 2.578322 -2.468748
v 2.135403 2.577046 -2.511387
v 2.228058 2.674931 -2.478015
v 2.136768 2.673841 -2.520671
v 2.126724 2.573593 -2.611637
v 2.128090 2.670202 -2.620903
v 2.209335 2.571416 -2.669245
v 2.210699 2.667654 -2.678479
v 2.300628 2.572691 -2.626607
v 2.301989 2.668744 -2.635824
v 2.309305 2.576144 -2.526356
v 2.310668 2.672382 -2.535590
v 2.307662 2.286096 -2.524973
v 2.299171 2.286096 -2.623094
v 2.298991 2.381363 -2.628304
v 2.307481 2.381363 -2.530182
v 2.209831 2.286096 -2.664806
v 2.209649 2.381363 -2.670016
v 2.128984 2.286096 -2.608398
v 2.128803 2.381363 -2.613610
v 2.137476 2.286096 -2.510279
v 2.137296 2.381363 -2.515490
v 2.226816 2.286096 -2.468567
v 2.226632 2.381363 -2.473777
v 2.397841 2.764526 -2.564761
v 2.398450 2.789725 -2.621628
v 2.377527 2.767777 -2.708427
v 2.377677 2.731554 -2.722452
v 2.399060 2.642854 -2.678494
v 2.398450 2.617655 -2.621628
v 2.397841 2.642854 -2.564761
v 2.397589 2.703690 -2.541206
v 2.291144 2.764526 -2.543884
v 2.291753 2.789725 -2.600751
v 2.313997 2.767777 -2.695997
v 2.314147 2.731554 -2.710022
v 2.292362 2.642854 -2.657618
v 2.291753 2.617655 -2.600751
v 2.291144 2.642854 -2.543884
v 2.290892 2.703690 -2.520329
v 2.398450 2.703690 -2.621628
v 2.377527 2.813569 -2.794935
v 2.377677 2.777347 -2.808960
v 2.314147 2.777347 -2.796530
v 2.313997 2.813569 -2.782505
v 2.431676 1.305897 -1.549532
v 2.431676 1.305897 -1.549532
v 2.431676 1.305897 -1.549532
v 2.431676 1.305897 -1.549532
v 2.299025 1.075199 -1.549532
v 2.299025 1.075199 -1.549532
v 2.396108 1.172703 -1.549532
v 2.396108 1.172703 -1.549532
v 2.396108 1.172703 -1.549532
v 2.396108 1.172703 -1.549532
v 0.458890 1.305695 -1.549532
v 0.458890 1.305695 -1.549532
v 0.458890 1.305695 -1.549532
v 0.458890 1.305695 -1.549532
v 0.494386 1.172443 -1.549532
v 0.494386 1.172443 -1.549532
v 0.494386 1.172443 -1.549532
v 0.494386 1.172443 -1.549532
v 0.591453 1.074895 -1.549532
v 0.591453 1.074895 -1.549532
v 0.591453 1.074895 -1.549532
v 0.591453 1.074895 -1.549532
v 0.724062 1.039207 -1.549532
v 0.724062 1.039207 -1.549532
v 2.166705 2.142971 -1.549532
v 2.166705 2.142971 -1.549532
v 2.166705 2.142971 -1.549532
v 2.166705 2.142971 -1.549532
v 2.431878 1.876483 -1.549532
v 2.431878 1.876483 -1.549532
v 2.431878 1.876483 -1.549532
v 2.431878 1.876483 -1.549532
v 2.396382 2.009735 -1.549532
v 2.396382 2.009735 -1.549532
v 2.396382 2.009735 -1.549532
v 2.396382 2.009735 -1.549532
v 2.299315 2.107282 -1.549532
v 2.299315 2.107282 -1.549532
v 2.299315 2.107282 -1.549532
v 2.299315 2.107282 -1.549532
v 0.724345 2.142684 -1.549532
v 0.724345 2.142684 -1.549532
v 0.724345 2.142684 -1.549532
v 0.724345 2.142684 -1.549532
v 0.591742 2.106977 -1.549532
v 0.591742 2.106977 -1.549532
v 0.591742 2.106977 -1.549532
v 0.591742 2.106977 -1.549532
v 0.494659 2.009471 -1.549532
v 0.494659 2.009471 -1.549532
v 0.494659 2.009471 -1.549532
v 0.494659 2.009471 -1.549532
v 0.459093 1.876275 -1.549532
v 0.459093 1.876275 -1.549532
v 0.459093 1.876275 -1.549532
v 0.459093 1.876275 -1.549532
v 0.433241 1.145526 -2.747485
v 0.433241 1.145526 -2.747485
v 0.433241 1.145526 -2.747485
v 0.395463 1.287345 -2.747485
v 0.395463 1.287345 -2.747485
v 0.395463 1.287345 -2.747485
v 0.536549 1.041705 -2.747485
v 0.536549 1.041705 -2.747485
v 0.536549 1.041705 -2.747485
v 0.677685 1.003723 -2.747485
v 0.677685 1.003723 -2.747485
v 2.212778 1.004027 -2.747485
v 2.353911 1.042029 -2.747485
v 2.353911 1.042029 -2.747485
v 2.457236 1.145802 -2.747485
v 2.457236 1.145802 -2.747485
v 2.457236 1.145802 -2.747485
v 2.495091 1.287560 -2.747485
v 2.495091 1.287560 -2.747485
v 2.495091 1.287560 -2.747485
v 2.495306 1.894832 -2.747485
v 2.495306 1.894832 -2.747485
v 2.495306 1.894832 -2.747485
v 2.457527 2.036652 -2.747485
v 2.457527 2.036652 -2.747485
v 2.457527 2.036652 -2.747485
v 2.354220 2.140471 -2.747485
v 2.354220 2.140471 -2.747485
v 2.354220 2.140471 -2.747485
v 2.213083 2.178454 -2.747485
v 2.213083 2.178454 -2.747485
v 2.213083 2.178454 -2.747485
v 0.677984 2.178149 -2.747485
v 0.677984 2.178149 -2.747485
v 0.677984 2.178149 -2.747485
v 0.536856 2.140147 -2.747485
v 0.536856 2.140147 -2.747485
v 0.536856 2.140147 -2.747485
v 0.433532 2.036372 -2.747485
v 0.433532 2.036372 -2.747485
v 0.433532 2.036372 -2.747485
v 0.395678 1.894612 -2.747485
v 0.395678 1.894612 -2.747485
v 0.395678 1.894612 -2.747485
v 0.724062 1.039207 -1.549532
v 0.563906 0.904948 -1.535418
v 2.326790 0.905047 -1.535418
v 2.166418 1.039493 -1.549532
v 2.299025 1.075199 -1.549532
v 2.166418 1.039493 -1.549532
v 2.326790 0.905047 -1.535418
v 2.479926 0.946267 -1.535418
v 0.724062 1.039207 -1.549532
v 2.166418 1.039493 -1.549532
v 2.212778 1.004027 -2.747485
v 0.677685 1.003723 -2.747485
v 2.166418 1.039493 -1.549532
v 2.299025 1.075199 -1.549532
v 2.353911 1.042029 -2.747485
v 2.212778 1.004027 -2.747485
v 0.458890 1.305695 -1.549532
v 0.459093 1.876275 -1.549532
v 0.460252 1.876275 -1.549532
v 0.460050 1.305695 -1.549532
v 0.724345 2.142684 -1.549532
v 2.166705 2.142971 -1.549532
v 2.165857 2.142971 -1.549532
v 0.725193 2.142684 -1.549532
v 2.431676 1.305897 -1.549532
v 2.396108 1.172703 -1.549532
v 2.394991 1.172703 -1.549532
v 2.430517 1.305897 -1.549532
v 2.396108 1.172703 -1.549532
v 2.299025 1.075199 -1.549532
v 2.298021 1.075199 -1.549532
v 2.394991 1.172703 -1.549532
v 0.494386 1.172443 -1.549532
v 0.458890 1.305695 -1.549532
v 0.460050 1.305695 -1.549532
v 0.495504 1.172443 -1.549532
v 0.591453 1.074895 -1.549532
v 0.494386 1.172443 -1.549532
v 0.495504 1.172443 -1.549532
v 0.592456 1.074895 -1.549532
v 0.724062 1.039207 -1.549532
v 0.591453 1.074895 -1.549532
v 0.592456 1.074895 -1.549532
v 0.724910 1.039207 -1.549532
v 2.166705 2.142971 -1.549532
v 2.299315 2.107282 -1.549532
v 2.298311 2.107282 -1.549532
v 2.165857 2.142971 -1.549532
v 2.299315 2.107282 -1.549532
v 2.396382 2.009735 -1.549532
v 2.395264 2.009735 -1.549532
v 2.298311 2.107282 -1.549532
v 2.396382 2.009735 -1.549532
v 2.431878 1.876483 -1.549532
v 2.430719 1.876483 -1.549532
v 2.395264 2.009735 -1.549532
v 0.591742 2.106977 -1.549532
v 0.724345 2.142684 -1.549532
v 0.725193 2.142684 -1.549532
v 0.592745 2.106977 -1.549532
v 0.494659 2.009471 -1.549532
v 0.591742 2.106977 -1.549532
v 0.592745 2.106977 -1.549532
v 0.495777 2.009471 -1.549532
v 0.459093 1.876275 -1.549532
v 0.494659 2.009471 -1.549532
v 0.495777 2.009471 -1.549532
v 0.460252 1.876275 -1.549532
v 0.433241 1.145526 -2.747485
v 0.395463 1.287345 -2.747485
v 0.348650 1.273428 -2.319963
v 0.388113 1.125111 -2.319963
v 0.536549 1.041705 -2.747485
v 0.433241 1.145526 -2.747485
v 0.388113 1.125111 -2.319963
v 0.496027 1.016535 -2.319963
v 0.677685 1.003723 -2.747485
v 0.536549 1.041705 -2.747485
v 0.496027 1.016535 -2.319963
v 0.643455 0.976812 -2.319963
v 2.212778 1.004027 -2.747485
v 0.677685 1.003723 -2.747485
v 0.643455 0.976812 -2.319963
v 2.246994 0.977130 -2.319963
v 2.353911 1.042029 -2.747485
v 2.212778 1.004027 -2.747485
v 2.246994 0.977130 -2.319963
v 2.394419 1.016873 -2.319963
v 2.457236 1.145802 -2.747485
v 2.353911 1.042029 -2.747485
v 2.394419 1.016873 -2.319963
v 2.502351 1.125400 -2.319963
v 2.495091 1.287560 -2.747485
v 2.457236 1.145802 -2.747485
v 2.502351 1.125400 -2.319963
v 2.541894 1.273653 -2.319963
v 2.495306 1.894832 -2.747485
v 2.495091 1.287560 -2.747485
v 2.541894 1.273653 -2.319963
v 2.542119 1.908749 -2.319963
v 2.457527 2.036652 -2.747485
v 2.495306 1.894832 -2.747485
v 2.542119 1.908749 -2.319963
v 2.502655 2.057065 -2.319963
v 2.354220 2.140471 -2.747485
v 2.457527 2.036652 -2.747485
v 2.502655 2.057065 -2.319963
v 2.394742 2.165642 -2.319963
v 2.213083 2.178454 -2.747485
v 2.354220 2.140471 -2.747485
v 2.394742 2.165642 -2.319963
v 2.247312 2.205364 -2.319963
v 0.677984 2.178149 -2.747485
v 2.213083 2.178454 -2.747485
v 2.247312 2.205364 -2.319963
v 0.643769 2.205046 -2.319963
v 0.536856 2.140147 -2.747485
v 0.677984 2.178149 -2.747485
v 0.643769 2.205046 -2.319963
v 0.496348 2.165302 -2.319963
v 0.433532 2.036372 -2.747485
v 0.536856 2.140147 -2.747485
v 0.496348 2.165302 -2.319963
v 0.388416 2.056773 -2.319963
v 0.395678 1.894612 -2.747485
v 0.433532 2.036372 -2.747485
v 0.388416 2.056773 -2.319963
v 0.348875 1.908518 -2.319963
v 0.395463 1.287345 -2.747485
v 0.395678 1.894612 -2.747485
v 0.348875 1.908518 -2.319963
v 0.348650 1.273428 -2.319963
vt 0.197764 0.402779
vt 0.197545 0.383141
vt 0.203970 0.381815
vt 0.204014 0.400513
vt 0.196124 0.363946
vt 0.203136 0.362986
vt 0.356878 0.381629
vt 0.357274 0.400426
vt 0.206130 0.494757
vt 0.199754 0.492879
vt 0.357933 0.362916
vt 0.363478 0.382697
vt 0.363632 0.402443
vt 0.358889 0.489654
vt 0.200644 0.512742
vt 0.207143 0.513295
vt 0.364749 0.363558
vt 0.365143 0.487418
vt 0.359180 0.508518
vt 0.201442 0.532577
vt 0.208009 0.531782
vt 0.365727 0.507221
vt 0.360840 0.527400
vt 0.367627 0.526492
vt 0.202293 0.552367
vt 0.208519 0.550264
vt 0.361398 0.546407
vt 0.217626 0.762540
vt 0.367458 0.529219
vt 0.367768 0.548571
vt 0.371132 0.751165
vt 0.218147 0.781346
vt 0.377259 0.748374
vt 0.372472 0.769996
vt 0.378880 0.767519
vt 0.171812 0.407357
vt 0.174053 0.414466
vt 0.169665 0.362290
vt 0.171200 0.378576
vt 0.171641 0.390937
vt 0.182160 0.566920
vt 0.187108 0.571818
vt 0.173505 0.490157
vt 0.175589 0.482352
vt 0.174442 0.506576
vt 0.174952 0.521147
vt 0.175565 0.537550
vt 0.181839 0.550626
vt 0.194361 0.742294
vt 0.411192 0.378343
vt 0.431679 0.377583
vt 0.411185 0.378551
vt 0.412061 0.362286
vt 0.402318 0.394970
vt 0.382553 0.376682
vt 0.390237 0.362284
vt 0.211507 0.779813
vt 0.430668 0.396366
vt 0.211214 0.760716
vn -0.190558 0.061916 0.979721
vn -0.162098 0.117772 0.979721
vn -0.269873 0.196074 0.942721
vn -0.317253 0.103082 0.942722
vn -0.117769 0.162093 0.979723
vn -0.196073 0.269869 0.942723
vn -0.061913 0.190553 0.979723
vn -0.103085 0.317251 0.942722
vn -0.000000 0.200362 0.979722
vn -0.000002 0.333577 0.942723
vn 0.061913 0.190553 0.979723
vn 0.103084 0.317250 0.942723
vn 0.117769 0.162094 0.979722
vn 0.196073 0.269871 0.942722
vn 0.162100 0.117767 0.979722
vn 0.269872 0.196071 0.942722
vn 0.190557 0.061914 0.979722
vn 0.317251 0.103078 0.942723
vn 0.200361 -0.000001 0.979722
vn 0.333576 0.000000 0.942723
vn 0.190551 -0.061915 0.979723
vn 0.317251 -0.103082 0.942723
vn 0.162101 -0.117766 0.979722
vn 0.269874 -0.196074 0.942721
vn 0.117779 -0.162096 0.979721
vn 0.196077 -0.269873 0.942721
vn 0.061917 -0.190557 0.979722
vn 0.103086 -0.317252 0.942722
vn -0.000006 -0.200361 0.979722
vn -0.000003 -0.333577 0.942723
vn -0.061920 -0.190557 0.979721
vn -0.103086 -0.317249 0.942723
vn -0.117771 -0.162098 0.979721
vn -0.196072 -0.269868 0.942723
vn -0.162095 -0.117774 0.979722
vn -0.269871 -0.196075 0.942722
vn -0.190549 -0.061917 0.979723
vn -0.317253 -0.103084 0.942722
vn -0.200364 0.000000 0.979722
vn -0.333580 -0.000001 0.942722
vn -0.285331 0.207305 0.935741
vn -0.335427 0.108987 0.935741
vn -0.207306 0.285330 0.935741
vn -0.108989 0.335427 0.935741
vn 0.000000 0.352689 0.935741
vn 0.108989 0.335428 0.935740
vn 0.207306 0.285333 0.935740
vn 0.285331 0.207306 0.935741
vn 0.335426 0.108985 0.935741
vn 0.352689 -0.000000 0.935741
vn 0.335428 -0.108987 0.935740
vn 0.285330 -0.207308 0.935740
vn 0.207304 -0.285332 0.935741
vn 0.108990 -0.335427 0.935741
vn -0.000000 -0.352689 0.935741
vn -0.108991 -0.335427 0.935740
vn -0.207306 -0.285328 0.935741
vn -0.285331 -0.207304 0.935741
vn -0.335427 -0.108988 0.935741
vn -0.352690 -0.000000 0.935740
vn -0.165027 0.119899 0.978974
vn -0.194001 0.063035 0.978974
vn -0.119898 0.165027 0.978974
vn -0.063034 0.194002 0.978974
vn 0.000001 0.203986 0.978974
vn 0.063036 0.194002 0.978974
vn 0.119900 0.165029 0.978974
vn 0.165026 0.119900 0.978974
vn 0.194000 0.063034 0.978974
vn 0.203984 0.000000 0.978974
vn 0.193999 -0.063034 0.978975
vn 0.165023 -0.119898 0.978975
vn 0.119897 -0.165024 0.978975
vn 0.063037 -0.193996 0.978975
vn -0.000000 -0.203981 0.978975
vn -0.063036 -0.193999 0.978974
vn -0.119899 -0.165024 0.978975
vn -0.165026 -0.119896 0.978975
vn -0.194000 -0.063034 0.978974
vn -0.203985 -0.000000 0.978974
vn -0.087195 0.063349 0.994175
vn -0.102504 0.033305 0.994175
vn -0.063349 0.087192 0.994175
vn -0.033305 0.102500 0.994175
vn -0.000001 0.107775 0.994175
vn 0.033305 0.102500 0.994175
vn 0.063350 0.087192 0.994175
vn 0.087194 0.063350 0.994175
vn 0.102502 0.033305 0.994175
vn 0.107777 -0.000000 0.994175
vn 0.102503 -0.033305 0.994175
vn 0.087195 -0.063351 0.994175
vn 0.063351 -0.087195 0.994175
vn 0.033307 -0.102502 0.994175
vn 0.000000 -0.107777 0.994175
vn -0.033306 -0.102503 0.994175
vn -0.063350 -0.087194 0.994175
vn -0.087195 -0.063349 0.994175
vn -0.102503 -0.033305 0.994175
vn -0.107776 -0.000001 0.994175
vn -0.284259 0.206525 0.936239
vn -0.334167 0.108577 0.936239
vn -0.206525 0.284259 0.936239
vn -0.108577 0.334164 0.936240
vn -0.000000 0.351361 0.936240
vn 0.108576 0.334164 0.936240
vn 0.206525 0.284257 0.936240
vn 0.284258 0.206527 0.936239
vn 0.334167 0.108579 0.936239
vn 0.351367 -0.000000 0.936238
vn 0.334172 -0.108579 0.936237
vn 0.284263 -0.206528 0.936238
vn 0.206528 -0.284262 0.936238
vn 0.108580 -0.334173 0.936237
vn 0.000001 -0.351369 0.936237
vn -0.108581 -0.334173 0.936237
vn -0.206532 -0.284265 0.936236
vn -0.284264 -0.206529 0.936237
vn -0.334171 -0.108578 0.936238
vn -0.351364 -0.000000 0.936239
vn -0.628889 0.456916 0.629068
vn -0.739303 0.240212 0.629071
vn -0.456914 0.628890 0.629068
vn -0.240214 0.739303 0.629069
vn -0.000000 0.777349 0.629069
vn 0.240214 0.739301 0.629071
vn 0.456913 0.628887 0.629072
vn 0.628888 0.456914 0.629071
vn 0.739303 0.240214 0.629070
vn 0.777350 -0.000000 0.629068
vn 0.739303 -0.240215 0.629069
vn 0.628888 -0.456913 0.629071
vn 0.456915 -0.628888 0.629070
vn 0.240215 -0.739304 0.629068
vn 0.000000 -0.777349 0.629069
vn -0.240215 -0.739303 0.629069
vn -0.456914 -0.628889 0.629069
vn -0.628886 -0.456915 0.629072
vn -0.739303 -0.240213 0.629070
vn -0.777349 -0.000001 0.629069
vn -0.762951 0.554318 0.332621
vn -0.896904 0.291420 0.332623
vn -0.554317 0.762952 0.332621
vn -0.291422 0.896904 0.332620
vn 0.000000 0.943063 0.332615
vn 0.291423 0.896905 0.332618
vn 0.554315 0.762953 0.332622
vn 0.762953 0.554316 0.332622
vn 0.896904 0.291421 0.332622
vn 0.943060 0.000000 0.332622
vn 0.896903 -0.291421 0.332623
vn 0.762951 -0.554316 0.332625
vn 0.554315 -0.762953 0.332623
vn 0.291421 -0.896903 0.332623
vn 0.000000 -0.943059 0.332625
vn -0.291421 -0.896903 0.332624
vn -0.554315 -0.762952 0.332624
vn -0.762950 -0.554317 0.332625
vn -0.896903 -0.291420 0.332624
vn -0.943060 -0.000002 0.332623
vn -0.701616 0.509753 -0.497882
vn -0.824799 0.267994 -0.497881
vn -0.509754 0.701615 -0.497882
vn -0.267993 0.824799 -0.497882
vn 0.000000 0.867244 -0.497884
vn 0.267993 0.824799 -0.497883
vn 0.509752 0.701617 -0.497882
vn 0.701617 0.509753 -0.497881
vn 0.824801 0.267994 -0.497878
vn 0.867247 -0.000000 -0.497879
vn 0.824800 -0.267993 -0.497880
vn 0.701617 -0.509753 -0.497881
vn 0.509753 -0.701617 -0.497882
vn 0.267993 -0.824798 -0.497883
vn -0.000000 -0.867245 -0.497883
vn -0.267993 -0.824799 -0.497883
vn -0.509754 -0.701616 -0.497881
vn -0.701616 -0.509753 -0.497882
vn -0.824798 -0.267994 -0.497883
vn -0.867245 -0.000000 -0.497882
vn -0.610358 0.443451 -0.656364
vn -0.717518 0.233137 -0.656365
vn -0.443451 0.610357 -0.656365
vn -0.233135 0.717518 -0.656366
vn 0.000000 0.754444 -0.656365
vn 0.233135 0.717519 -0.656365
vn 0.443450 0.610358 -0.656366
vn 0.610359 0.443449 -0.656365
vn 0.717520 0.233137 -0.656362
vn 0.754445 0.000000 -0.656363
vn 0.717519 -0.233134 -0.656365
vn 0.610357 -0.443449 -0.656367
vn 0.443449 -0.610360 -0.656364
vn 0.233136 -0.717519 -0.656364
vn -0.000000 -0.754443 -0.656365
vn -0.233136 -0.717519 -0.656365
vn -0.443451 -0.610359 -0.656364
vn -0.610358 -0.443451 -0.656365
vn -0.717518 -0.233136 -0.656366
vn -0.754444 0.000001 -0.656365
vn -0.799334 0.580752 -0.154249
vn -0.939674 0.305317 -0.154251
vn -0.580750 0.799335 -0.154249
vn -0.305318 0.939674 -0.154248
vn 0.000000 0.988032 -0.154247
vn 0.305319 0.939674 -0.154249
vn 0.580747 0.799337 -0.154251
vn 0.799334 0.580751 -0.154254
vn 0.939674 0.305317 -0.154255
vn 0.988031 -0.000001 -0.154254
vn 0.939673 -0.305319 -0.154255
vn 0.799336 -0.580748 -0.154252
vn 0.580749 -0.799337 -0.154246
vn 0.305319 -0.939675 -0.154242
vn 0.000000 -0.988033 -0.154240
vn -0.305318 -0.939676 -0.154242
vn -0.580749 -0.799337 -0.154246
vn -0.799334 -0.580752 -0.154247
vn -0.939675 -0.305319 -0.154247
vn -0.988032 -0.000000 -0.154249
vn -0.786664 0.571544 -0.233445
vn -0.924779 0.300477 -0.233448
vn -0.571545 0.786664 -0.233444
vn -0.300480 0.924780 -0.233440
vn -0.000000 0.972372 -0.233437
vn 0.300480 0.924780 -0.233439
vn 0.571544 0.786666 -0.233440
vn 0.786665 0.571545 -0.233443
vn 0.924780 0.300476 -0.233443
vn 0.972371 -0.000002 -0.233443
vn 0.924777 -0.300482 -0.233448
vn 0.786663 -0.571544 -0.233448
vn 0.571546 -0.786664 -0.233443
vn 0.300481 -0.924779 -0.233442
vn 0.000000 -0.972372 -0.233439
vn -0.300480 -0.924780 -0.233441
vn -0.571543 -0.786665 -0.233444
vn -0.786662 -0.571548 -0.233445
vn -0.924779 -0.300479 -0.233444
vn -0.972370 -0.000000 -0.233446
vn 0.000002 0.000000 1.000000
vn 0.000000 1.000000 0.000000
vn 0.000000 1.000000 0.000000
vn 0.000000 1.000000 0.000000
vn 0.000000 1.000000 0.000000
vn 1.000000 0.000000 0.000000
vn 1.000000 0.000000 0.000000
vn 1.000000 0.000000 0.000000
vn 1.000000 0.000000 0.000000
vn -1.000000 0.000000 0.000000
vn -1.000000 0.000000 0.000000
vn -1.000000 0.000000 0.000000
vn -1.000000 0.000000 0.000000
vn 0.000000 -0.727565 -0.686039
vn 0.000000 -0.727565 -0.686039
vn 0.000000 -0.727565 -0.686039
vn 0.000000 -0.727565 -0.686039
vn 0.000000 1.000000 -0.000001
vn 0.000000 0.957042 -0.289949
vn 0.000000 0.957042 -0.289948
vn 0.000000 1.000000 -0.000001
vn 0.000000 1.000000 -0.000001
vn 0.000000 1.000000 -0.000001
vn 0.000000 1.000000 -0.000001
vn 0.000000 1.000000 -0.000001
vn -0.000204 0.000144 -1.000000
vn -0.000162 0.000115 -1.000000
vn 0.000162 0.000115 -1.000000
vn 0.000204 0.000144 -1.000000
vn 0.000000 0.000000 -1.000000
vn 0.000000 0.000000 -1.000000
vn -0.707104 0.707109 0.000000
vn -0.707104 0.707109 0.000000
vn -0.707104 0.707109 0.000000
vn -0.707104 0.707109 0.000000
vn 0.707105 0.707109 0.000000
vn 0.707105 0.707109 0.000000
vn 0.707105 0.707109 0.000000
vn 0.707105 0.707109 0.000000
vn -0.707105 0.707108 0.000000
vn -0.707105 0.707108 0.000000
vn -0.707105 0.707108 0.000000
vn -0.707105 0.707108 0.000000
vn 0.000000 0.707110 0.707103
vn 0.000000 0.707110 0.707103
vn 0.000000 0.707110 0.707103
vn 0.000000 0.707110 0.707103
vn 0.707105 0.707109 0.000000
vn 0.707105 0.707109 0.000000
vn 0.707105 0.707109 0.000000
vn 0.707105 0.707109 0.000000
vn 0.712598 0.701342 -0.017994
vn 0.712598 0.701342 -0.017994
vn 0.712598 0.701342 -0.017994
vn 0.712598 0.701342 -0.017994
vn 0.000000 0.736257 -0.676702
vn 0.000000 0.824718 -0.565545
vn 0.000000 0.824718 -0.565545
vn 0.000000 0.736257 -0.676702
vn -0.712599 0.701341 -0.017995
vn -0.712599 0.701341 -0.017995
vn -0.712599 0.701341 -0.017995
vn -0.712599 0.701341 -0.017995
vn -0.707107 0.000000 0.707107
vn -0.707107 0.000000 0.707107
vn -0.707107 0.000000 0.707107
vn -0.707107 0.000000 0.707107
vn 0.000000 -0.707106 0.707108
vn 0.000000 -0.707106 0.707108
vn 0.000000 -0.707106 0.707108
vn 0.000000 -0.707106 0.707108
vn 0.707107 0.000000 0.707107
vn 0.707107 0.000000 0.707107
vn 0.707107 0.000000 0.707107
vn 0.707107 0.000000 0.707107
vn 0.000000 0.707115 0.707099
vn 0.000000 0.707115 0.707099
vn 0.000000 0.707115 0.707099
vn 0.000000 0.707115 0.707099
vn 0.000000 0.000000 1.000000
vn 0.000000 0.000000 1.000000
vn 0.000000 0.000000 1.000000
vn 0.000000 0.000000 1.000000
vn 0.000000 1.000000 0.000000
vn 0.000000 1.000000 0.000000
vn 0.000000 1.000000 0.000000
vn 0.000000 1.000000 0.000000
vn -1.000000 0.000000 0.000000
vn -1.000000 0.000000 0.000000
vn -1.000000 0.000000 0.000000
vn -1.000000 0.000000 0.000000
vn 0.000000 0.000000 1.000000
vn 0.000000 0.000000 1.000000
vn 0.000000 0.000000 1.000000
vn 0.000000 0.000000 1.000000
vn 1.000000 0.000000 0.000000
vn 1.000000 0.000000 0.000000
vn 1.000000 0.000000 0.000000
vn 1.000000 0.000000 0.000000
vn 0.472985 -0.000000 -0.881071
vn 0.472412 0.001279 -0.881377
vn 0.472496 0.001092 -0.881332
vn 0.472985 -0.000000 -0.881071
vn 0.472985 -0.000000 -0.881071
vn 0.000000 -1.000000 0.000000
vn 0.000000 -1.000000 0.000000
vn 0.000000 -1.000000 0.000000
vn 0.000000 -1.000000 0.000000
vn 0.999910 0.001793 -0.013299
vn 0.999910 0.001793 -0.013299
vn 0.999910 0.001793 -0.013299
vn 0.999910 0.001793 -0.013299
vn 0.000000 1.000000 0.000000
vn 0.000000 1.000000 0.000000
vn 0.000000 1.000000 0.000000
vn 0.000000 1.000000 0.000000
vn -0.999910 0.001793 -0.013300
vn -0.999910 0.001793 -0.013300
vn -0.999910 0.001793 -0.013300
vn -0.999910 0.001793 -0.013300
vn -0.472498 0.001093 -0.881331
vn -0.472414 0.001279 -0.881376
vn -0.472987 -0.000000 -0.881069
vn -0.472987 -0.000000 -0.881069
vn -0.472987 -0.000000 -0.881069
vn 0.000000 0.935863 -0.352365
vn 0.000000 0.935863 -0.352365
vn 0.000000 1.000000 0.000000
vn 0.000000 1.000000 0.000000
vn -0.341476 0.251248 -0.905687
vn -0.341476 0.251248 -0.905687
vn -0.683280 0.483156 0.547438
vn -0.683280 0.483156 0.547438
vn -0.683280 0.483156 0.547438
vn 0.341477 0.251253 -0.905685
vn 0.341477 0.251253 -0.905685
vn 0.683284 0.483168 0.547423
vn 0.683284 0.483168 0.547423
vn 0.683284 0.483168 0.547423
vn 0.207140 0.146474 -0.967284
vn -0.207140 0.146472 -0.967284
vn 0.577345 0.577361 0.577345
vn 0.577345 0.577361 0.577345
vn 0.577345 0.577361 0.577345
vn -0.577345 0.577360 0.577345
vn -0.577345 0.577360 0.577345
vn -0.577345 0.577360 0.577345
vn 0.927827 -0.029149 0.371869
vn 0.773393 -0.423501 0.471709
vn 0.865410 -0.500800 -0.016246
vn 0.998803 -0.045467 -0.018036
vn 0.427644 -0.769413 0.474472
vn 0.502942 -0.864241 -0.011696
vn 0.014266 -0.926218 0.376718
vn 0.022449 -0.999733 -0.005490
vn 0.062304 0.016607 0.997919
vn 0.062304 0.016607 0.997919
vn 0.062304 0.016607 0.997919
vn 0.062304 0.016607 0.997919
vn 0.045603 0.045391 0.997928
vn 0.045603 0.045391 0.997928
vn 0.045603 0.045391 0.997928
vn 0.045603 0.045391 0.997928
vn 0.021344 0.079311 0.996621
vn 0.021344 0.079311 0.996621
vn 0.021344 0.079311 0.996621
vn 0.021344 0.079311 0.996621
vn 0.014231 0.926269 0.376594
vn 0.428158 0.770277 0.472603
vn 0.502940 0.864241 -0.011784
vn 0.022447 0.999733 -0.005489
vn 0.774189 0.423971 0.469979
vn 0.865412 0.500796 -0.016329
vn 0.927907 0.029103 0.371674
vn 0.998803 0.045463 -0.018043
vn 0.021321 -0.079192 0.996631
vn 0.021321 -0.079192 0.996631
vn 0.021321 -0.079192 0.996631
vn 0.021321 -0.079192 0.996631
vn 0.045543 -0.045345 0.997933
vn 0.045543 -0.045345 0.997933
vn 0.045543 -0.045345 0.997933
vn 0.045543 -0.045345 0.997933
vn 0.062240 -0.016613 0.997923
vn 0.062240 -0.016613 0.997923
vn 0.062240 -0.016613 0.997923
vn 0.062240 -0.016613 0.997923
vn -0.346367 0.034199 -0.937476
vn -0.236560 0.153547 -0.959407
vn -0.254046 0.135261 -0.957687
vn -0.367772 0.009580 -0.929867
vn -0.153169 0.237344 -0.959274
vn -0.134389 0.255473 -0.957431
vn -0.018594 0.361546 -0.932169
vn -0.004157 0.374097 -0.927380
vn 0.909702 0.030680 -0.414126
vn 0.753000 0.417289 -0.508783
vn 0.864305 0.500009 -0.054480
vn 0.998037 0.044192 -0.044376
vn 0.413206 0.757161 -0.505933
vn 0.497558 0.865998 -0.049833
vn 0.013732 0.917392 -0.397748
vn 0.021125 0.999317 -0.030335
vn 0.013733 -0.916916 -0.398844
vn 0.412629 -0.756227 -0.507798
vn 0.497557 -0.865994 -0.049923
vn 0.021126 -0.999316 -0.030367
vn 0.752155 -0.416819 -0.510416
vn 0.864299 -0.500011 -0.054561
vn 0.909611 -0.030730 -0.414323
vn 0.998037 -0.044196 -0.044385
vn -0.018513 -0.360726 -0.932488
vn -0.153080 -0.237259 -0.959310
vn -0.134286 -0.255381 -0.957470
vn -0.004099 -0.373114 -0.927777
vn -0.236492 -0.153531 -0.959427
vn -0.253983 -0.135258 -0.957705
vn -0.346358 -0.034201 -0.937479
vn -0.367768 -0.009583 -0.929868
vn 0.018599 0.361526 -0.932176
vn 0.004158 0.374093 -0.927382
vn -0.013732 0.917393 -0.397746
vn -0.021125 0.999317 -0.030336
vn -0.022450 0.999733 -0.005492
vn -0.021124 -0.999316 -0.030367
vn -0.022447 -0.999733 -0.005490
vn -0.998038 -0.044194 -0.044345
vn -0.998803 -0.045463 -0.018045
vn -0.998803 0.045468 -0.018037
vn -0.998038 0.044194 -0.044346
vn -0.000013 0.104478 0.994527
vn -0.000013 0.104478 0.994527
vn -0.000013 0.104478 0.994527
vn -0.000013 0.104478 0.994527
vn -0.014228 -0.926264 0.376607
vn -0.069929 0.000014 0.997552
vn -0.069929 0.000014 0.997552
vn -0.069929 0.000014 0.997552
vn -0.069929 0.000014 0.997552
vn -0.927899 -0.029097 0.371694
vn -0.927818 0.029147 0.371892
vn 0.069930 -0.000014 0.997552
vn 0.069930 -0.000014 0.997552
vn 0.069930 -0.000014 0.997552
vn 0.069930 -0.000014 0.997552
vn -0.014262 0.926222 0.376708
vn 0.000013 -0.104478 0.994527
vn 0.000013 -0.104478 0.994527
vn 0.000013 -0.104478 0.994527
vn 0.000013 -0.104478 0.994527
vn 0.366835 0.009473 -0.930238
vn 0.345643 0.034069 -0.937747
vn 0.345112 -0.034167 -0.937939
vn 0.366676 -0.009632 -0.930299
vn -0.910130 0.030737 -0.413180
vn -0.910128 -0.030733 -0.413185
vn -0.013700 -0.916962 -0.398740
vn 0.004191 -0.373029 -0.927810
vn 0.018584 -0.360356 -0.932630
vn 0.000000 0.000000 1.000000
vn 0.000000 0.000000 1.000000
vn 0.000000 0.000000 1.000000
vn 0.000000 0.000000 1.000000
vn 0.000000 0.000000 1.000000
vn 0.000000 0.000000 1.000000
vn 0.000000 0.000000 1.000000
vn 0.000000 0.000000 1.000000
vn 0.000000 0.000000 1.000000
vn 0.000000 0.000000 1.000000
vn 0.000000 0.000000 1.000000
vn 0.000000 0.000000 1.000000
vn 0.000000 0.000000 1.000000
vn 0.000000 0.000000 1.000000
vn 0.000000 0.000000 1.000000
vn 0.000000 0.000000 1.000000
vn -0.062240 0.016613 0.997923
vn -0.062240 0.016613 0.997923
vn -0.062240 0.016613 0.997923
vn -0.062240 0.016613 0.997923
vn -0.045541 0.045344 0.997933
vn -0.045541 0.045344 0.997933
vn -0.045541 0.045344 0.997933
vn -0.045541 0.045344 0.997933
vn -0.021320 0.079191 0.996632
vn -0.021320 0.079191 0.996632
vn -0.021320 0.079191 0.996632
vn -0.021320 0.079191 0.996632
vn -0.774175 -0.423949 0.470022
vn -0.865412 -0.500796 -0.016327
vn -0.428146 -0.770256 0.472650
vn -0.502942 -0.864240 -0.011782
vn -0.021343 -0.079309 0.996622
vn -0.021343 -0.079309 0.996622
vn -0.021343 -0.079309 0.996622
vn -0.021343 -0.079309 0.996622
vn -0.045602 -0.045390 0.997928
vn -0.045602 -0.045390 0.997928
vn -0.045602 -0.045390 0.997928
vn -0.045602 -0.045390 0.997928
vn -0.062303 -0.016607 0.997919
vn -0.062303 -0.016607 0.997919
vn -0.062303 -0.016607 0.997919
vn -0.062303 -0.016607 0.997919
vn -0.427625 0.769395 0.474518
vn -0.502944 0.864240 -0.011694
vn -0.773367 0.423486 0.471766
vn -0.865410 0.500801 -0.016244
vn -0.753121 0.417382 -0.508529
vn -0.864305 0.500010 -0.054469
vn -0.413231 0.757208 -0.505842
vn -0.497559 0.865998 -0.049828
vn 0.253868 0.135071 -0.957761
vn 0.236397 0.153378 -0.959475
vn 0.134373 0.255341 -0.957468
vn 0.153132 0.237203 -0.959315
vn 0.133702 -0.254177 -0.957872
vn 0.152385 -0.236136 -0.959697
vn 0.252782 -0.134638 -0.958109
vn 0.235364 -0.152820 -0.959818
vn -0.413167 -0.757125 -0.506019
vn -0.497558 -0.865998 -0.049836
vn -0.753079 -0.417358 -0.508611
vn -0.864304 -0.500011 -0.054474
vn 0.964840 0.257017 -0.055022
vn 0.964840 0.257017 -0.055022
vn 0.964839 0.257017 -0.055022
vn 0.964840 0.257017 -0.055022
vn 0.707896 0.704403 -0.051959
vn 0.707896 0.704403 -0.051959
vn 0.707896 0.704403 -0.051959
vn 0.707896 0.704403 -0.051959
vn 0.259681 0.964921 -0.038635
vn 0.259681 0.964921 -0.038635
vn 0.259680 0.964921 -0.038635
vn 0.259681 0.964922 -0.038635
vn -0.000198 0.999562 -0.029600
vn -0.000198 0.999562 -0.029600
vn -0.000198 0.999562 -0.029600
vn -0.000198 0.999562 -0.029600
vn -0.259808 0.964888 -0.038620
vn -0.259808 0.964888 -0.038620
vn -0.259808 0.964888 -0.038620
vn -0.259808 0.964888 -0.038620
vn -0.707677 0.704625 -0.051933
vn -0.707677 0.704625 -0.051933
vn -0.707677 0.704625 -0.051933
vn -0.707677 0.704625 -0.051933
vn -0.964682 0.257610 -0.055009
vn -0.964682 0.257610 -0.055009
vn -0.964682 0.257610 -0.055009
vn -0.964682 0.257610 -0.055009
vn -0.998602 0.000353 -0.052868
vn -0.998601 0.000353 -0.052868
vn -0.998601 0.000353 -0.052868
vn -0.998601 0.000353 -0.052868
vn -0.964838 -0.257022 -0.055022
vn -0.964838 -0.257022 -0.055022
vn -0.964838 -0.257022 -0.055022
vn -0.964838 -0.257022 -0.055022
vn -0.707895 -0.704404 -0.051960
vn -0.707895 -0.704404 -0.051960
vn -0.707895 -0.704404 -0.051960
vn -0.707895 -0.704404 -0.051960
vn -0.259681 -0.964921 -0.038634
vn -0.259681 -0.964921 -0.038634
vn -0.259681 -0.964921 -0.038634
vn -0.259681 -0.964921 -0.038634
vn 0.000198 -0.999562 -0.029599
vn 0.000198 -0.999562 -0.029599
vn 0.000198 -0.999562 -0.029599
vn 0.000198 -0.999562 -0.029599
vn 0.259820 -0.964884 -0.038620
vn 0.259821 -0.964884 -0.038620
vn 0.259821 -0.964884 -0.038620
vn 0.259820 -0.964884 -0.038620
vn 0.707687 -0.704615 -0.051933
vn 0.707687 -0.704615 -0.051933
vn 0.707687 -0.704615 -0.051933
vn 0.707687 -0.704615 -0.051933
vn 0.964686 -0.257596 -0.055009
vn 0.964686 -0.257596 -0.055009
vn 0.964686 -0.257596 -0.055009
vn 0.964686 -0.257596 -0.055009
vn 0.998601 -0.000354 -0.052867
vn 0.998601 -0.000354 -0.052867
vn 0.998601 -0.000354 -0.052867
vn 0.998601 -0.000354 -0.052867
vn 0.000000 0.000000 -1.000000
vn 0.000000 0.000000 -1.000000
vn 0.000000 0.000000 -1.000000
vn 0.000000 0.000000 -1.000000
vn 0.000000 0.000000 -0.000000
vn 0.000000 0.000000 -0.000000
vn 0.000000 0.000000 -1.000000
vn 0.000000 0.000000 -1.000000
vn 0.000000 0.000000 -1.000000
vn 0.000000 0.000000 -1.000000
vn 0.000000 0.000000 -1.000000
vn 0.000000 0.000000 -1.000000
vn 0.000000 0.000000 -1.000000
vn 0.000000 0.000000 -1.000000
vn 0.000000 0.000000 -1.000000
vn 0.000000 0.000000 -1.000000
vn 0.000000 0.000000 -1.000000
vn 0.000000 0.000000 -1.000000
vn 0.000000 0.000000 -1.000000
vn 0.000000 0.000000 -1.000000
vn 0.000000 0.000000 -1.000000
vn 0.000000 0.000000 -1.000000
vn 0.000000 0.000000 -1.000000
vn 0.000000 0.000000 -1.000000
vn 0.000000 0.000000 -1.000000
vn 0.000000 0.000000 -1.000000
vn 0.000000 0.000000 -1.000000
vn 0.000000 0.000000 -1.000000
vn 0.000000 0.000000 -1.000000
vn 0.000000 0.000000 -1.000000
vn 0.000000 0.000000 -1.000000
vn 0.000000 0.000000 -1.000000
vn 0.000000 0.000000 -1.000000
vn 0.000000 0.000000 -1.000000
vn 0.000000 0.000000 -1.000000
vn 0.000000 0.000000 -1.000000
vn 0.000000 0.000000 -1.000000
vn 0.000000 0.000000 -1.000000
vn 0.000000 0.000000 -1.000000
vn 0.000000 0.000000 -1.000000
vn 0.000000 0.000000 -1.000000
vn 0.000000 0.000000 -1.000000
vn 0.000000 0.000000 -1.000000
vn 0.000000 0.000000 -1.000000
vn 0.000000 0.000000 -1.000000
vn 0.000000 0.000000 -1.000000
vn 0.000000 0.000000 -1.000000
vn 0.000000 0.000000 -1.000000
vn 0.000000 0.000000 -1.000000
vn 0.000000 0.000000 -1.000000
vn 0.000000 0.000000 -1.000000
vn 0.000000 0.000000 -1.000000
vn 0.960097 0.255601 0.113500
vn 0.960097 0.255601 0.113500
vn 0.960097 0.255601 0.113500
vn 0.960097 0.255601 0.113500
vn 0.704920 0.701019 0.107986
vn 0.704920 0.701019 0.107986
vn 0.704920 0.701019 0.107986
vn 0.704920 0.701019 0.107986
vn 0.259160 0.962409 0.081279
vn 0.259160 0.962409 0.081279
vn 0.259160 0.962408 0.081278
vn 0.259160 0.962408 0.081279
vn -0.000198 0.998026 0.062806
vn -0.000198 0.998026 0.062806
vn -0.000198 0.998026 0.062806
vn -0.000198 0.998026 0.062806
vn -0.259287 0.962377 0.081247
vn -0.259287 0.962377 0.081247
vn -0.259287 0.962377 0.081247
vn -0.259287 0.962377 0.081247
vn -0.704706 0.701242 0.107932
vn -0.704706 0.701242 0.107932
vn -0.704706 0.701242 0.107932
vn -0.704706 0.701242 0.107932
vn -0.959942 0.256193 0.113475
vn -0.959942 0.256193 0.113475
vn -0.959942 0.256193 0.113475
vn -0.959942 0.256193 0.113475
vn -0.994060 0.000352 0.108836
vn -0.994060 0.000352 0.108836
vn -0.994060 0.000352 0.108836
vn -0.994060 0.000352 0.108836
vn -0.960095 -0.255607 0.113499
vn -0.960095 -0.255607 0.113499
vn -0.960095 -0.255607 0.113499
vn -0.960095 -0.255607 0.113499
vn -0.704920 -0.701019 0.107985
vn -0.704920 -0.701019 0.107985
vn -0.704920 -0.701019 0.107985
vn -0.704920 -0.701019 0.107985
vn -0.259158 -0.962409 0.081278
vn -0.259158 -0.962409 0.081278
vn -0.259158 -0.962409 0.081278
vn -0.259158 -0.962409 0.081278
vn 0.000198 -0.998026 0.062805
vn 0.000198 -0.998026 0.062805
vn 0.000198 -0.998026 0.062805
vn 0.000198 -0.998026 0.062805
vn 0.259302 -0.962373 0.081247
vn 0.259302 -0.962373 0.081247
vn 0.259302 -0.962373 0.081247
vn 0.259302 -0.962373 0.081247
vn 0.704714 -0.701234 0.107931
vn 0.704714 -0.701234 0.107931
vn 0.704714 -0.701234 0.107931
vn 0.704714 -0.701234 0.107931
vn 0.959946 -0.256178 0.113474
vn 0.959946 -0.256178 0.113474
vn 0.959946 -0.256178 0.113474
vn 0.959946 -0.256178 0.113474
vn 0.994060 -0.000352 0.108836
vn 0.994060 -0.000352 0.108836
vn 0.994060 -0.000352 0.108836
vn 0.994060 -0.000352 0.108836
vn 0.949017 -0.065465 -0.308352
vn 0.807283 -0.065465 -0.586523
vn 0.807283 -0.065465 -0.586523
vn 0.949017 -0.065465 -0.308352
vn 0.586524 -0.065465 -0.807282
vn 0.586524 -0.065465 -0.807282
vn 0.308352 -0.065466 -0.949017
vn 0.308352 -0.065466 -0.949017
vn -0.000000 -0.065466 -0.997855
vn 0.000000 -0.065466 -0.997855
vn -0.308354 -0.065466 -0.949017
vn -0.308354 -0.065466 -0.949017
vn -0.586525 -0.065465 -0.807281
vn -0.586525 -0.065465 -0.807281
vn -0.807284 -0.065465 -0.586521
vn -0.807284 -0.065465 -0.586521
vn -0.949017 -0.065465 -0.308354
vn -0.949017 -0.065465 -0.308354
vn -0.997855 -0.065465 0.000000
vn -0.997855 -0.065465 0.000000
vn -0.949016 -0.065465 0.308354
vn -0.949016 -0.065465 0.308354
vn -0.807286 -0.065465 0.586518
vn -0.807286 -0.065465 0.586518
vn -0.586525 -0.065465 0.807281
vn -0.586525 -0.065465 0.807281
vn -0.308348 -0.065465 0.949019
vn -0.308348 -0.065465 0.949018
vn -0.000000 -0.065466 0.997855
vn 0.000000 -0.065466 0.997855
vn 0.308350 -0.065466 0.949018
vn 0.308350 -0.065466 0.949018
vn 0.586526 -0.065465 0.807280
vn 0.586526 -0.065465 0.807280
vn 0.807283 -0.065465 0.586523
vn 0.807283 -0.065465 0.586523
vn 0.949017 -0.065465 0.308353
vn 0.949017 -0.065465 0.308353
vn 0.997855 -0.065465 0.000000
vn 0.997855 -0.065465 0.000000
vn 0.949017 -0.065465 -0.308351
vn 0.807284 -0.065465 -0.586521
vn 0.807284 -0.065465 -0.586521
vn 0.949017 -0.065465 -0.308351
vn 0.586518 -0.065466 -0.807286
vn 0.586518 -0.065466 -0.807286
vn 0.308353 -0.065465 -0.949017
vn 0.308353 -0.065465 -0.949017
vn 0.000006 -0.065466 -0.997855
vn 0.000006 -0.065466 -0.997855
vn -0.308358 -0.065465 -0.949015
vn -0.308358 -0.065465 -0.949015
vn -0.586524 -0.065465 -0.807281
vn -0.586524 -0.065465 -0.807281
vn -0.807284 -0.065465 -0.586521
vn -0.807284 -0.065465 -0.586521
vn -0.949016 -0.065465 -0.308355
vn -0.949016 -0.065465 -0.308355
vn -0.997855 -0.065465 -0.000000
vn -0.997855 -0.065465 -0.000000
vn -0.949016 -0.065466 0.308355
vn -0.949016 -0.065465 0.308355
vn -0.807284 -0.065465 0.586521
vn -0.807284 -0.065465 0.586521
vn -0.586528 -0.065465 0.807279
vn -0.586528 -0.065465 0.807279
vn -0.308352 -0.065465 0.949017
vn -0.308352 -0.065465 0.949017
vn 0.000006 -0.065465 0.997855
vn 0.000006 -0.065465 0.997855
vn 0.308359 -0.065465 0.949015
vn 0.308359 -0.065465 0.949015
vn 0.586526 -0.065465 0.807280
vn 0.586526 -0.065465 0.807280
vn 0.807281 -0.065465 0.586525
vn 0.807281 -0.065465 0.586525
vn 0.949016 -0.065466 0.308355
vn 0.949016 -0.065466 0.308355
vn 0.997855 -0.065465 0.000002
vn 0.997855 -0.065465 0.000002
vn 0.949017 -0.065465 -0.308353
vn 0.807280 -0.065466 -0.586526
vn 0.807280 -0.065466 -0.586526
vn 0.949017 -0.065465 -0.308353
vn 0.586523 -0.065466 -0.807283
vn 0.586523 -0.065466 -0.807283
vn 0.308353 -0.065465 -0.949017
vn 0.308353 -0.065465 -0.949017
vn -0.000000 -0.065465 -0.997855
vn -0.000000 -0.065465 -0.997855
vn -0.308353 -0.065465 -0.949017
vn -0.308353 -0.065465 -0.949017
vn -0.586519 -0.065466 -0.807285
vn -0.586519 -0.065466 -0.807286
vn -0.807280 -0.065466 -0.586526
vn -0.807280 -0.065466 -0.586526
vn -0.949018 -0.065465 -0.308351
vn -0.949018 -0.065465 -0.308351
vn -0.997855 -0.065466 -0.000000
vn -0.997855 -0.065466 0.000000
vn -0.949016 -0.065466 0.308355
vn -0.949016 -0.065466 0.308355
vn -0.807280 -0.065466 0.586526
vn -0.807280 -0.065466 0.586526
vn -0.586525 -0.065465 0.807281
vn -0.586525 -0.065465 0.807281
vn -0.308356 -0.065465 0.949016
vn -0.308356 -0.065465 0.949016
vn 0.000000 -0.065465 0.997855
vn 0.000000 -0.065465 0.997855
vn 0.308351 -0.065465 0.949018
vn 0.308351 -0.065465 0.949018
vn 0.586525 -0.065465 0.807281
vn 0.586525 -0.065465 0.807281
vn 0.807284 -0.065465 0.586520
vn 0.807284 -0.065465 0.586520
vn 0.949016 -0.065466 0.308355
vn 0.949016 -0.065465 0.308355
vn 0.997855 -0.065465 0.000001
vn 0.997855 -0.065465 0.000001
vn 0.949016 -0.065465 -0.308354
vn 0.807282 -0.065465 -0.586524
vn 0.807282 -0.065465 -0.586524
vn 0.949016 -0.065465 -0.308354
vn 0.586525 -0.065466 -0.807281
vn 0.586525 -0.065466 -0.807281
vn 0.308353 -0.065466 -0.949017
vn 0.308353 -0.065466 -0.949017
vn -0.000000 -0.065465 -0.997855
vn 0.000000 -0.065465 -0.997855
vn -0.308353 -0.065466 -0.949017
vn -0.308353 -0.065465 -0.949017
vn -0.586525 -0.065465 -0.807281
vn -0.586525 -0.065465 -0.807281
vn -0.807282 -0.065465 -0.586523
vn -0.807282 -0.065465 -0.586523
vn -0.949017 -0.065465 -0.308353
vn -0.949017 -0.065465 -0.308353
vn -0.997855 -0.065466 -0.000000
vn -0.997855 -0.065466 0.000000
vn -0.949016 -0.065465 0.308354
vn -0.949016 -0.065465 0.308354
vn -0.807282 -0.065465 0.586523
vn -0.807282 -0.065465 0.586523
vn -0.586525 -0.065466 0.807281
vn -0.586525 -0.065466 0.807281
vn -0.308351 -0.065466 0.949017
vn -0.308351 -0.065466 0.949017
vn 0.000003 -0.065466 0.997855
vn 0.000003 -0.065466 0.997855
vn 0.308353 -0.065465 0.949017
vn 0.308353 -0.065465 0.949017
vn 0.586523 -0.065466 0.807283
vn 0.586523 -0.065466 0.807282
vn 0.807283 -0.065465 0.586523
vn 0.807283 -0.065465 0.586523
vn 0.949016 -0.065465 0.308354
vn 0.949016 -0.065465 0.308354
vn 0.997855 -0.065466 0.000002
vn 0.997855 -0.065466 0.000002
vn -0.043109 -0.994149 0.099045
vn -0.373944 -0.923626 0.084142
vn -0.373944 -0.923626 -0.084143
vn -0.043109 -0.994149 -0.099045
vn -0.704878 -0.704879 0.079323
vn -0.704878 -0.704879 -0.079323
vn -0.923644 -0.373901 0.084146
vn -0.923644 -0.373901 -0.084146
vn -0.995132 -0.039940 0.090091
vn -0.995132 -0.039940 -0.090091
vn -0.040315 -0.042718 0.998273
vn -0.037032 -0.379129 0.924603
vn 0.037032 -0.379129 0.924603
vn 0.040315 -0.042718 0.998273
vn -0.034516 -0.706686 0.706685
vn 0.034516 -0.706686 0.706685
vn -0.037030 -0.924585 0.379171
vn 0.037030 -0.924585 0.379171
vn 0.043109 -0.994149 0.099045
vn 0.995132 -0.039938 0.090091
vn 0.923644 -0.373901 0.084147
vn 0.923644 -0.373900 -0.084147
vn 0.995132 -0.039938 -0.090091
vn 0.704878 -0.704879 0.079324
vn 0.704878 -0.704879 -0.079324
vn 0.373944 -0.923627 0.084143
vn 0.373944 -0.923627 -0.084143
vn 0.043109 -0.994149 -0.099045
vn 0.786298 0.615965 -0.048188
vn 0.589171 0.807184 -0.036483
vn 0.589171 0.807184 0.036483
vn 0.786298 0.615965 0.048188
vn 0.000000 1.000000 0.000000
vn 0.000000 1.000000 0.000000
vn 0.000000 1.000000 0.000000
vn 0.000000 1.000000 0.000000
vn 0.000000 1.000000 -0.000000
vn 0.000000 1.000000 -0.000000
vn 0.000000 1.000000 0.000000
vn 0.015409 0.785708 -0.618406
vn -0.015409 0.785708 -0.618406
vn 0.024034 0.567382 -0.823104
vn -0.024034 0.567382 -0.823104
vn 0.000000 1.000000 0.000001
vn 0.000000 1.000000 -0.000000
vn 0.000000 1.000000 0.000000
vn -0.589172 0.807184 -0.036485
vn -0.589172 0.807184 0.036485
vn -0.786297 0.615966 -0.048191
vn -0.786297 0.615966 0.048191
vn 0.024034 0.567382 0.823104
vn 0.015408 0.785708 0.618405
vn -0.015408 0.785708 0.618405
vn -0.024034 0.567382 0.823104
vn 0.000000 1.000000 0.000000
vn 0.000000 1.000000 0.000000
vn -0.037030 -0.924585 -0.379172
vn 0.037030 -0.924585 -0.379171
vn -0.034516 -0.706686 -0.706685
vn 0.034516 -0.706686 -0.706685
vn -0.037032 -0.379128 -0.924603
vn 0.037032 -0.379128 -0.924603
vn -0.040315 -0.042718 -0.998274
vn 0.040315 -0.042718 -0.998273
vn -0.928466 -0.036470 0.369621
vn -0.878789 -0.337410 0.337467
vn -0.673147 -0.673143 0.306189
vn -0.337462 -0.878772 0.337461
vn -0.306190 -0.673143 0.673147
vn -0.337469 -0.337411 0.878788
vn -0.369880 -0.038014 0.928302
vn -0.707219 -0.036272 0.706064
vn -0.673159 -0.306133 0.673157
vn -0.577352 -0.577346 0.577352
vn 0.337461 -0.878772 0.337461
vn 0.673147 -0.673143 0.306190
vn 0.878789 -0.337410 0.337467
vn 0.928467 -0.036469 0.369621
vn 0.707219 -0.036271 0.706064
vn 0.673158 -0.306133 0.673157
vn 0.369879 -0.038014 0.928302
vn 0.337468 -0.337411 0.878789
vn 0.306190 -0.673143 0.673147
vn 0.577352 -0.577347 0.577352
vn 0.000000 1.000000 -0.000000
vn 0.599230 0.780017 -0.180268
vn 0.769907 0.594181 -0.232794
vn 0.249285 0.557162 -0.792103
vn 0.179863 0.763935 -0.619720
vn 0.488420 0.716020 -0.498759
vn 0.586356 0.575267 -0.570311
vn -0.769907 0.594179 -0.232796
vn -0.599231 0.780017 -0.180269
vn 0.000000 1.000000 0.000000
vn -0.179863 0.763936 -0.619719
vn -0.249285 0.557163 -0.792103
vn -0.586356 0.575266 -0.570311
vn -0.488420 0.716021 -0.498759
vn 0.769907 0.594181 0.232795
vn 0.599230 0.780017 0.180268
vn 0.000000 1.000000 0.000001
vn 0.179863 0.763934 0.619721
vn 0.249285 0.557162 0.792103
vn 0.586356 0.575267 0.570311
vn 0.488421 0.716020 0.498759
vn -0.249285 0.557162 0.792103
vn -0.179863 0.763935 0.619720
vn 0.000000 1.000000 -0.000000
vn -0.599231 0.780016 0.180269
vn -0.769907 0.594180 0.232796
vn -0.586356 0.575267 0.570311
vn -0.488421 0.716021 0.498758
vn -0.337462 -0.878771 -0.337462
vn -0.673147 -0.673143 -0.306189
vn -0.878789 -0.337410 -0.337468
vn -0.928466 -0.036470 -0.369622
vn -0.707218 -0.036271 -0.706064
vn -0.673158 -0.306133 -0.673158
vn -0.369879 -0.038014 -0.928302
vn -0.337469 -0.337410 -0.878789
vn -0.306190 -0.673142 -0.673147
vn -0.577352 -0.577347 -0.577352
vn 0.928466 -0.036469 -0.369622
vn 0.878789 -0.337410 -0.337468
vn 0.673147 -0.673143 -0.306190
vn 0.337461 -0.878771 -0.337462
vn 0.306190 -0.673142 -0.673147
vn 0.337468 -0.337410 -0.878789
vn 0.369879 -0.038014 -0.928302
vn 0.707218 -0.036271 -0.706064
vn 0.673158 -0.306134 -0.673158
vn 0.577352 -0.577347 -0.577352
vn 0.031141 0.302849 -0.952530
vn -0.031174 0.302631 -0.952598
vn -0.026805 0.336087 -0.941450
vn 0.026803 0.336088 -0.941449
vn -0.031142 0.302850 0.952529
vn 0.031174 0.302632 0.952597
vn 0.026804 0.336085 0.941450
vn -0.026803 0.336086 0.941450
vn -0.955444 0.282130 0.086776
vn -0.955510 0.281921 -0.086719
vn -0.038616 0.291727 0.955722
vn 0.038919 0.292777 0.955388
vn 0.955510 0.281923 0.086719
vn 0.955443 0.282132 -0.086777
vn -0.038918 0.292778 -0.955388
vn 0.038615 0.291728 -0.955721
vn -0.899174 0.259622 0.352253
vn -0.687338 0.245802 0.683482
vn -0.356370 0.252779 0.899502
vn 0.898677 0.260914 0.352567
vn 0.356302 0.259187 0.897703
vn 0.685899 0.251038 0.683025
vn -0.356303 0.259185 -0.897704
vn -0.685899 0.251034 -0.683026
vn -0.898678 0.260911 -0.352568
vn 0.899173 0.259626 -0.352252
vn 0.687338 0.245806 -0.683481
vn 0.356368 0.252782 -0.899502
vn 0.000070 -0.781037 -0.624485
vn -0.065398 -0.510536 -0.857366
vn -0.000263 -0.779923 -0.625876
vn 0.000070 -0.781037 -0.624485
vn -0.000017 -0.999998 0.001995
vn -0.009319 -0.998078 -0.061260
vn -0.000024 -0.999998 0.001952
vn -0.000017 -0.999998 0.001995
vn -0.844372 0.531066 0.070740
vn -0.844764 0.530469 -0.070544
vn -0.239149 0.970779 0.019887
vn -0.160550 0.986934 0.013628
vn -0.160278 0.986983 -0.013241
vn -0.239880 0.970606 -0.019552
vn -0.795886 0.520479 -0.309302
vn -0.164730 0.983803 -0.070681
vn -0.223113 0.970321 -0.093265
vn -0.030123 0.536677 0.843250
vn -0.292390 0.496301 0.817431
vn -0.005853 0.966464 0.256736
vn -0.004555 0.970022 0.242976
vn -0.061615 0.974975 0.213606
vn -0.103386 0.962808 0.249623
vn 0.007807 0.967526 0.252649
vn 0.007715 0.967525 0.252657
vn 0.031165 0.539740 0.841255
vn 0.844768 0.530462 0.070546
vn 0.795886 0.520478 0.309302
vn 0.239877 0.970607 0.019552
vn 0.160278 0.986983 0.013240
vn 0.164730 0.983803 0.070682
vn 0.223113 0.970321 0.093264
vn 0.239148 0.970780 -0.019887
vn 0.160551 0.986934 -0.013628
vn 0.844375 0.531063 -0.070741
vn -0.031165 0.539740 -0.841255
vn 0.030123 0.536678 -0.843249
vn -0.005616 0.977280 -0.211876
vn -0.005566 0.977288 -0.211840
vn 0.003258 0.977610 -0.210399
vn 0.003804 0.976447 -0.215724
vn 0.292389 0.496305 -0.817429
vn 0.056285 0.976459 -0.208232
vn 0.100066 0.964750 -0.243402
vn -0.228006 0.969280 0.092250
vn -0.165252 0.983923 0.067727
vn -0.798384 0.517098 0.308534
vn -0.182949 0.966431 0.180388
vn -0.133386 0.979062 0.153769
vn -0.601513 0.497868 0.624748
vn 0.592569 0.513613 0.620536
vn 0.127359 0.979565 0.155663
vn 0.168729 0.970280 0.173459
vn 0.094642 0.969003 0.228203
vn 0.075741 0.968950 0.235371
vn 0.289518 0.514415 0.807191
vn -0.091143 0.970669 -0.222474
vn -0.069213 0.971968 -0.224693
vn -0.289519 0.514408 -0.807195
vn -0.168728 0.970280 -0.173457
vn -0.127359 0.979566 -0.155660
vn -0.592573 0.513604 -0.620539
vn 0.228007 0.969279 -0.092251
vn 0.165251 0.983923 -0.067725
vn 0.798383 0.517101 -0.308532
vn 0.182949 0.966431 -0.180389
vn 0.133385 0.979063 -0.153767
vn 0.601510 0.497874 -0.624745
vn 0.887505 0.456289 -0.064307
vn 0.887420 0.456303 -0.065366
vn 0.631047 0.740484 -0.231219
vn 0.831070 0.464703 -0.305572
vn 0.887504 0.456291 0.064304
vn 0.887419 0.456306 0.065365
vn 0.837822 0.450815 0.307928
vn 0.832022 0.462822 0.305834
vn 0.038426 0.241494 -0.969641
vn -0.038773 0.239993 -0.970000
vn 0.326610 0.386631 -0.862463
vn 0.331601 0.394218 -0.857108
vn -0.332348 0.386505 -0.860325
vn -0.327139 0.384783 -0.863089
vn -0.887491 0.456316 -0.064304
vn -0.887407 0.456330 -0.065364
vn -0.887409 0.456326 0.065365
vn -0.887493 0.456312 0.064306
vn -0.837820 0.450818 -0.307929
vn -0.832016 0.462832 -0.305837
vn -0.631041 0.740490 0.231218
vn -0.831068 0.464706 0.305573
vn 0.038773 0.240000 0.969998
vn 0.332346 0.386516 0.860321
vn 0.327136 0.384787 0.863088
vn -0.038427 0.241501 0.969639
vn -0.326608 0.386630 0.862464
vn -0.331602 0.394223 0.857104
vn 0.510648 0.703130 -0.494820
vn 0.620617 0.457191 -0.637033
vn -0.640172 0.438428 -0.630841
vn -0.640063 0.452457 -0.620969
vn 0.640173 0.438430 0.630839
vn 0.640064 0.452461 0.620964
vn -0.620615 0.457189 0.637036
vn -0.510641 0.703137 0.494817
vn 0.895720 0.439665 0.066189
vn 0.895720 0.439665 -0.066188
vn 0.895847 0.439638 -0.064625
vn 0.895847 0.439638 0.064625
vn -0.895723 0.439658 -0.066191
vn -0.895722 0.439660 0.066190
vn -0.895850 0.439633 0.064627
vn -0.895850 0.439632 -0.064627
vn 0.839990 0.446346 -0.308533
vn 0.839840 0.446343 -0.308943
vn 0.304596 0.383356 -0.871929
vn 0.646764 0.433677 -0.627392
vn 0.629722 0.431708 -0.645816
vn -0.839840 0.446343 -0.308945
vn -0.304592 0.383351 -0.871932
vn -0.629724 0.431708 -0.645815
vn 0.839841 0.446343 0.308943
vn 0.304590 0.383352 0.871933
vn 0.629723 0.431708 0.645815
vn -0.304596 0.383353 0.871930
vn -0.839989 0.446346 0.308535
vn -0.839840 0.446343 0.308945
vn -0.646763 0.433675 0.627394
vn -0.629721 0.431707 0.645817
vn 0.140719 0.990013 -0.008517
vn 0.140690 0.990017 0.008589
vn -0.140723 0.990012 0.008517
vn -0.140695 0.990016 -0.008591
vn 0.059367 0.749006 -0.659898
vn 0.076489 0.957239 -0.279003
vn -0.129305 0.990606 -0.044490
vn -0.111642 -0.245753 -0.962882
vn -0.107633 0.990089 -0.090215
vn 0.129304 0.990606 0.044491
vn -0.026809 -0.983262 -0.180212
vn 0.107637 0.990087 0.090233
vn -0.026759 0.983356 0.179710
vn -0.068081 0.987427 0.142660
vn 0.898602 0.025665 0.438013
vn 0.827229 -0.029113 -0.561111
vn 0.810461 -0.030451 -0.585001
vn 0.911781 0.024156 0.409967
vn -0.086766 -0.054569 -0.994733
vn -0.084994 -0.054574 -0.994886
vn -0.911790 -0.024155 -0.409947
vn -0.898604 -0.025665 -0.438010
vn -0.810461 0.030455 0.585001
vn -0.827232 0.029116 0.561105
vn 0.084992 0.054573 0.994886
vn 0.086751 0.054569 0.994734
vn 0.900452 0.007718 0.434886
vn 0.824958 -0.018024 -0.564907
vn 0.825886 -0.017992 -0.563550
vn 0.900150 0.007736 0.435511
vn -0.088586 -0.025861 -0.995733
vn -0.087337 -0.025869 -0.995843
vn -0.910816 -0.007377 -0.412747
vn -0.910979 -0.007367 -0.412387
vn -0.813951 0.018042 0.580653
vn -0.812881 0.018076 0.582150
vn 0.083398 0.025278 0.996196
vn 0.084539 0.025272 0.996100
vn 0.896506 0.025562 0.442293
vn 0.825927 -0.073988 -0.558901
vn 0.810143 -0.075912 -0.581296
vn 0.913625 0.021533 0.405987
vn -0.092951 -0.098025 -0.990834
vn -0.080305 -0.098401 -0.991901
vn -0.914327 -0.021365 -0.404414
vn -0.897271 -0.025395 -0.440750
vn -0.810137 0.075900 0.581307
vn -0.825938 0.073973 0.558886
vn 0.078567 0.098450 0.992036
vn 0.091246 0.098074 0.990987
vn 0.906319 0.016247 0.422281
vn 0.819693 -0.043030 -0.571184
vn 0.819748 -0.035275 -0.571637
vn 0.907241 0.020037 0.420134
vn -0.084969 -0.059367 -0.994613
vn -0.082829 -0.055475 -0.995019
vn -0.905335 -0.016389 -0.424382
vn -0.904455 -0.020362 -0.426082
vn -0.819693 0.043021 0.571185
vn -0.819748 0.035236 0.571640
vn 0.087295 0.059321 0.994415
vn 0.089389 0.055435 0.994453
vn 0.819583 -0.009673 -0.572880
vn 0.909106 0.032841 0.415269
vn -0.078271 -0.042460 -0.996028
vn -0.902362 -0.033281 -0.429692
vn -0.819575 0.009376 0.572895
vn 0.094137 0.042715 0.994642
vn 0.817764 0.039228 -0.574216
vn 0.911274 0.057925 0.407705
vn -0.071681 -0.017047 -0.997282
vn -0.898148 -0.057540 -0.435913
vn -0.817691 -0.040452 0.574234
vn 0.102630 0.018793 0.994542
vn 0.810302 0.121072 -0.573370
vn 0.912067 0.101385 0.397309
vn -0.063837 0.026955 -0.997596
vn -0.889112 -0.097081 -0.447276
vn -0.809806 -0.124990 0.573229
vn 0.118377 -0.020237 0.992763
vn 0.788055 0.245691 -0.564451
vn 0.906419 0.170762 0.386323
vn -0.058951 0.097132 -0.993524
vn -0.870122 -0.154770 -0.467904
vn -0.785541 -0.256252 0.563259
vn 0.147145 -0.077183 0.986099
vn 0.732607 0.420787 -0.535000
vn 0.882773 0.274487 0.381272
vn -0.067530 0.202009 -0.977053
vn -0.831888 -0.229943 -0.505062
vn -0.722236 -0.445497 0.529063
vn 0.198893 -0.151329 0.968267
vn 0.617342 0.634021 -0.465732
vn 0.820795 0.406581 0.401232
vn -0.114190 0.335270 -0.935177
vn -0.767035 -0.314940 -0.558990
vn -0.584784 -0.678031 0.445311
vn 0.276025 -0.235383 0.931883
vn 0.439201 0.826816 -0.351394
vn 0.716933 0.519842 0.464513
vn -0.214921 0.448769 -0.867419
vn -0.685221 -0.395280 -0.611740
vn -0.384647 -0.867509 0.315395
vn 0.357646 -0.315734 0.878864
vn 0.246361 0.943247 -0.222690
vn 0.608304 0.571420 0.550859
vn -0.335839 0.499407 -0.798626
vn -0.606761 -0.456207 -0.650935
vn -0.202211 -0.960194 0.192713
vn 0.424435 -0.377567 0.822981
vn 0.060929 0.993549 -0.095642
vn 0.505041 0.592650 0.627455
vn -0.444234 0.520250 -0.729381
vn -0.531188 -0.478188 -0.699411
vn -0.030603 -0.996744 0.074593
vn 0.496978 -0.399774 0.770191
vn -0.200623 0.975681 0.088297
vn 0.334477 0.605629 0.722038
vn -0.592244 0.534946 -0.602562
vn -0.430832 -0.433170 -0.791674
vn 0.254331 -0.958772 -0.126771
vn 0.615757 -0.353346 0.704265
vn -0.507086 0.801589 0.316730
vn 0.113720 0.519326 0.846976
vn -0.779560 0.450966 -0.434645
vn -0.306760 -0.403243 -0.862145
vn 0.489965 -0.816473 -0.305461
vn 0.728414 -0.314104 0.608894
vn -0.736999 0.442214 0.511154
vn -0.082913 0.314066 0.945774
vn -0.921208 0.280411 -0.269713
vn -0.174305 -0.210581 -0.961911
vn 0.752164 -0.431978 -0.497639
vn 0.832051 -0.151355 0.533651
vn 0.043434 0.069322 0.996648
vn -0.821868 0.092026 0.562197
vn -0.809633 0.092700 0.579569
vn 0.020626 0.070978 0.997265
vn -0.909138 0.026972 -0.415622
vn -0.926158 0.030570 -0.375895
vn -0.055402 0.041987 -0.997581
vn -0.009028 0.047081 -0.998850
vn 0.813617 0.109081 -0.571077
vn 0.815489 0.109113 -0.568394
vn 0.908217 0.071653 0.412321
vn 0.923344 0.074572 0.376663
vn 0.000006 1.000000 -0.000004
vn 0.000006 1.000000 -0.000004
vn 0.000006 1.000000 -0.000004
vn 0.000006 1.000000 -0.000004
vn -0.000002 -1.000000 -0.000016
vn -0.000002 -1.000000 -0.000016
vn -0.000002 -1.000000 -0.000016
vn -0.000002 -1.000000 -0.000016
vn -0.000001 1.000000 0.000003
vn -0.000001 1.000000 0.000003
vn -0.000001 1.000000 0.000003
vn -0.000001 1.000000 0.000003
vn 0.000001 -1.000000 0.000003
vn 0.000001 -1.000000 0.000003
vn 0.000001 -1.000000 0.000003
vn 0.000001 -1.000000 0.000003
vn 0.000000 1.000000 0.000000
vn 0.000000 1.000000 0.000000
vn 0.000000 1.000000 0.000000
vn 0.000000 1.000000 0.000000
vn -0.000008 -1.000000 -0.000007
vn -0.000008 -1.000000 -0.000007
vn -0.000008 -1.000000 -0.000007
vn -0.000008 -1.000000 -0.000007
vn 0.000006 1.000000 0.000001
vn 0.000006 1.000000 0.000001
vn 0.000006 1.000000 0.000001
vn 0.000006 1.000000 0.000001
vn 0.000004 -1.000000 0.000011
vn 0.000004 -1.000000 0.000011
vn 0.000004 -1.000000 0.000011
vn 0.000004 -1.000000 0.000011
vn -0.000001 1.000000 -0.000004
vn -0.000001 1.000000 -0.000004
vn -0.000001 1.000000 -0.000004
vn -0.000001 1.000000 -0.000004
vn 0.000006 -1.000000 0.000000
vn 0.000006 -1.000000 0.000000
vn 0.000006 -1.000000 0.000000
vn 0.000006 -1.000000 0.000000
vn -0.000004 1.000000 -0.000005
vn -0.000004 1.000000 -0.000005
vn -0.000004 1.000000 -0.000005
vn -0.000004 1.000000 -0.000005
vn 0.000003 -1.000000 0.000001
vn 0.000003 -1.000000 0.000001
vn 0.000003 -1.000000 0.000001
vn 0.000003 -1.000000 0.000001
vn -0.158585 0.233092 0.959437
vn 0.874141 -0.071797 0.480337
vn 0.804618 -0.205094 -0.557249
vn -0.097161 -0.088054 -0.991366
vn -0.950914 0.226404 -0.210957
vn -0.778340 0.311428 0.545160
vn 0.000000 0.000000 0.000000
vn 0.000000 0.000000 0.000000
vn 0.000000 0.000000 0.000000
vn 0.000000 0.000000 0.000000
vn 0.000000 0.000000 0.000000
vn 0.000000 0.000000 0.000000
vn 0.000000 0.000000 0.000000
vn 0.000000 0.000000 0.000000
vn 0.000000 0.000000 0.000000
vn 0.000000 0.000000 0.000000
vn 0.000000 0.000000 0.000000
vn 0.000000 0.000000 0.000000
vn 0.000000 0.000000 0.000000
vn 0.000000 0.000000 0.000000
vn 0.000000 0.000000 0.000000
vn 0.000000 0.000000 0.000000
vn 0.000000 0.000000 0.000000
vn 0.000000 0.000000 0.000000
vn 0.000000 0.000000 0.000000
vn 0.000000 0.000000 0.000000
vn 0.000000 0.000000 0.000000
vn 0.000000 0.000000 0.000000
vn 0.000000 0.000000 0.000000
vn 0.000000 0.000000 0.000000
vn 0.000000 0.000000 0.000000
vn 0.000000 0.000000 0.000000
vn 0.000000 0.000000 0.000000
vn 0.000000 0.000000 0.000000
vn 0.992682 0.000000 -0.120756
vn 0.000000 0.000000 -0.000000
vn 0.000000 0.000000 -0.000000
vn 0.992682 0.000000 -0.120756
vn 0.000000 0.000000 0.000000
vn 0.000000 0.000000 0.000000
vn 0.000000 0.000000 0.000000
vn 0.000000 0.000000 0.000000
vn 0.000000 0.000000 0.000000
vn 1.000000 0.000000 0.000000
vn 1.000000 0.000000 0.000000
vn 0.000000 0.000000 0.000000
vn 0.000000 0.000000 0.000000
vn 0.000000 0.000000 0.000000
vn 0.000000 0.000000 0.000000
vn 0.000000 0.000000 0.000000
vn 0.000000 0.000000 0.000000
vn 0.000000 0.000000 0.000000
vn 0.000000 0.000000 0.000000
vn 0.000000 0.000000 0.000000
vn -0.810515 0.067257 0.581844
vn 0.079539 0.094066 0.992384
vn 0.089355 0.093849 0.991568
vn -0.826322 0.065327 0.559396
vn -0.913906 -0.025945 -0.405096
vn -0.898081 -0.029405 -0.438846
vn -0.092024 -0.093810 -0.991328
vn -0.082229 -0.094029 -0.992168
vn 0.826310 -0.065380 -0.559408
vn 0.810520 -0.067308 -0.581830
vn 0.896893 0.029635 0.441255
vn 0.912814 0.026174 0.407535
vn 0.002106 -0.999004 0.044581
vn 0.002106 -0.999004 0.044581
vn 0.002106 -0.999004 0.044581
vn 0.002106 -0.999004 0.044581
vn -0.010320 0.998897 -0.045818
vn -0.010320 0.998897 -0.045818
vn -0.010320 0.998896 -0.045818
vn -0.010320 0.998896 -0.045818
vn 0.012056 -0.999911 0.005738
vn 0.012056 -0.999911 0.005738
vn 0.012056 -0.999911 0.005738
vn 0.012056 -0.999911 0.005738
vn -0.010492 0.999935 -0.004509
vn -0.010492 0.999935 -0.004509
vn -0.010492 0.999935 -0.004509
vn -0.010492 0.999935 -0.004509
vn -0.025005 -0.999512 0.018740
vn -0.025005 -0.999512 0.018740
vn -0.025005 -0.999512 0.018740
vn -0.025005 -0.999512 0.018740
vn 0.030686 0.999378 -0.017359
vn 0.030686 0.999378 -0.017359
vn 0.030686 0.999378 -0.017359
vn 0.030686 0.999378 -0.017359
vn 0.005469 -0.999004 0.044291
vn 0.005469 -0.999004 0.044291
vn 0.005469 -0.999004 0.044291
vn 0.005469 -0.999004 0.044291
vn 0.002910 0.998892 -0.046964
vn 0.002910 0.998892 -0.046964
vn 0.002910 0.998892 -0.046964
vn 0.002910 0.998892 -0.046964
vn 0.012125 -0.999911 0.005599
vn 0.012125 -0.999911 0.005599
vn 0.012125 -0.999911 0.005599
vn 0.012125 -0.999911 0.005599
vn -0.010129 0.999935 -0.005290
vn -0.010129 0.999935 -0.005290
vn -0.010129 0.999935 -0.005290
vn -0.010129 0.999935 -0.005290
vn -0.026144 -0.999512 0.017105
vn -0.026144 -0.999512 0.017105
vn -0.026144 -0.999512 0.017105
vn -0.026144 -0.999512 0.017105
vn 0.026397 0.999375 -0.023525
vn 0.026397 0.999375 -0.023525
vn 0.026397 0.999375 -0.023525
vn 0.026397 0.999375 -0.023525
vn 0.014361 -0.999878 0.006167
vn 0.014361 -0.999878 0.006167
vn 0.014361 -0.999878 0.006167
vn 0.014361 -0.999878 0.006167
vn -0.012125 0.999911 -0.005597
vn -0.012125 0.999911 -0.005597
vn -0.012125 0.999911 -0.005597
vn -0.012125 0.999911 -0.005597
vn 0.009392 -0.999087 0.041669
vn 0.009392 -0.999087 0.041669
vn 0.009392 -0.999087 0.041669
vn 0.009392 -0.999087 0.041669
vn -0.005469 0.999004 -0.044291
vn -0.005469 0.999004 -0.044291
vn -0.005469 0.999004 -0.044291
vn -0.005469 0.999004 -0.044291
vn -0.020067 -0.999639 0.017878
vn -0.020067 -0.999639 0.017878
vn -0.020067 -0.999639 0.017878
vn -0.020067 -0.999639 0.017878
vn 0.025005 0.999512 -0.018741
vn 0.025005 0.999512 -0.018741
vn 0.025005 0.999512 -0.018741
vn 0.025005 0.999512 -0.018741
vn 0.013863 -0.999878 0.007232
vn 0.013863 -0.999878 0.007232
vn 0.013863 -0.999878 0.007232
vn 0.013863 -0.999878 0.007232
vn -0.012056 0.999911 -0.005736
vn -0.012056 0.999911 -0.005736
vn -0.012056 0.999911 -0.005736
vn -0.012056 0.999911 -0.005736
vn -0.002608 -0.999084 0.042705
vn -0.002608 -0.999084 0.042705
vn -0.002608 -0.999084 0.042705
vn -0.002608 -0.999084 0.042705
vn -0.002106 0.999004 -0.044578
vn -0.002106 0.999004 -0.044578
vn -0.002106 0.999004 -0.044578
vn -0.002106 0.999004 -0.044578
vn -0.023322 -0.999641 0.013202
vn -0.023322 -0.999641 0.013202
vn -0.023322 -0.999641 0.013202
vn -0.023322 -0.999641 0.013202
vn 0.026144 0.999512 -0.017104
vn 0.026144 0.999512 -0.017104
vn 0.026144 0.999512 -0.017104
vn 0.026144 0.999512 -0.017104
vn 0.013713 -0.999719 0.019334
vn 0.013713 -0.999719 0.019334
vn 0.013713 -0.999719 0.019334
vn 0.013713 -0.999719 0.019334
vn 0.000000 1.000000 0.000003
vn 0.000000 1.000000 0.000003
vn 0.000000 1.000000 0.000003
vn 0.000000 1.000000 0.000003
vn 0.036129 -0.997759 -0.056320
vn 0.036129 -0.997759 -0.056320
vn 0.036129 -0.997759 -0.056320
vn 0.036129 -0.997759 -0.056320
vn 0.000003 1.000000 0.000002
vn 0.000003 1.000000 0.000002
vn 0.000003 1.000000 0.000002
vn 0.000003 1.000000 0.000002
vn -0.045429 -0.997952 -0.045047
vn -0.045429 -0.997952 -0.045047
vn -0.045429 -0.997951 -0.045047
vn -0.045429 -0.997952 -0.045047
vn 0.000000 1.000000 -0.000003
vn 0.000000 1.000000 -0.000003
vn 0.000000 1.000000 -0.000003
vn 0.000000 1.000000 -0.000003
vn 0.002732 -0.999790 0.020287
vn 0.002732 -0.999790 0.020287
vn 0.002732 -0.999790 0.020287
vn 0.002732 -0.999791 0.020287
vn -0.000000 1.000000 0.000003
vn -0.000000 1.000000 0.000003
vn -0.000000 1.000000 0.000003
vn -0.000000 1.000000 0.000003
vn 0.053821 -0.994088 -0.094301
vn 0.053821 -0.994088 -0.094301
vn 0.053821 -0.994088 -0.094301
vn 0.053821 -0.994088 -0.094301
vn 0.000000 1.000000 -0.000002
vn 0.000000 1.000000 -0.000002
vn 0.000000 1.000000 -0.000002
vn 0.000000 1.000000 -0.000002
vn -0.063865 -0.995392 -0.071520
vn -0.063865 -0.995393 -0.071520
vn -0.063865 -0.995393 -0.071520
vn -0.063865 -0.995393 -0.071520
vn 0.000000 1.000000 0.000000
vn 0.000000 1.000000 0.000000
vn 0.000000 1.000000 0.000000
vn 0.000000 1.000000 0.000000
vn 0.079158 0.911074 0.404572
vn 0.079158 0.911074 0.404572
vn 0.079158 0.911074 0.404572
vn 0.079158 0.911074 0.404572
vn -0.045878 0.971039 -0.234476
vn -0.045878 0.971039 -0.234476
vn -0.045878 0.971039 -0.234476
vn -0.045878 0.971039 -0.234476
vn -0.179544 0.354551 -0.917637
vn -0.179544 0.354551 -0.917637
vn -0.179544 0.354551 -0.917637
vn -0.179544 0.354551 -0.917637
vn -0.169475 -0.470116 -0.866181
vn -0.169475 -0.470116 -0.866181
vn -0.169475 -0.470116 -0.866181
vn -0.169475 -0.470116 -0.866181
vn -0.079158 -0.911073 -0.404573
vn -0.079159 -0.911073 -0.404573
vn -0.079159 -0.911073 -0.404573
vn -0.079159 -0.911073 -0.404573
vn 0.079158 -0.911074 0.404572
vn 0.079158 -0.911074 0.404572
vn 0.079158 -0.911074 0.404572
vn 0.079158 -0.911074 0.404572
vn 0.179545 -0.354554 0.917636
vn 0.179545 -0.354554 0.917636
vn 0.179545 -0.354554 0.917636
vn 0.179545 -0.354554 0.917636
vn 0.179545 0.354552 0.917637
vn 0.179545 0.354552 0.917637
vn 0.179545 0.354552 0.917637
vn 0.179545 0.354552 0.917637
vn 0.988963 0.000000 -0.148160
vn 0.999943 0.000000 0.010707
vn 0.995396 0.040770 -0.086746
vn 0.994624 0.018070 -0.101967
vn 0.993849 0.064531 -0.090000
vn 0.990895 0.097104 -0.093266
vn 0.999943 0.000000 0.010711
vn 0.999943 0.000000 0.010707
vn 0.999943 0.000000 0.010708
vn 0.999992 0.003441 0.001822
vn 0.999992 0.003441 0.001822
vn -0.091157 -0.880135 -0.465889
vn -0.091157 -0.880135 -0.465889
vn -0.091157 -0.880135 -0.465889
vn -0.091157 -0.880135 -0.465889
vn -0.999992 -0.003441 -0.001822
vn -0.999992 -0.003441 -0.001822
vn -0.999992 -0.003441 -0.001822
vn -0.999992 -0.003441 -0.001822
vn 0.091154 0.880134 0.465892
vn 0.091154 0.880134 0.465892
vn 0.091154 0.880134 0.465892
vn 0.091154 0.880134 0.465892
s 1
g Sink1
usemtl blinn2SG
f 1//1 2//2 22//3 21//4
f 2//2 3//5 23//6 22//3
f 3//5 4//7 24//8 23//6
f 4//7 5//9 25//10 24//8
f 5//9 6//11 26//12 25//10
f 6//11 7//13 27//14 26//12
f 7//13 8//15 28//16 27//14
f 8//15 9//17 29//18 28//16
f 9//17 10//19 30//20 29//18
f 10//19 11//21 31//22 30//20
f 11//21 12//23 32//24 31//22
f 12//23 13//25 33//26 32//24
f 13//25 14//27 34//28 33//26
f 14//27 15//29 35//30 34//28
f 15//29 16//31 36//32 35//30
f 16//31 17//33 37//34 36//32
f 17//33 18//35 38//36 37//34
f 18//35 19//37 39//38 38//36
f 19//37 20//39 40//40 39//38
f 20//39 1//1 21//4 40//40
f 21//4 22//3 42//41 41//42
f 22//3 23//6 43//43 42//41
f 23//6 24//8 44//44 43//43
f 24//8 25//10 45//45 44//44
f 25//10 26//12 46//46 45//45
f 26//12 27//14 47//47 46//46
f 27//14 28//16 48//48 47//47
f 28//16 29//18 49//49 48//48
f 29//18 30//20 50//50 49//49
f 30//20 31//22 51//51 50//50
f 31//22 32//24 52//52 51//51
f 32//24 33//26 53//53 52//52
f 33//26 34//28 54//54 53//53
f 34//28 35//30 55//55 54//54
f 35//30 36//32 56//56 55//55
f 36//32 37//34 57//57 56//56
f 37//34 38//36 58//58 57//57
f 38//36 39//38 59//59 58//58
f 39//38 40//40 60//60 59//59
f 40//40 21//4 41//42 60//60
f 41//42 42//41 62//61 61//62
f 42//41 43//43 63//63 62//61
f 43//43 44//44 64//64 63//63
f 44//44 45//45 65//65 64//64
f 45//45 46//46 66//66 65//65
f 46//46 47//47 67//67 66//66
f 47//47 48//48 68//68 67//67
f 48//48 49//49 69//69 68//68
f 49//49 50//50 70//70 69//69
f 50//50 51//51 71//71 70//70
f 51//51 52//52 72//72 71//71
f 52//52 53//53 73//73 72//72
f 53//53 54//54 74//74 73//73
f 54//54 55//55 75//75 74//74
f 55//55 56//56 76//76 75//75
f 56//56 57//57 77//77 76//76
f 57//57 58//58 78//78 77//77
f 58//58 59//59 79//79 78//78
f 59//59 60//60 80//80 79//79
f 60//60 41//42 61//62 80//80
f 61//62 62//61 82//81 81//82
f 62//61 63//63 83//83 82//81
f 63//63 64//64 84//84 83//83
f 64//64 65//65 85//85 84//84
f 65//65 66//66 86//86 85//85
f 66//66 67//67 87//87 86//86
f 67//67 68//68 88//88 87//87
f 68//68 69//69 89//89 88//88
f 69//69 70//70 90//90 89//89
f 70//70 71//71 91//91 90//90
f 71//71 72//72 92//92 91//91
f 72//72 73//73 93//93 92//92
f 73//73 74//74 94//94 93//93
f 74//74 75//75 95//95 94//94
f 75//75 76//76 96//96 95//95
f 76//76 77//77 97//97 96//96
f 77//77 78//78 98//98 97//97
f 78//78 79//79 99//99 98//98
f 79//79 80//80 100//100 99//99
f 80//80 61//62 81//82 100//100
f 81//82 82//81 102//101 101//102
f 82//81 83//83 103//103 102//101
f 83//83 84//84 104//104 103//103
f 84//84 85//85 105//105 104//104
f 85//85 86//86 106//106 105//105
f 86//86 87//87 107//107 106//106
f 87//87 88//88 108//108 107//107
f 88//88 89//89 109//109 108//108
f 89//89 90//90 110//110 109//109
f 90//90 91//91 111//111 110//110
f 91//91 92//92 112//112 111//111
f 92//92 93//93 113//113 112//112
f 93//93 94//94 114//114 113//113
f 94//94 95//95 115//115 114//114
f 95//95 96//96 116//116 115//115
f 96//96 97//97 117//117 116//116
f 97//97 98//98 118//118 117//117
f 98//98 99//99 119//119 118//118
f 99//99 100//100 120//120 119//119
f 100//100 81//82 101//102 120//120
f 101//102 102//101 122//121 121//122
f 102//101 103//103 123//123 122//121
f 103//103 104//104 124//124 123//123
f 104//104 105//105 125//125 124//124
f 105//105 106//106 126//126 125//125
f 106//106 107//107 127//127 126//126
f 107//107 108//108 128//128 127//127
f 108//108 109//109 129//129 128//128
f 109//109 110//110 130//130 129//129
f 110//110 111//111 131//131 130//130
f 111//111 112//112 132//132 131//131
f 112//112 113//113 133//133 132//132
f 113//113 114//114 134//134 133//133
f 114//114 115//115 135//135 134//134
f 115//115 116//116 136//136 135//135
f 116//116 117//117 137//137 136//136
f 117//117 118//118 138//138 137//137
f 118//118 119//119 139//139 138//138
f 119//119 120//120 140//140 139//139
f 120//120 101//102 121//122 140//140
f 121//122 122//121 142//141 141//142
f 122//121 123//123 143//143 142//141
f 123//123 124//124 144//144 143//143
f 124//124 125//125 145//145 144//144
f 125//125 126//126 146//146 145//145
f 126//126 127//127 147//147 146//146
f 127//127 128//128 148//148 147//147
f 128//128 129//129 149//149 148//148
f 129//129 130//130 150//150 149//149
f 130//130 131//131 151//151 150//150
f 131//131 132//132 152//152 151//151
f 132//132 133//133 153//153 152//152
f 133//133 134//134 154//154 153//153
f 134//134 135//135 155//155 154//154
f 135//135 136//136 156//156 155//155
f 136//136 137//137 157//157 156//156
f 137//137 138//138 158//158 157//157
f 138//138 139//139 159//159 158//158
f 139//139 140//140 160//160 159//159
f 140//140 121//122 141//142 160//160
f 141//142 142//141 162//161 161//162
f 142//141 143//143 163//163 162//161
f 143//143 144//144 164//164 163//163
f 144//144 145//145 165//165 164//164
f 145//145 146//146 166//166 165//165
f 146//146 147//147 167//167 166//166
f 147//147 148//148 168//168 167//167
f 148//148 149//149 169//169 168//168
f 149//149 150//150 170//170 169//169
f 150//150 151//151 171//171 170//170
f 151//151 152//152 172//172 171//171
f 152//152 153//153 173//173 172//172
f 153//153 154//154 174//174 173//173
f 154//154 155//155 175//175 174//174
f 155//155 156//156 176//176 175//175
f 156//156 157//157 177//177 176//176
f 157//157 158//158 178//178 177//177
f 158//158 159//159 179//179 178//178
f 159//159 160//160 180//180 179//179
f 160//160 141//142 161//162 180//180
f 161//162 162//161 182//181 181//182
f 162//161 163//163 183//183 182//181
f 163//163 164//164 184//184 183//183
f 164//164 165//165 185//185 184//184
f 165//165 166//166 186//186 185//185
f 166//166 167//167 187//187 186//186
f 167//167 168//168 188//188 187//187
f 168//168 169//169 189//189 188//188
f 169//169 170//170 190//190 189//189
f 170//170 171//171 191//191 190//190
f 171//171 172//172 192//192 191//191
f 172//172 173//173 193//193 192//192
f 173//173 174//174 194//194 193//193
f 174//174 175//175 195//195 194//194
f 175//175 176//176 196//196 195//195
f 176//176 177//177 197//197 196//196
f 177//177 178//178 198//198 197//197
f 178//178 179//179 199//199 198//198
f 179//179 180//180 200//200 199//199
f 180//180 161//162 181//182 200//200
f 181//182 182//181 202//201 201//202
f 182//181 183//183 203//203 202//201
f 183//183 184//184 204//204 203//203
f 184//184 185//185 205//205 204//204
f 185//185 186//186 206//206 205//205
f 186//186 187//187 207//207 206//206
f 187//187 188//188 208//208 207//207
f 188//188 189//189 209//209 208//208
f 189//189 190//190 210//210 209//209
f 190//190 191//191 211//211 210//210
f 191//191 192//192 212//212 211//211
f 192//192 193//193 213//213 212//212
f 193//193 194//194 214//214 213//213
f 194//194 195//195 215//215 214//214
f 195//195 196//196 216//216 215//215
f 196//196 197//197 217//217 216//216
f 197//197 198//198 218//218 217//217
f 198//198 199//199 219//219 218//218
f 199//199 200//200 220//220 219//219
f 200//200 181//182 201//202 220//220
f 201//202 202//201 222//221 221//222
f 202//201 203//203 223//223 222//221
f 203//203 204//204 224//224 223//223
f 204//204 205//205 225//225 224//224
f 205//205 206//206 226//226 225//225
f 206//206 207//207 227//227 226//226
f 207//207 208//208 228//228 227//227
f 208//208 209//209 229//229 228//228
f 209//209 210//210 230//230 229//229
f 210//210 211//211 231//231 230//230
f 211//211 212//212 232//232 231//231
f 212//212 213//213 233//233 232//232
f 213//213 214//214 234//234 233//233
f 214//214 215//215 235//235 234//234
f 215//215 216//216 236//236 235//235
f 216//216 217//217 237//237 236//236
f 217//217 218//218 238//238 237//237
f 218//218 219//219 239//239 238//238
f 219//219 220//220 240//240 239//239
f 220//220 201//202 221//222 240//240
f 2//2 1//1 241//241
f 3//5 2//2 241//241
f 4//7 3//5 241//241
f 5//9 4//7 241//241
f 6//11 5//9 241//241
f 7//13 6//11 241//241
f 8//15 7//13 241//241
f 9//17 8//15 241//241
f 10//19 9//17 241//241
f 11//21 10//19 241//241
f 12//23 11//21 241//241
f 13//25 12//23 241//241
f 14//27 13//25 241//241
f 15//29 14//27 241//241
f 16//31 15//29 241//241
f 17//33 16//31 241//241
f 18//35 17//33 241//241
f 19//37 18//35 241//241
f 20//39 19//37 241//241
f 1//1 20//39 241//241
s off
usemtl blinn1SG
f 246//242 247//243 248//244 249//245
f 243//246 245//247 265//248 260//249
f 244//250 242//251 255//252 256//253
f 242//254 243//255 251//256 250//257
s 2
f 254//258 253//259 262//260 261//261 268//262 267//263 275//264 274//265
s 3
f 273//266 275//267 267//268 266//269 247//270 246//271
s off
f 255//272 254//273 257//274 256//275
f 261//276 260//277 265//278 264//279
f 266//280 268//281 269//282 270//283
f 270//284 269//285 271//286 272//287
f 272//288 271//289 274//290 273//291
f 276//292 277//293 286//294 285//295
s 2
f 277//296 276//297 279//298 278//299
s off
f 278//300 279//301 289//302 288//303
f 280//304 281//305 287//306 289//307
f 281//308 280//309 283//310 282//311
f 282//312 283//313 285//314 284//315
f 284//316 286//317 288//318 287//319
f 281//320 282//321 284//322 287//323
s 2
f 261//261 264//324 269//325 268//262
f 257//326 254//258 274//265 271//327
s off
f 266//328 270//329 248//330 247//331
f 270//332 272//333 249//334 248//335
f 272//336 273//337 246//338 249//339
s 4
f 243//340 260//341 259//342 276//343 251//344
s off
f 250//345 251//346 283//347 280//348
f 251//349 276//350 285//351 283//352
f 277//353 278//354 288//355 286//356
f 279//357 250//358 280//359 289//360
s 5
f 252//361 255//362 242//363 250//364 279//365
s 2
f 259//366 262//260 253//259 252//367 279//298 276//297
f 264//324 263//368 258//369 257//326 271//327 269//325
s 5
f 252//361 253//370 254//371 255//362
s off
f 256//372 257//373 258//374
s 4
f 259//342 260//341 261//375 262//376
s off
f 263//377 264//378 265//379
s 3
f 266//269 267//268 268//380
f 273//266 274//381 275//267
s off
f 284//382 285//383 286//384
f 287//385 288//386 289//387
s 6
g textureEditorIsolateSelectSet Sink1
usemtl lambert3SG
f 293/1/388 292/2/389 295/3/390 294/4/391
f 292/2/389 291/5/392 296/6/393 295/3/390
g Sink1
f 291//392 290//394 297//395 296//393
s off
f 301//396 300//397 978//398 973//399
f 300//400 299//401 982//402 977//403
f 299//404 298//405 984//406 981//407
s 6
g textureEditorIsolateSelectSet Sink1
f 309/25/408 308/20/409 311/21/410 310/26/411
f 308/20/409 307/15/412 312/16/413 311/21/410
f 307/15/412 306/10/414 313/9/415 312/16/413
s off
f 317/51/416 316/58/417 1008/52/418 1003/53/419
f 316/50/420 315/54/421 1012/55/422 1007/56/423
g Sink1
f 315//424 314//425 1015//426 1011//427
s 8
f 325//428 324//429 328//430 327//431
f 324//429 323//432 329//433 328//430
f 323//432 322//434 326//435 329//433
s 6
g textureEditorIsolateSelectSet Sink1
f 337/18/436 336/22/437 343/19/438 342/14/439
f 336/22/437 335/24/440 344/23/441 343/19/438
f 335/29/440 334/30/442 345/27/443 344/23/441
g Sink1
f 353//444 352//445 355//446 354//447
g textureEditorIsolateSelectSet Sink1
f 352/17/445 351/12/448 356/7/449 355/11/446
f 351/12/448 350/13/450 357/8/451 356/7/449
s 8
g Sink1
f 361//452 360//453 367//454 366//455
f 360//453 359//456 368//457 367//454
f 359//456 358//458 369//459 368//457
f 326//435 322//434 334//460 331//461
s 6
g textureEditorIsolateSelectSet Sink1
f 322/33/462 338/31/463 345/27/443 334/30/442
f 321/28/464 310/26/411 345/27/443 338/31/463
g Sink1
f 365//465 354//447 297//395 302//466
g textureEditorIsolateSelectSet Sink1
f 294/4/391 357/8/451 342/14/439 313/9/415
g Sink1
f 362//467 305//468 318//469 341//470
s off
f 1061//471 1062//472 1063//473 1064//474
s 6
f 298//475 302//466 297//395 290//394
s off
g textureEditorIsolateSelectSet Sink1
f 964/37/476 293/1/477 306/10/478 992/44/479
s 6
f 293/1/388 294/4/391 313/9/415 306/10/414
g Sink1
f 305//468 301//480 314//481 318//469
s off
f 301//482 974//483 1016//484 314//485
s 6
g textureEditorIsolateSelectSet Sink1
f 321/28/464 317/59/486 309/25/408 310/26/411
s off
f 317/59/487 1004/49/488 988/42/489 309/25/490
s 8
g Sink1
f 330//491 337//492 350//493 347//494
s 6
g textureEditorIsolateSelectSet Sink1
f 337/18/436 342/14/439 357/8/451 350/13/450
g Sink1
f 341//470 325//495 358//496 362//467
s 8
f 325//428 327//431 369//459 358//458
s 6
f 365//465 361//497 353//444 354//447
s 8
f 361//452 366//455 346//498 353//499
s off
f 1021//500 1018//501 1024//502 1026//503 1028//504 1030//505 1032//506 1035//507 1038//508 1041//509 1044//510 1047//511 1050//512 1053//513 1056//514 1059//515
g textureEditorIsolateSelectSet Sink1
f 963/36/516 969/40/517 292/2/518 293/1/519
f 970/39/520 966/38/521 291/5/522 292/2/523
g Sink1
f 1065//524 1066//525 1067//526 1068//527
s 6
f 300//528 301//480 305//468 304//529
f 298//475 299//530 303//531 302//466
f 299//530 300//528 304//529 303//531
s off
g textureEditorIsolateSelectSet Sink1
f 987/41/532 999/48/533 308/20/534 309/25/535
f 1000/47/536 995/46/537 307/15/538 308/20/539
f 996/45/540 991/43/541 306/10/542 307/15/543
s 6
f 316/57/544 317/59/486 321/28/464 320/32/545
g Sink1
f 314//481 315//546 319//547 318//469
f 315//546 316//544 320//545 319//547
f 324//548 325//495 341//470 340//549
g textureEditorIsolateSelectSet Sink1
f 322/33/462 323/35/550 339/34/551 338/31/463
g Sink1
f 323//550 324//548 340//549 339//551
s 8
f 330//491 333//552 336//553 337//492
f 333//552 332//554 335//555 336//553
f 332//554 331//461 334//460 335//555
s 6
f 318//469 319//547 340//549 341//470
f 319//547 320//545 339//551 340//549
g textureEditorIsolateSelectSet Sink1
f 320/32/545 321/28/464 338/31/463 339/34/551
f 310/26/411 311/21/410 344/23/441 345/27/443
f 311/21/410 312/16/413 343/19/438 344/23/441
f 312/16/413 313/9/415 342/14/439 343/19/438
s 8
g Sink1
f 346//498 349//556 352//557 353//499
f 349//556 348//558 351//559 352//557
f 348//558 347//494 350//493 351//559
s 6
g textureEditorIsolateSelectSet Sink1
f 294/4/391 295/3/390 356/7/449 357/8/451
f 295/3/390 296/6/393 355/11/446 356/7/449
g Sink1
f 296//393 297//395 354//447 355//446
f 360//560 361//497 365//465 364//561
f 358//496 359//562 363//563 362//467
f 359//562 360//560 364//561 363//563
f 302//466 303//531 364//561 365//465
f 303//531 304//529 363//563 364//561
f 304//529 305//468 362//467 363//563
s off
f 972//564 975//565 1019//566 1022//567
f 976//568 979//569 1025//570 1017//571
f 980//572 983//573 1027//574 1023//575
f 1069//576 1070//577 1071//578 1072//579
f 1073//580 1074//581 1075//582 1076//583
f 965//584 967//585 1033//586 1029//587
f 968//588 961//589 1036//590 1031//591
f 962//592 989//593 1039//594 1034//595
f 990//596 993//597 1042//598 1037//599
f 994//600 997//601 1045//602 1040//603
f 998//604 985//605 1048//606 1043//607
f 986//608 1001//609 1051//610 1046//611
f 1002//612 1005//613 1054//614 1049//615
f 1006//616 1009//617 1057//618 1052//619
f 1010//620 1013//621 1060//622 1055//623
f 1014//624 971//625 1020//626 1058//627
f 1077//628 1078//629 1079//630 1080//631
f 1081//632 1082//633 1083//634 1084//635
f 1085//636 1086//637 1087//638 1088//639
f 1089//640 1090//641 1091//642 1092//643
f 1093//644 1094//645 1095//646 1096//647
f 1097//648 1098//649 1099//650 1100//651
f 1101//652 1102//653 1103//654 1104//655
f 1105//656 1106//657 1107//658 1108//659
f 1109//660 1110//661 1111//662 1112//663
f 1113//664 1114//665 1115//666 1116//667
f 1117//668 1118//669 1119//670 1120//671
f 1121//672 1122//673 1123//674 1124//675
f 1125//676 1126//677 1127//678 1128//679
f 1129//680 1130//681 1131//682 1132//683
f 1133//684 1134//685 1135//686 1136//687
f 1137//688 1138//689 1139//690 1140//691
f 1141//692 1142//693 1143//694 1144//695
f 1145//696 1146//697 1147//698 1148//699
f 1149//700 1150//701 1151//702 1152//703
f 1153//704 1154//705 1155//706 1156//707
f 1157//708 1158//709 1159//710 1160//711
f 1161//712 1162//713 1163//714 1164//715
f 1165//716 1166//717 1167//718 1168//719
f 1169//720 1170//721 1171//722 1172//723
f 1173//724 1174//725 1175//726 1176//727
f 1177//728 1178//729 1179//730 1180//731
f 1181//732 1182//733 1183//734 1184//735
f 1185//736 1186//737 1187//738 1188//739
f 1189//740 1190//741 1191//742 1192//743
s 14
usemtl blinn2SG
f 370//744 371//745 391//746 390//747
f 371//745 372//748 392//749 391//746
f 372//748 373//750 393//751 392//749
f 373//750 374//752 394//753 393//751
f 374//752 375//754 395//755 394//753
f 375//754 376//756 396//757 395//755
f 376//756 377//758 397//759 396//757
f 377//758 378//760 398//761 397//759
f 378//760 379//762 399//763 398//761
f 379//762 380//764 400//765 399//763
f 380//764 381//766 401//767 400//765
f 381//766 382//768 402//769 401//767
f 382//768 383//770 403//771 402//769
f 383//770 384//772 404//773 403//771
f 384//772 385//774 405//775 404//773
f 385//774 386//776 406//777 405//775
f 386//776 387//778 407//779 406//777
f 387//778 388//780 408//781 407//779
f 388//780 389//782 409//783 408//781
f 389//782 370//744 390//747 409//783
s 15
f 410//784 411//785 431//786 430//787
f 411//785 412//788 432//789 431//786
f 412//788 413//790 433//791 432//789
f 413//790 414//792 434//793 433//791
f 414//792 415//794 435//795 434//793
f 415//794 416//796 436//797 435//795
f 416//796 417//798 437//799 436//797
f 417//798 418//800 438//801 437//799
f 418//800 419//802 439//803 438//801
f 419//802 420//804 440//805 439//803
f 420//804 421//806 441//807 440//805
f 421//806 422//808 442//809 441//807
f 422//808 423//810 443//811 442//809
f 423//810 424//812 444//813 443//811
f 424//812 425//814 445//815 444//813
f 425//814 426//816 446//817 445//815
f 426//816 427//818 447//819 446//817
f 427//818 428//820 448//821 447//819
f 428//820 429//822 449//823 448//821
f 429//822 410//784 430//787 449//823
s 16
f 450//824 451//825 471//826 470//827
f 451//825 452//828 472//829 471//826
f 452//828 453//830 473//831 472//829
f 453//830 454//832 474//833 473//831
f 454//832 455//834 475//835 474//833
f 455//834 456//836 476//837 475//835
f 456//836 457//838 477//839 476//837
f 457//838 458//840 478//841 477//839
f 458//840 459//842 479//843 478//841
f 459//842 460//844 480//845 479//843
f 460//844 461//846 481//847 480//845
f 461//846 462//848 482//849 481//847
f 462//848 463//850 483//851 482//849
f 463//850 464//852 484//853 483//851
f 464//852 465//854 485//855 484//853
f 465//854 466//856 486//857 485//855
f 466//856 467//858 487//859 486//857
f 467//858 468//860 488//861 487//859
f 468//860 469//862 489//863 488//861
f 469//862 450//824 470//827 489//863
s 17
f 490//864 491//865 511//866 510//867
f 491//865 492//868 512//869 511//866
f 492//868 493//870 513//871 512//869
f 493//870 494//872 514//873 513//871
f 494//872 495//874 515//875 514//873
f 495//874 496//876 516//877 515//875
f 496//876 497//878 517//879 516//877
f 497//878 498//880 518//881 517//879
f 498//880 499//882 519//883 518//881
f 499//882 500//884 520//885 519//883
f 500//884 501//886 521//887 520//885
f 501//886 502//888 522//889 521//887
f 502//888 503//890 523//891 522//889
f 503//890 504//892 524//893 523//891
f 504//892 505//894 525//895 524//893
f 505//894 506//896 526//897 525//895
f 506//896 507//898 527//899 526//897
f 507//898 508//900 528//901 527//899
f 508//900 509//902 529//903 528//901
f 509//902 490//864 510//867 529//903
s 18
usemtl blinn1SG
f 533//904 532//905 564//906 570//907
f 532//905 531//908 565//909 564//906
f 531//908 530//910 566//911 565//909
f 530//910 541//912 557//913 566//911
f 537//914 536//915 550//916 549//917
f 536//915 535//918 551//919 550//916
f 535//918 534//920 552//921 551//919
f 534//920 533//904 553//922 552//921
f 545//923 544//924 571//925 563//926
f 544//924 543//927 572//928 571//925
f 543//927 542//929 573//930 572//928
f 542//929 553//922 574//931 573//930
s 21
f 606//932 607//933 608//934 609//935
f 607//933 610//936 611//937 608//934
f 610//936 612//938 613//939 611//937
f 612//938 614//940 615//941 616//942
f 614//940 617//943 618//944 615//941
f 617//943 619//945 620//946 618//944
f 616//942 621//947 622//948 623//949
f 621//947 624//950 625//951 622//948
f 624//950 626//952 627//953 625//951
f 628//954 629//955 630//956 631//957
f 629//955 632//958 633//959 630//956
f 632//958 613//939 623//949 633//959
s 18
f 570//907 569//960 575//961 574//931
f 569//960 568//962 576//963 575//961
f 568//962 567//964 577//965 576//963
f 567//964 558//966 562//967 577//965
s 21
f 612//938 616//942 623//949 613//939
s 18
f 570//907 574//931 553//922 533//904
f 540//968 541//912 530//910 578//969
f 578//969 530//910 531//908 579//970
f 579//970 531//908 532//905 580//971
f 532//905 533//904 534//920 580//971
f 580//971 534//920 535//918 581//972
f 581//972 535//918 536//915 582//973
f 536//915 537//914 538//974 582//973
f 582//973 538//974 539//975 583//976
f 583//976 539//975 540//968 578//969
f 583//976 578//969 579//970 584//977
f 579//970 580//971 581//972 584//977
f 581//972 582//973 583//976 584//977
f 552//921 553//922 542//929 585//978
f 585//978 542//929 543//927 586//979
f 586//979 543//927 544//924 587//980
f 544//924 545//923 546//981 587//980
f 587//980 546//981 547//982 588//983
f 588//983 547//982 548//984 589//985
f 548//984 549//917 550//916 589//985
f 589//985 550//916 551//919 590//986
f 590//986 551//919 552//921 585//978
f 590//986 585//978 586//979 591//987
f 586//979 587//980 588//983 591//987
f 588//983 589//985 590//986 591//987
s 21
f 614//940 612//938 610//936 634//988
f 634//988 610//936 607//933 635//989
f 635//989 607//933 606//932 636//990
f 637//991 619//945 617//943 638//992
f 638//992 617//943 614//940 634//988
f 638//992 634//988 635//989 639//993
f 635//989 636//990 640//994 639//993
f 640//994 637//991 638//992 639//993
f 641//995 626//952 624//950 642//996
f 642//996 624//950 621//947 643//997
f 621//947 616//942 615//941 643//997
f 643//997 615//941 618//944 644//998
f 644//998 618//944 620//946 645//999
f 646//1000 641//995 642//996 647//1001
f 642//996 643//997 644//998 647//1001
f 644//998 645//999 646//1000 647//1001
f 648//1002 609//935 608//934 649//1003
f 649//1003 608//934 611//937 650//1004
f 611//937 613//939 632//958 650//1004
f 650//1004 632//958 629//955 651//1005
f 651//1005 629//955 628//954 652//1006
f 651//1005 652//1006 653//1007 654//1008
f 653//1007 648//1002 649//1003 654//1008
f 649//1003 650//1004 651//1005 654//1008
f 655//1009 631//957 630//956 656//1010
f 656//1010 630//956 633//959 657//1011
f 633//959 623//949 622//948 657//1011
f 657//1011 622//948 625//951 658//1012
f 658//1012 625//951 627//953 659//1013
f 658//1012 659//1013 660//1014 661//1015
f 660//1014 655//1009 656//1010 661//1015
f 656//1010 657//1011 658//1012 661//1015
s 18
f 569//960 570//907 564//906 592//1016
f 592//1016 564//906 565//909 593//1017
f 593//1017 565//909 566//911 594//1018
f 566//911 557//913 556//1019 594//1018
f 594//1018 556//1019 555//1020 595//1021
f 595//1021 555//1020 554//1022 596//1023
f 554//1022 558//966 567//964 596//1023
f 596//1023 567//964 568//962 597//1024
f 597//1024 568//962 569//960 592//1016
f 597//1024 592//1016 593//1017 598//1025
f 593//1017 594//1018 595//1021 598//1025
f 595//1021 596//1023 597//1024 598//1025
f 559//1026 563//926 571//925 599//1027
f 599//1027 571//925 572//928 600//1028
f 600//1028 572//928 573//930 601//1029
f 573//930 574//931 575//961 601//1029
f 601//1029 575//961 576//963 602//1030
f 602//1030 576//963 577//965 603//1031
f 577//965 562//967 561//1032 603//1031
f 603//1031 561//1032 560//1033 604//1034
f 604//1034 560//1033 559//1026 599//1027
f 604//1034 599//1027 600//1028 605//1035
f 600//1028 601//1029 602//1030 605//1035
f 602//1030 603//1031 604//1034 605//1035
s 23
f 727//1036 729//1037 620//1038 619//1039
f 737//1040 735//1041 628//1042 631//1043
s 18
f 541//912 662//1044 665//1045 557//913
f 668//1046 537//914 549//917 671//1047
f 674//1048 545//923 563//926 677//1049
f 558//966 680//1050 683//1051 562//967
f 662//1044 541//912 540//968 686//1052
f 686//1052 540//968 539//975 689//1053
f 689//1053 539//975 538//974 692//1054
f 538//974 537//914 668//1046 692//1054
f 546//981 545//923 674//1048 695//1055
f 671//1047 549//917 548//984 698//1056
f 698//1056 548//984 547//982 701//1057
f 701//1057 547//982 546//981 695//1055
f 680//1050 558//966 554//1022 704//1058
f 704//1058 554//1022 555//1020 707//1059
f 707//1059 555//1020 556//1019 710//1060
f 556//1019 557//913 665//1045 710//1060
f 677//1049 563//926 559//1026 713//1061
f 713//1061 559//1026 560//1033 716//1062
f 716//1062 560//1033 561//1032 719//1063
f 561//1032 562//967 683//1051 719//1063
s 25
f 670//1064 673//1065 728//1066 726//1067
s 26
f 685//1068 682//1069 734//1070 736//1071
s 18
f 662//1044 663//1072 666//1073 665//1045
s 23
f 663//1074 664//1075 667//1076 666//1077
s 18
f 665//1045 666//1073 711//1078 710//1060
s 23
f 666//1077 667//1076 712//1079 711//1080
s 18
f 668//1046 669//1081 693//1082 692//1054
s 23
f 669//1083 670//1084 694//1085 693//1086
f 670//1084 669//1083 672//1087 673//1088
s 18
f 669//1081 668//1046 671//1047 672//1089
f 674//1048 675//1090 696//1091 695//1055
s 23
f 675//1092 676//1093 697//1094 696//1095
f 676//1093 675//1092 678//1096 679//1097
s 18
f 675//1090 674//1048 677//1049 678//1098
f 680//1050 681//1099 684//1100 683//1051
s 23
f 681//1101 682//1102 685//1103 684//1104
s 18
f 683//1051 684//1100 720//1105 719//1063
s 23
f 684//1104 685//1103 721//1106 720//1107
f 664//1075 663//1074 687//1108 688//1109
s 18
f 663//1072 662//1044 686//1052 687//1110
s 23
f 688//1109 687//1108 690//1111 691//1112
s 18
f 687//1110 686//1052 689//1053 690//1113
s 23
f 691//1112 690//1111 693//1086 694//1085
s 18
f 690//1113 689//1053 692//1054 693//1082
f 695//1055 696//1091 702//1114 701//1057
s 23
f 696//1095 697//1094 703//1115 702//1116
f 673//1088 672//1087 699//1117 700//1118
s 18
f 672//1089 671//1047 698//1056 699//1119
s 23
f 700//1118 699//1117 702//1116 703//1115
s 18
f 699//1119 698//1056 701//1057 702//1114
s 23
f 682//1102 681//1101 705//1120 706//1121
s 18
f 681//1099 680//1050 704//1058 705//1122
s 23
f 706//1121 705//1120 708//1123 709//1124
s 18
f 705//1122 704//1058 707//1059 708//1125
s 23
f 709//1124 708//1123 711//1080 712//1079
s 18
f 708//1125 707//1059 710//1060 711//1078
s 23
f 679//1097 678//1096 714//1126 715//1127
s 18
f 678//1098 677//1049 713//1061 714//1128
s 23
f 715//1127 714//1126 717//1129 718//1130
s 18
f 714//1128 713//1061 716//1062 717//1131
s 23
f 718//1130 717//1129 720//1107 721//1106
s 18
f 717//1131 716//1062 719//1063 720//1105
s 23
f 722//1132 723//1133 739//1134 738//1135
f 723//1133 722//1132 724//1136 725//1137
f 725//1137 724//1136 749//1138 750//1139
f 727//1036 726//1140 728//1141 729//1037
f 726//1140 727//1036 740//1142 741//1143
f 729//1037 728//1141 700//1144 746//1145
f 730//1146 731//1147 733//1148 732//1149
f 731//1147 730//1146 744//1150 745//1151
f 732//1149 733//1148 757//1152 756//1153
f 735//1041 734//1154 706//1155 751//1156
f 734//1154 735//1041 737//1040 736//1157
f 736//1157 737//1040 754//1158 755//1159
f 738//1135 739//1134 743//1160 742//1161
f 741//1143 740//1142 742//1161 743//1160
f 745//1151 744//1150 747//1162 748//1163
f 746//1145 700//1144 748//1163 747//1162
f 750//1139 749//1138 752//1164 753//1165
f 751//1156 706//1155 753//1165 752//1164
f 755//1159 754//1158 758//1166 759//1167
f 756//1153 757//1152 759//1167 758//1166
f 724//1168 722//1169 606//1170 609//1171
f 730//1172 732//1173 627//1174 626//1175
f 722//1169 738//1176 636//1177 606//1170
f 740//1142 727//1036 619//1039 637//1178
f 738//1176 742//1179 640//1180 636//1177
f 742//1179 740//1142 637//1178 640//1180
f 744//1150 730//1172 626//1175 641//1181
f 729//1037 746//1145 645//1182 620//1038
f 747//1162 744//1150 641//1181 646//1183
f 746//1145 747//1162 646//1183 645//1182
f 749//1138 724//1168 609//1171 648//1184
f 735//1041 751//1156 652//1185 628//1042
f 751//1156 752//1164 653//1186 652//1185
f 752//1164 749//1138 648//1184 653//1186
f 754//1158 737//1040 631//1043 655//1187
f 732//1173 756//1188 659//1189 627//1174
f 756//1188 758//1190 660//1191 659//1189
f 758//1190 754//1158 655//1187 660//1191
f 667//1076 664//1075 723//1192 725//1193
f 676//1093 679//1097 733//1194 731//1195
f 664//1075 688//1109 739//1134 723//1192
f 694//1085 670//1084 726//1196 741//1197
f 688//1109 691//1112 743//1160 739//1134
f 691//1112 694//1085 741//1197 743//1160
f 697//1094 676//1093 731//1195 745//1198
s 25
f 673//1065 700//1199 728//1066
s 23
f 703//1115 697//1094 745//1198 748//1200
f 700//1118 703//1115 748//1200
f 712//1079 667//1076 725//1193 750//1201
s 26
f 682//1069 706//1202 734//1070
s 23
f 706//1121 709//1124 753//1203
f 709//1124 712//1079 750//1201 753//1203
f 721//1106 685//1103 736//1204 755//1205
f 679//1097 715//1127 757//1152 733//1194
f 715//1127 718//1130 759//1167 757//1152
f 718//1130 721//1106 755//1205 759//1167
s 35
usemtl blinn2SG
f 928//1206 929//1207 930//1208 931//1209
f 929//1207 932//1210 933//1211 930//1208
f 932//1210 934//1212 935//1213 933//1211
f 934//1212 936//1214 937//1215 935//1213
f 936//1214 938//1216 939//1217 937//1215
f 938//1216 928//1206 931//1209 939//1217
s 36
f 766//1218 767//1219 902//1220 903//1221
f 767//1219 768//1222 901//1223 902//1220
f 768//1222 769//1224 900//1225 901//1223
f 769//1224 770//1226 899//1227 900//1225
f 770//1226 771//1228 898//1229 899//1227
f 771//1228 766//1218 903//1221 898//1229
s 37
f 904//1230 905//1231 906//1232 907//1233
f 905//1231 908//1234 909//1235 906//1232
f 908//1234 910//1236 911//1237 909//1235
f 910//1236 912//1238 913//1239 911//1237
f 912//1238 914//1240 915//1241 913//1239
f 914//1240 904//1230 907//1233 915//1241
s 38
f 778//1242 779//1243 785//1244 784//1245
f 779//1243 780//1246 786//1247 785//1244
f 780//1246 781//1248 787//1249 786//1247
f 781//1248 782//1250 788//1251 787//1249
f 782//1250 783//1252 789//1253 788//1251
f 783//1252 778//1242 784//1245 789//1253
f 784//1245 785//1244 791//1254 790//1255
f 785//1244 786//1247 792//1256 791//1254
f 786//1247 787//1249 793//1257 792//1256
f 787//1249 788//1251 794//1258 793//1257
f 788//1251 789//1253 795//1259 794//1258
f 789//1253 784//1245 790//1255 795//1259
f 790//1255 791//1254 797//1260 796//1261
f 791//1254 792//1256 798//1262 797//1260
f 792//1256 793//1257 799//1263 798//1262
f 793//1257 794//1258 800//1264 799//1263
f 794//1258 795//1259 801//1265 800//1264
f 795//1259 790//1255 796//1261 801//1265
f 796//1261 797//1260 803//1266 802//1267
f 797//1260 798//1262 804//1268 803//1266
f 798//1262 799//1263 805//1269 804//1268
f 799//1263 800//1264 806//1270 805//1269
f 800//1264 801//1265 807//1271 806//1270
f 801//1265 796//1261 802//1267 807//1271
f 802//1267 803//1266 809//1272 808//1273
f 803//1266 804//1268 810//1274 809//1272
f 804//1268 805//1269 811//1275 810//1274
f 805//1269 806//1270 812//1276 811//1275
f 806//1270 807//1271 813//1277 812//1276
f 807//1271 802//1267 808//1273 813//1277
f 808//1273 809//1272 815//1278 814//1279
f 809//1272 810//1274 816//1280 815//1278
f 810//1274 811//1275 817//1281 816//1280
f 811//1275 812//1276 818//1282 817//1281
f 812//1276 813//1277 819//1283 818//1282
f 813//1277 808//1273 814//1279 819//1283
f 814//1279 815//1278 821//1284 820//1285
f 815//1278 816//1280 822//1286 821//1284
f 816//1280 817//1281 823//1287 822//1286
f 817//1281 818//1282 824//1288 823//1287
f 818//1282 819//1283 825//1289 824//1288
f 819//1283 814//1279 820//1285 825//1289
f 820//1285 821//1284 827//1290 826//1291
f 821//1284 822//1286 828//1292 827//1290
f 822//1286 823//1287 829//1293 828//1292
f 823//1287 824//1288 830//1294 829//1293
f 824//1288 825//1289 831//1295 830//1294
f 825//1289 820//1285 826//1291 831//1295
f 826//1291 827//1290 833//1296 832//1297
f 827//1290 828//1292 834//1298 833//1296
f 828//1292 829//1293 835//1299 834//1298
f 829//1293 830//1294 836//1300 835//1299
f 830//1294 831//1295 837//1301 836//1300
f 831//1295 826//1291 832//1297 837//1301
f 832//1297 833//1296 839//1302 838//1303
f 833//1296 834//1298 840//1304 839//1302
f 834//1298 835//1299 841//1305 840//1304
f 835//1299 836//1300 842//1306 841//1305
f 836//1300 837//1301 843//1307 842//1306
f 837//1301 832//1297 838//1303 843//1307
f 838//1303 839//1302 845//1308 844//1309
f 839//1302 840//1304 846//1310 845//1308
f 840//1304 841//1305 847//1311 846//1310
f 841//1305 842//1306 848//1312 847//1311
f 842//1306 843//1307 849//1313 848//1312
f 843//1307 838//1303 844//1309 849//1313
f 844//1309 845//1308 851//1314 850//1315
f 845//1308 846//1310 852//1316 851//1314
f 846//1310 847//1311 853//1317 852//1316
f 847//1311 848//1312 854//1318 853//1317
f 848//1312 849//1313 855//1319 854//1318
f 849//1313 844//1309 850//1315 855//1319
f 850//1315 851//1314 885//1320 880//1321
f 851//1314 852//1316 884//1322 885//1320
f 852//1316 853//1317 883//1323 884//1322
f 853//1317 854//1318 882//1324 883//1323
f 854//1318 855//1319 881//1325 882//1324
f 855//1319 850//1315 880//1321 881//1325
s 39
f 868//1326 869//1327 870//1328 871//1329
f 869//1327 872//1330 873//1331 870//1328
f 872//1330 874//1332 875//1333 873//1331
f 874//1332 876//1334 877//1335 875//1333
f 876//1334 878//1336 879//1337 877//1335
f 878//1336 868//1326 871//1329 879//1337
s off
f 856//1338 857//1339 869//1340 868//1341
f 863//1342 862//1343 871//1344 870//1345
f 857//1346 858//1347 872//1348 869//1349
f 864//1350 863//1351 870//1352 873//1353
f 858//1354 859//1355 874//1356 872//1357
f 865//1358 864//1359 873//1360 875//1361
f 859//1362 860//1363 876//1364 874//1365
f 866//1366 865//1367 875//1368 877//1369
f 860//1370 861//1371 878//1372 876//1373
f 867//1374 866//1375 877//1376 879//1377
f 861//1378 856//1379 868//1380 878//1381
f 862//1382 867//1383 879//1384 871//1385
s 38
f 881//1325 880//1321 856//1386 861//1387
f 882//1324 881//1325 861//1387 860//1388
f 883//1323 882//1324 860//1388 859//1389
f 884//1322 883//1323 859//1389 858//1390
f 885//1320 884//1322 858//1390 857//1391
f 880//1321 885//1320 857//1391 856//1386
s off
f 772//1392 773//1393 887//1394 886//1395
f 779//1396 778//1397 889//1398 888//1399
f 773//1400 774//1401 890//1402 887//1403
f 780//1404 779//1405 888//1406 891//1407
f 774//1408 775//1409 892//1410 890//1411
f 781//1412 780//1413 891//1414 893//1415
f 775//1416 776//1417 894//1418 892//1419
f 782//1420 781//1421 893//1422 895//1423
f 776//1424 777//1425 896//1426 894//1427
f 783//1428 782//1429 895//1430 897//1431
f 777//1432 772//1433 886//1434 896//1435
f 778//1436 783//1437 897//1438 889//1439
s 40
f 917//1440 916//1441 918//1442 919//1443
f 920//1444 917//1440 919//1443 921//1445
f 922//1446 920//1444 921//1445 923//1447
f 924//1448 922//1446 923//1447 925//1449
f 926//1450 924//1448 925//1449 927//1451
f 916//1441 926//1450 927//1451 918//1442
s off
f 886//1452 887//1453 905//1454 904//1455
f 888//1456 889//1457 907//1458 906//1459
f 887//1460 890//1461 908//1462 905//1463
f 891//1464 888//1465 906//1466 909//1467
f 890//1468 892//1469 910//1470 908//1471
f 893//1472 891//1473 909//1474 911//1475
f 892//1476 894//1477 912//1478 910//1479
f 895//1480 893//1481 911//1482 913//1483
f 894//1484 896//1485 914//1486 912//1487
f 897//1488 895//1489 913//1490 915//1491
f 896//1492 886//1493 904//1494 914//1495
f 889//1496 897//1497 915//1498 907//1499
f 899//1500 898//1501 916//1502 917//1503
f 777//1504 776//1505 919//1506 918//1507
f 900//1508 899//1509 917//1510 920//1511
f 776//1512 775//1513 921//1514 919//1515
f 901//1516 900//1517 920//1518 922//1519
f 775//1520 774//1521 923//1522 921//1523
f 902//1524 901//1525 922//1526 924//1527
f 774//1528 773//1529 925//1530 923//1531
f 903//1532 902//1533 924//1534 926//1535
f 773//1536 772//1537 927//1538 925//1539
f 898//1540 903//1541 926//1542 916//1543
f 772//1544 777//1545 918//1546 927//1547
f 760//1548 761//1549 929//1550 928//1551
f 767//1552 766//1553 931//1554 930//1555
f 761//1556 762//1557 932//1558 929//1559
f 768//1560 767//1561 930//1562 933//1563
f 762//1564 763//1565 934//1566 932//1567
f 769//1568 768//1569 933//1570 935//1571
f 763//1572 764//1573 936//1574 934//1575
f 770//1576 769//1577 935//1578 937//1579
f 764//1580 765//1581 938//1582 936//1583
f 771//1584 770//1585 937//1586 939//1587
f 765//1588 760//1589 928//1590 938//1591
f 766//1592 771//1593 939//1594 931//1595
f 940//1596 941//1597 949//1598 948//1599
f 941//1600 942//1601 950//1602 949//1603
f 957//1604 958//1605 959//1606 960//1607
f 943//1608 944//1609 952//1610 951//1611
f 944//1612 945//1613 953//1614 952//1615
f 945//1616 946//1617 954//1618 953//1619
f 946//1620 947//1621 955//1622 954//1623
f 947//1624 940//1625 948//1626 955//1627
s 41
f 941//1628 940//1629 956//1630
f 942//1631 941//1628 956//1630
f 943//1632 942//1631 956//1630
f 944//1633 943//1632 956//1630
f 945//1634 944//1633 956//1630
f 946//1635 945//1634 956//1630
f 947//1636 946//1635 956//1630
f 940//1629 947//1636 956//1630
f 942//1631 943//1632 958//1637 957//1638
s off
f 943//1639 951//1640 959//1641 958//1642
f 951//1643 950//1644 960//1645 959//1646
f 950//1647 942//1648 957//1649 960//1650
g default
v 0.884622 0.240261 -0.514966
v 0.639522 0.240261 -1.040052
v 0.936212 0.240261 -0.396495
v 0.579286 0.240261 -0.215078
v 0.042118 0.240261 -0.430652
v 0.690744 0.240261 -0.149702
v 1.602738 0.240261 -0.201695
v 2.131029 0.240261 -0.445724
v 1.484267 0.240261 -0.150106
v 1.302849 0.240261 -0.507028
v 1.521630 0.240261 -1.043129
v 1.237476 0.240261 -0.395573
v 1.271952 0.240261 0.498910
v 1.514915 0.240261 1.023996
v 1.220362 0.240261 0.380439
v 1.577286 0.240261 0.199022
v 2.112319 0.240261 0.414596
v 1.465830 0.240261 0.133646
v 0.571351 0.240261 0.185638
v 0.045197 0.240261 0.429668
v 0.689819 0.240261 0.134049
v 0.871238 0.240261 0.490972
v 0.654596 0.240261 1.027073
v 0.936615 0.240261 0.379516
v 0.593798 0.240261 -0.373146
v 0.660386 0.240261 -0.483630
v 0.741245 0.240261 -0.323656
v 0.648918 0.240261 -0.264096
v 1.028095 0.240261 -0.659685
v 1.137479 0.240261 -0.664721
v 1.026545 0.240261 -0.479829
v 1.135877 0.240261 -0.482022
v 0.429269 0.240261 0.050974
v 0.423685 0.240261 -0.058421
v 0.607231 0.240261 -0.057019
v 0.609583 0.240261 0.052360
v 1.460917 0.240261 -0.492517
v 1.571402 0.240261 -0.425929
v 1.411761 0.240261 -0.345238
v 1.351536 0.240261 -0.437231
v 1.738677 0.240261 -0.066980
v 1.739455 0.240261 0.042323
v 1.557722 0.240261 -0.070045
v 1.556486 0.240261 0.039218
v 1.562775 0.240261 0.357088
v 1.496188 0.240261 0.467574
v 1.415426 0.240261 0.307791
v 1.507558 0.240261 0.247849
v 1.137288 0.240261 0.640992
v 1.027895 0.240261 0.646573
v 1.138650 0.240261 0.460698
v 1.029320 0.240261 0.463050
v 0.713173 0.240261 0.476460
v 0.602685 0.240261 0.409873
v 0.762485 0.240261 0.329103
v 0.822396 0.240261 0.421254
v 0.660434 0.086800 -1.536540
v 0.829607 0.086800 -1.682196
v 0.538295 0.086799 -1.303613
v 1.087799 0.086800 -1.522325
v 0.933098 0.086800 -1.308078
v 0.876562 0.086800 -1.035595
v -0.284045 0.086800 -0.776680
v -0.269020 0.086800 -0.999280
v -0.201894 0.086800 -0.534009
v 0.003658 0.086800 -1.081429
v 0.057695 0.086800 -0.814486
v 0.199845 0.086800 -0.611846
v 0.076650 0.086800 -1.365426
v 0.291363 0.086800 -1.386176
v 0.262825 0.086799 -1.031767
v 0.487990 0.086799 -0.883624
v -0.573963 0.086800 -0.251271
v -0.433520 0.086800 -0.420399
v -0.437079 0.086800 -0.007717
v -0.199720 0.086800 -0.152473
v 0.075232 0.086800 -0.190918
v 2.627517 0.086800 -0.424813
v 2.773173 0.086800 -0.255640
v 2.394591 0.086799 -0.546953
v 2.602409 0.086800 -0.008339
v 2.399055 0.086800 -0.152149
v 2.126573 0.086800 -0.208685
v 1.867657 0.086800 -1.369292
v 2.090256 0.086800 -1.354266
v 1.624987 0.086800 -1.287142
v 2.172407 0.086800 -1.081589
v 1.905463 0.086800 -1.027552
v 1.702824 0.086800 -0.885403
v 2.456402 0.086800 -1.008597
v 2.477153 0.086800 -0.793884
v 2.122744 0.086799 -0.822422
v 1.974603 0.086799 -0.597257
v 1.342248 0.086800 -1.659210
v 1.511376 0.086800 -1.518767
v 1.243451 0.086800 -1.284968
v 1.281896 0.086800 -1.010015
v 1.494004 0.086800 1.520484
v 1.324832 0.086800 1.666140
v 1.616144 0.086799 1.287557
v 1.077531 0.086800 1.506269
v 1.221340 0.086800 1.292022
v 1.277875 0.086800 1.019539
v 2.438483 0.086800 0.760624
v 2.423457 0.086800 0.983224
v 2.356332 0.086800 0.517953
v 2.150780 0.086800 1.065373
v 2.096743 0.086800 0.798430
v 1.954593 0.086800 0.595790
v 2.077787 0.086800 1.349370
v 1.863075 0.086800 1.370120
v 1.891612 0.086799 1.015712
v 1.666448 0.086799 0.867568
v 2.728401 0.086800 0.235215
v 2.587957 0.086800 0.404343
v 2.354158 0.086800 0.136417
v 2.079205 0.086800 0.174862
v -0.451292 0.086800 0.408757
v -0.596950 0.086800 0.239584
v -0.218367 0.086799 0.530897
v -0.222831 0.086800 0.136093
v 0.049651 0.086800 0.192629
v 0.308566 0.086800 1.353236
v 0.085967 0.086800 1.338210
v 0.551239 0.086800 1.271086
v 0.003820 0.086800 1.065533
v 0.270761 0.086800 1.011495
v 0.473402 0.086800 0.869346
v -0.280180 0.086800 0.992541
v -0.300929 0.086800 0.777828
v 0.053478 0.086799 0.806366
v 0.201623 0.086799 0.581201
v 0.833976 0.086800 1.643153
v 0.664848 0.086800 1.502711
v 0.932773 0.086800 1.268911
v 0.894328 0.086800 0.993959
v 0.519350 0.086800 -0.503956
v 0.579155 0.086800 -0.560818
v 0.866534 0.086799 -0.168042
v 0.967123 0.086799 -0.276187
v 0.796725 0.086799 -0.080510
v 0.775637 0.086799 -0.049664
v 1.042001 0.086800 -0.780393
v 1.126754 0.086800 -0.779650
v 1.129728 0.086799 -0.309425
v 1.140643 0.086799 -0.309610
v 1.020022 0.086799 -0.292024
v 0.303158 0.086800 0.036602
v 0.303612 0.086800 -0.046924
v 0.795120 0.086799 0.060204
v 0.809060 0.086799 0.102067
v 1.592426 0.086800 -0.566822
v 1.648784 0.086800 -0.506807
v 1.258945 0.086799 -0.218784
v 1.367164 0.086799 -0.118124
v 1.171673 0.086799 -0.288394
v 1.862693 0.086800 -0.051607
v 1.860906 0.086800 0.031949
v 1.378857 0.086799 0.033297
v 1.378801 0.086799 0.033610
v 1.376444 0.086799 -0.076083
v 1.636943 0.086800 0.487957
v 1.576942 0.086800 0.544640
v 1.287945 0.086799 0.151942
v 1.187315 0.086799 0.260131
v 1.357639 0.086799 0.064563
v 1.122781 0.086800 0.767021
v 1.039183 0.086800 0.766353
v 1.145351 0.086799 0.274104
v 0.582110 0.086800 0.550768
v 0.525476 0.086800 0.490827
v 0.917245 0.086799 0.202695
v 1.004638 0.086799 0.272398
v 1.035590 0.086799 0.293553
v 0.660386 0.086800 -0.483630
v 0.593798 0.086800 -0.373146
v 0.648918 0.086800 -0.264096
v 0.741245 0.086800 -0.323656
v 1.137479 0.086800 -0.664721
v 1.028095 0.086800 -0.659685
v 1.026545 0.086800 -0.479829
v 1.135877 0.086800 -0.482022
v 0.423685 0.086800 -0.058421
v 0.429269 0.086800 0.050974
v 0.609583 0.086800 0.052360
v 0.607231 0.086800 -0.057019
v 1.571402 0.086800 -0.425929
v 1.460917 0.086800 -0.492517
v 1.351536 0.086800 -0.437231
v 1.411761 0.086800 -0.345238
v 1.739455 0.086800 0.042323
v 1.738677 0.086800 -0.066980
v 1.557722 0.086800 -0.070045
v 1.556486 0.086800 0.039218
v 1.496188 0.086800 0.467574
v 1.562775 0.086800 0.357088
v 1.507558 0.086800 0.247849
v 1.415426 0.086800 0.307791
v 1.027895 0.086800 0.646573
v 1.137288 0.086800 0.640992
v 1.138650 0.086800 0.460698
v 1.029320 0.086800 0.463050
v 0.602685 0.086800 0.409873
v 0.713173 0.086800 0.476460
v 0.822396 0.086800 0.421254
v 0.762485 0.086800 0.329103
v 0.753674 0.240261 -1.462449
v 0.660434 0.197999 -1.536540
v 0.911509 0.240261 -1.598342
v 0.829607 0.197999 -1.682196
v 1.001088 0.194722 -1.872128
v 1.082248 0.240261 -1.787453
v 1.166499 0.194722 -1.869053
v 0.595650 0.240261 -1.161088
v 0.538295 0.197999 -1.303613
v 1.092437 0.240261 -1.728580
v 1.087799 0.197999 -1.522325
v 0.823629 0.240261 -1.356306
v 0.933098 0.197999 -1.308078
v 0.752253 0.240261 -1.012295
v 0.876562 0.197999 -1.035595
v -0.165756 0.240261 -0.792086
v -0.284045 0.197999 -0.776680
v -0.151711 0.240261 -1.000160
v -0.269020 0.197999 -0.999280
v -0.290845 0.194531 -1.263504
v -0.173524 0.240262 -1.264243
v -0.174941 0.194531 -1.381558
v -0.058148 0.240261 -0.474217
v -0.201894 0.197999 -0.534009
v -0.145600 0.240261 -1.229141
v 0.003658 0.197999 -1.081429
v -0.052113 0.240261 -0.767317
v 0.057695 0.197999 -0.814486
v 0.126094 0.240261 -0.513277
v 0.199845 0.197999 -0.611846
v 0.078546 0.240261 -1.248080
v 0.076650 0.197999 -1.365426
v 0.277857 0.240261 -1.267342
v 0.291363 0.197999 -1.386176
v 0.307689 0.240261 -1.142282
v 0.262825 0.197999 -1.031767
v 0.588718 0.240261 -0.957384
v 0.487990 0.197998 -0.883624
v -0.491533 0.240261 -0.167423
v -0.573963 0.197999 -0.251271
v -0.783948 0.198560 0.077936
v -0.694120 0.240261 -0.002044
v -0.780939 0.198560 -0.085281
v -0.359520 0.240261 -0.326397
v -0.433520 0.197999 -0.420399
v -0.654016 0.240261 -0.012437
v -0.437079 0.197999 -0.007717
v -0.239931 0.240261 -0.264972
v -0.199720 0.197999 -0.152473
v 0.101420 0.240261 -0.312701
v 0.075232 0.197999 -0.190918
v 2.553426 0.240261 -0.331573
v 2.627517 0.197999 -0.424813
v 2.689402 0.240261 -0.173644
v 2.773173 0.197999 -0.255640
v 2.951038 0.198551 -0.095744
v 2.859872 0.240261 -0.017392
v 2.945057 0.198551 0.067425
v 2.252065 0.240261 -0.489598
v 2.394591 0.197999 -0.546953
v 2.818406 0.240261 0.001131
v 2.602409 0.197999 -0.008339
v 2.446694 0.240261 -0.261740
v 2.399055 0.197999 -0.152149
v 2.105813 0.240261 -0.332468
v 2.126573 0.197999 -0.208685
v 1.883063 0.240261 -1.251002
v 1.867657 0.197999 -1.369292
v 2.091137 0.240261 -1.236957
v 2.090256 0.197999 -1.354266
v 2.354482 0.194531 -1.376092
v 2.355221 0.240262 -1.258771
v 2.472535 0.194531 -1.260188
v 1.565196 0.240261 -1.143396
v 1.624987 0.197999 -1.287142
v 2.320121 0.240261 -1.230847
v 2.172407 0.197999 -1.081589
v 1.858294 0.240261 -1.137359
v 1.905463 0.197999 -1.027552
v 1.604675 0.240261 -0.959449
v 1.702824 0.197999 -0.885403
v 2.339057 0.240261 -1.006702
v 2.456402 0.197999 -1.008597
v 2.358320 0.240261 -0.807389
v 2.477153 0.197999 -0.793884
v 2.233259 0.240261 -0.777558
v 2.122744 0.197999 -0.822422
v 2.048199 0.240261 -0.496281
v 1.974603 0.197998 -0.597257
v 1.259365 0.240261 -1.575977
v 1.342248 0.197999 -1.659210
v 1.417375 0.240261 -1.444766
v 1.511376 0.197999 -1.518767
v 1.355672 0.240261 -1.327166
v 1.243451 0.197999 -1.284968
v 1.403957 0.240261 -0.981836
v 1.281896 0.197999 -1.010015
v 1.400764 0.240261 1.446393
v 1.494004 0.197999 1.520484
v 1.241970 0.240261 1.583114
v 1.324832 0.197999 1.666140
v 1.163184 0.198560 1.853139
v 1.083203 0.240261 1.763310
v 0.999967 0.198560 1.850130
v 1.558790 0.240261 1.145032
v 1.616144 0.197999 1.287557
v 1.072811 0.240261 1.723204
v 1.077531 0.197999 1.506269
v 1.331232 0.240261 1.338208
v 1.221340 0.197999 1.292022
v 1.401847 0.240261 0.997862
v 1.277875 0.197999 1.019539
v 2.320193 0.240261 0.776030
v 2.438483 0.197999 0.760624
v 2.306148 0.240261 0.984105
v 2.423457 0.197999 0.983224
v 2.445282 0.194531 1.247448
v 2.327961 0.240262 1.248187
v 2.329379 0.194531 1.365502
v 2.212586 0.240261 0.458161
v 2.356332 0.197999 0.517953
v 2.300037 0.240261 1.213085
v 2.150780 0.197999 1.065373
v 2.206550 0.240261 0.751261
v 2.096743 0.197999 0.798430
v 2.028404 0.240261 0.497307
v 1.954593 0.197999 0.595790
v 2.075891 0.240261 1.232024
v 2.077787 0.197999 1.349370
v 1.876580 0.240261 1.251286
v 1.863075 0.197999 1.370120
v 1.846748 0.240261 1.126227
v 1.891612 0.197999 1.015712
v 1.565449 0.240261 0.941150
v 1.666448 0.197998 0.867568
v 2.646612 0.240261 0.150594
v 2.728401 0.197999 0.235215
v 2.513957 0.240261 0.310341
v 2.587957 0.197999 0.404343
v 2.393179 0.240261 0.249082
v 2.354158 0.197999 0.136417
v 2.051891 0.240261 0.296803
v 2.079205 0.197999 0.174862
v -0.377202 0.240261 0.315517
v -0.451292 0.197999 0.408757
v -0.513924 0.240261 0.156722
v -0.596950 0.197999 0.239584
v -0.075841 0.240261 0.473542
v -0.218367 0.197999 0.530897
v -0.269017 0.240261 0.245985
v -0.222831 0.197999 0.136093
v 0.071389 0.240261 0.316614
v 0.049651 0.197999 0.192629
v 0.293160 0.240261 1.234946
v 0.308566 0.197999 1.353236
v 0.085087 0.240261 1.220901
v 0.085967 0.197999 1.338210
v -0.178255 0.194531 1.360036
v -0.178995 0.240262 1.242715
v -0.296310 0.194531 1.244133
v 0.611030 0.240261 1.127340
v 0.551239 0.197999 1.271086
v -0.143890 0.240261 1.214791
v 0.003820 0.197999 1.065533
v 0.317930 0.240261 1.121303
v 0.270761 0.197999 1.011495
v 0.571801 0.240261 0.943217
v 0.473402 0.197999 0.869346
v -0.162835 0.240261 0.990645
v -0.280180 0.197999 0.992541
v -0.182096 0.240261 0.791334
v -0.300929 0.197999 0.777828
v -0.057037 0.240261 0.761502
v 0.053478 0.197999 0.806366
v 0.127978 0.240261 0.480300
v 0.201623 0.197998 0.581201
v 0.917825 0.240261 1.560723
v 0.833976 0.197999 1.643153
v 0.758850 0.240261 1.428710
v 0.664848 0.197999 1.502711
v 0.820274 0.240261 1.309123
v 0.932773 0.197999 1.268911
v 0.772506 0.240261 0.967493
v 0.894328 0.197999 0.993959
v 0.548801 0.240261 -0.370538
v 0.519350 0.197999 -0.503956
v 0.710920 0.240261 -0.524679
v 0.579155 0.197999 -0.560818
v 0.903116 0.240261 -0.379137
v 0.967123 0.197999 -0.276187
v 0.777847 0.240261 -0.244459
v 0.866534 0.197999 -0.168042
v 0.652112 0.240261 -0.076261
v 0.775637 0.197999 -0.049664
v 0.702582 0.240261 -0.150086
v 0.796725 0.197999 -0.080510
v 0.978062 0.240261 -0.663965
v 1.042001 0.197999 -0.780393
v 1.188641 0.240261 -0.662119
v 1.126754 0.197999 -0.779650
v 1.175915 0.240261 -0.427206
v 1.140643 0.197999 -0.309610
v 1.119527 0.240261 -0.426253
v 1.129728 0.197999 -0.309425
v 0.993966 0.240261 -0.406337
v 1.020022 0.197999 -0.292024
v 0.419787 0.240261 0.102185
v 0.303158 0.197999 0.036602
v 0.420946 0.240261 -0.111238
v 0.303612 0.197999 -0.046924
v 0.707508 0.240261 0.167375
v 0.809060 0.197999 0.102067
v 0.681427 0.240261 0.089050
v 0.795120 0.197999 0.060204
v 1.458734 0.240261 -0.538299
v 1.592426 0.197999 -0.566822
v 1.611924 0.240261 -0.375167
v 1.648784 0.197999 -0.506807
v 1.473538 0.240261 -0.178946
v 1.367164 0.197999 -0.118124
v 1.335366 0.240261 -0.307467
v 1.258945 0.197999 -0.218784
v 1.241253 0.240261 -0.382534
v 1.171673 0.197999 -0.288394
v 1.747122 0.240261 -0.118953
v 1.862693 0.197999 -0.051607
v 1.742563 0.240261 0.094296
v 1.860906 0.197999 0.031949
v 1.489516 0.240261 0.078945
v 1.378801 0.197999 0.033610
v 1.496070 0.240261 0.042431
v 1.378857 0.197999 0.033297
v 1.493146 0.240261 -0.090114
v 1.376444 0.197999 -0.076083
v 1.607826 0.240261 0.354532
v 1.636943 0.197999 0.487957
v 1.445389 0.240261 0.507988
v 1.576942 0.197999 0.544640
v 1.252623 0.240261 0.361682
v 1.187315 0.197999 0.260131
v 1.376629 0.240261 0.228361
v 1.287945 0.197999 0.151942
v 1.451779 0.240261 0.134142
v 1.357639 0.197999 0.064563
v 1.188538 0.240261 0.650560
v 1.122781 0.197999 0.767021
v 0.975297 0.240261 0.648855
v 1.039183 0.197999 0.766353
v 1.174189 0.240261 0.387800
v 1.145351 0.197999 0.274104
v 0.715623 0.240261 0.521738
v 0.582110 0.197999 0.550768
v 0.562027 0.240261 0.359174
v 0.525476 0.197999 0.490827
v 0.840826 0.240261 0.291380
v 0.917245 0.197999 0.202695
v 1.008992 0.240261 0.417072
v 1.035590 0.197999 0.293553
v 0.935066 0.240261 0.366544
v 1.004638 0.197999 0.272398
v 1.001088 0.086800 -1.872128
v 1.166499 0.086800 -1.869053
v -0.290845 0.086800 -1.263504
v -0.174941 0.086800 -1.381558
v -0.782650 0.086800 0.079058
v -0.779601 0.086800 -0.086354
v 2.949784 0.086800 -0.096871
v 2.943723 0.086800 0.068457
v 2.354482 0.086800 -1.376092
v 2.472535 0.086800 -1.260188
v 1.164305 0.086800 1.851841
v 0.998894 0.086800 1.848792
v 2.445282 0.086800 1.247448
v 2.329379 0.086800 1.365502
v -0.178255 0.086800 1.360036
v -0.296310 0.086800 1.244133
vt 0.673125 0.705429
vt 0.642784 0.698350
vt 0.652305 0.676170
vt 0.680767 0.687652
vt 0.694156 0.699860
vt 0.694589 0.726411
vt 0.627729 0.661009
vt 0.604830 0.637811
vt 0.631894 0.637424
vt 0.644152 0.651094
vt 0.638123 0.668008
vt 0.629778 0.684492
vt 0.780208 0.658433
vt 0.772943 0.688780
vt 0.750809 0.679049
vt 0.762477 0.650657
vt 0.773268 0.638827
vt 0.799925 0.638309
vt 0.735573 0.704040
vt 0.710992 0.726124
vt 0.710506 0.699902
vt 0.725707 0.687488
vt 0.742543 0.693770
vt 0.759074 0.701470
vt 0.730643 0.554337
vt 0.760892 0.561550
vt 0.751503 0.583696
vt 0.723077 0.572103
vt 0.710899 0.560309
vt 0.710477 0.533790
vt 0.776071 0.598848
vt 0.799971 0.621971
vt 0.772870 0.622589
vt 0.759556 0.608786
vt 0.765653 0.591906
vt 0.773994 0.575342
vt 0.626235 0.601304
vt 0.633602 0.571046
vt 0.655702 0.580863
vt 0.644019 0.608986
vt 0.632173 0.621080
vt 0.605630 0.621398
vt 0.670907 0.555875
vt 0.694071 0.532992
vt 0.694540 0.560018
vt 0.680845 0.572279
vt 0.663946 0.566120
vt 0.647433 0.558406
vt 0.654348 0.844977
vt 0.630650 0.801090
vt 0.677813 0.864424
vt 0.702666 0.891292
vt 0.714751 0.905002
vt 0.729852 0.862313
vt 0.583943 0.816195
vt 0.704375 0.882809
vt 0.743722 0.824980
vt 0.664128 0.829179
vt 0.653673 0.778646
vt 0.687117 0.727099
vt 0.517941 0.746711
vt 0.532801 0.699594
vt 0.519550 0.777008
vt 0.518719 0.815142
vt 0.517777 0.833418
vt 0.555001 0.813428
vt 0.488485 0.677241
vt 0.522618 0.809947
vt 0.588767 0.798034
vt 0.534449 0.742387
vt 0.560375 0.704803
vt 0.623051 0.684021
vt 0.629936 0.770676
vt 0.647653 0.705984
vt 0.467094 0.655937
vt 0.441090 0.628667
vt 0.466983 0.605798
vt 0.446749 0.630616
vt 0.506369 0.668794
vt 0.502731 0.592253
vt 0.556840 0.675755
vt 0.604435 0.645706
vt 0.919985 0.677233
vt 0.876142 0.700878
vt 0.939767 0.653848
vt 0.964086 0.631501
vt 0.978810 0.620102
vt 0.937630 0.602594
vt 0.891155 0.747754
vt 0.958475 0.628082
vt 0.897054 0.590748
vt 0.904286 0.667373
vt 0.854208 0.677711
vt 0.801223 0.646057
vt 0.821336 0.813390
vt 0.774471 0.798342
vt 0.851624 0.812017
vt 0.889728 0.813144
vt 0.907979 0.814254
vt 0.888233 0.776754
vt 0.752267 0.842496
vt 0.884575 0.809203
vt 0.873019 0.742842
vt 0.817134 0.796859
vt 0.779788 0.770857
vt 0.758566 0.708421
vt 0.845711 0.701492
vt 0.780599 0.683910
vt 0.750647 0.774067
vt 0.718501 0.726589
vt 0.748674 0.414908
vt 0.772471 0.458766
vt 0.725146 0.395260
vt 0.702057 0.369519
vt 0.690513 0.354939
vt 0.675061 0.395696
vt 0.819007 0.443459
vt 0.700166 0.375192
vt 0.662558 0.435010
vt 0.738993 0.430939
vt 0.749512 0.480942
vt 0.718091 0.532339
vt 0.885212 0.512779
vt 0.870596 0.560043
vt 0.883527 0.482429
vt 0.884251 0.444219
vt 0.885092 0.425934
vt 0.847968 0.446094
vt 0.915103 0.582253
vt 0.880375 0.449429
vt 0.814300 0.461643
vt 0.868733 0.517184
vt 0.843021 0.554896
vt 0.780731 0.575805
vt 0.773291 0.489201
vt 0.755995 0.553963
vt 0.846507 0.583936
vt 0.800404 0.614235
vt 0.486786 0.582428
vt 0.530671 0.558975
vt 0.515552 0.512277
vt 0.552743 0.582078
vt 0.604199 0.613809
vt 0.585086 0.446640
vt 0.632008 0.461550
vt 0.554814 0.448065
vt 0.516721 0.447007
vt 0.498464 0.445971
vt 0.518362 0.483327
vt 0.653982 0.417212
vt 0.521891 0.450933
vt 0.533697 0.517139
vt 0.589371 0.463144
vt 0.626837 0.489063
vt 0.647945 0.551545
vt 0.561071 0.558337
vt 0.625924 0.575903
vt 0.655884 0.485453
vt 0.686211 0.532670
vt 0.675933 0.684970
vt 0.689323 0.689132
vt 0.657297 0.664882
vt 0.645901 0.651151
vt 0.638496 0.640181
vt 0.642719 0.615602
vt 0.716493 0.691974
vt 0.726288 0.685561
vt 0.708021 0.691875
vt 0.646803 0.604156
vt 0.666896 0.585679
vt 0.760751 0.654854
vt 0.763789 0.641917
vt 0.739978 0.674093
vt 0.762978 0.616856
vt 0.757474 0.608729
vt 0.763951 0.622277
vt 0.727798 0.575021
vt 0.716256 0.570987
vt 0.746192 0.595033
vt 0.691603 0.566782
vt 0.680609 0.574199
vt 0.637252 0.782865
vt 0.547933 0.692955
vt 0.857969 0.694227
vt 0.767835 0.783241
vt 0.765966 0.476982
vt 0.855499 0.566732
vt 0.548835 0.565615
vt 0.638678 0.476612
vt 0.639197 0.405872
vt 0.662452 0.382886
vt 0.497110 0.513811
vt 0.500116 0.482711
vt 0.622615 0.439465
vt 0.515493 0.428748
vt 0.554443 0.429894
vt 0.586925 0.428231
vt 0.508669 0.550046
vt 0.454084 0.592891
vt 0.475028 0.568242
vt 0.926287 0.567281
vt 0.950327 0.590071
vt 0.817285 0.425029
vt 0.848398 0.427839
vt 0.892644 0.550572
vt 0.902486 0.442798
vt 0.901691 0.481862
vt 0.903636 0.514440
vt 0.781207 0.436690
vt 0.714189 0.355465
vt 0.737911 0.382228
vt 0.762731 0.403003
vt 0.766627 0.854246
vt 0.742385 0.875513
vt 0.909601 0.746285
vt 0.906475 0.777451
vt 0.783742 0.820532
vt 0.890883 0.831416
vt 0.851928 0.830194
vt 0.819409 0.831793
vt 0.898136 0.709813
vt 0.978154 0.643675
vt 0.952685 0.666692
vt 0.931760 0.691408
vt 0.427159 0.616374
vt 0.426396 0.640053
vt 0.477003 0.691915
vt 0.454155 0.668411
vt 0.585550 0.834634
vt 0.554467 0.831678
vt 0.510668 0.708934
vt 0.500474 0.816498
vt 0.501373 0.777502
vt 0.499528 0.744928
vt 0.621787 0.823138
vt 0.690464 0.904929
vt 0.665316 0.877718
vt 0.640334 0.856937
vt 0.763941 0.087976
vt 0.764564 0.112126
vt 0.748034 0.112715
vt 0.747403 0.088241
vt 0.765276 0.151382
vt 0.748824 0.151715
vt 0.762713 0.051418
vt 0.746266 0.051933
vt 0.765935 0.183907
vt 0.749483 0.184240
vt 0.761679 0.018399
vt 0.745231 0.018914
vt 0.745000 0.086778
vt 0.745758 0.110929
vt 0.729233 0.111607
vt 0.728465 0.087137
vt 0.746730 0.151469
vt 0.730280 0.151896
vt 0.743616 0.051412
vt 0.727172 0.052017
vt 0.747574 0.183990
vt 0.731124 0.184417
vt 0.742401 0.018398
vt 0.725956 0.019004
vt 0.815426 0.018398
vt 0.817714 0.057252
vt 0.801287 0.058219
vt 0.798999 0.019366
vt 0.819656 0.090230
vt 0.803229 0.091197
vt 0.821398 0.128060
vt 0.805455 0.128999
vt 0.799080 0.056302
vt 0.799842 0.089309
vt 0.783391 0.089689
vt 0.782629 0.056682
vt 0.800235 0.128544
vt 0.784297 0.128912
vt 0.798204 0.018399
vt 0.781753 0.018779
vt 0.800801 0.153020
vt 0.784863 0.153388
vt 0.855552 0.042881
vt 0.856114 0.080188
vt 0.839658 0.080209
vt 0.839610 0.042902
vt 0.856155 0.112110
vt 0.839699 0.112131
vt 0.855521 0.018399
vt 0.839579 0.018420
vt 0.856204 0.150640
vt 0.839749 0.150661
vt 0.892080 0.091431
vt 0.892361 0.129608
vt 0.875906 0.129729
vt 0.875624 0.091553
vt 0.891840 0.058900
vt 0.875384 0.059021
vt 0.891056 0.018399
vt 0.875085 0.018517
vt 0.909802 0.018399
vt 0.910097 0.057318
vt 0.893642 0.057444
vt 0.893346 0.018524
vt 0.910349 0.090353
vt 0.893894 0.090478
vt 0.910710 0.126930
vt 0.894170 0.126802
vt 0.780819 0.056302
vt 0.781582 0.089309
vt 0.765130 0.089689
vt 0.764368 0.056682
vt 0.781975 0.128544
vt 0.766037 0.128912
vt 0.779943 0.018399
vt 0.763492 0.018779
vt 0.782540 0.153020
vt 0.766602 0.153388
vt 0.838333 0.042881
vt 0.838936 0.080188
vt 0.822481 0.080227
vt 0.822391 0.042920
vt 0.839013 0.112109
vt 0.822558 0.112149
vt 0.838275 0.018399
vt 0.822332 0.018437
vt 0.839106 0.150639
vt 0.822650 0.150679
vt 0.874380 0.090186
vt 0.874968 0.128359
vt 0.858514 0.128612
vt 0.857926 0.090439
vt 0.873879 0.057658
vt 0.857425 0.057911
vt 0.873358 0.018399
vt 0.856825 0.018907
vt 0.788855 0.177778
vt 0.788854 0.153296
vt 0.804825 0.153295
vt 0.804826 0.177778
vt 0.839887 0.150840
vt 0.839886 0.174997
vt 0.823347 0.175160
vt 0.823347 0.150677
vt 0.894209 0.234740
vt 0.893575 0.197434
vt 0.910030 0.197381
vt 0.910152 0.234688
vt 0.893471 0.165512
vt 0.909927 0.165459
vt 0.893346 0.126982
vt 0.909802 0.126929
vt 0.876875 0.168115
vt 0.876100 0.129945
vt 0.892552 0.129611
vt 0.893328 0.167781
vt 0.841477 0.189920
vt 0.840593 0.151009
vt 0.857044 0.150636
vt 0.857928 0.189546
vt 0.927867 0.179337
vt 0.927892 0.146321
vt 0.944348 0.146334
vt 0.944323 0.179349
vt 0.928435 0.107087
vt 0.944378 0.107100
vt 0.927839 0.217250
vt 0.944294 0.217262
vt 0.874796 0.128559
vt 0.875430 0.165864
vt 0.858975 0.165918
vt 0.858854 0.128610
vt 0.875534 0.197786
vt 0.859078 0.197840
vt 0.875659 0.236316
vt 0.859204 0.236370
vt 0.927045 0.128574
vt 0.927820 0.166744
vt 0.911368 0.167078
vt 0.910593 0.128908
vt 0.821537 0.128649
vt 0.822421 0.167559
vt 0.805969 0.167933
vt 0.805086 0.129022
vt 0.928117 0.056325
vt 0.928092 0.089341
vt 0.911637 0.089328
vt 0.911662 0.056312
vt 0.927549 0.128574
vt 0.911607 0.128562
vt 0.928146 0.018412
vt 0.911690 0.018399
vt 0.695844 0.585890
vt 0.691315 0.588965
vt 0.678559 0.599174
vt 0.619568 0.555787
vt 0.627655 0.547006
vt 0.711843 0.588790
vt 0.695855 0.514505
vt 0.708035 0.514359
vt 0.742570 0.619441
vt 0.732552 0.606749
vt 0.717948 0.590862
vt 0.776171 0.547506
vt 0.785082 0.555562
vt 0.745419 0.639752
vt 0.745597 0.623965
vt 0.745594 0.623921
vt 0.818814 0.623570
vt 0.819100 0.635772
vt 0.715619 0.670734
vt 0.728300 0.660573
vt 0.744118 0.645815
vt 0.786930 0.704074
vt 0.778873 0.712890
vt 0.662614 0.613898
vt 0.660542 0.619991
vt 0.586254 0.635984
vt 0.586168 0.623802
vt 0.693482 0.671310
vt 0.709509 0.673812
vt 0.711094 0.673846
vt 0.709208 0.744843
vt 0.696850 0.745024
vt 0.657642 0.635990
vt 0.660695 0.640485
vt 0.670886 0.653238
vt 0.685743 0.669012
vt 0.627401 0.712349
vt 0.618565 0.704251
vt 0.674530 0.481285
vt 0.680019 0.441507
vt 0.572299 0.542789
vt 0.550898 0.510289
vt 0.611765 0.500629
vt 0.582332 0.480310
vt 0.543949 0.473053
vt 0.549342 0.601162
vt 0.509944 0.609284
vt 0.850810 0.602619
vt 0.890639 0.608270
vt 0.788922 0.500392
vt 0.821266 0.478821
vt 0.831380 0.539782
vt 0.851490 0.510198
vt 0.858456 0.471683
vt 0.730416 0.477613
vt 0.722013 0.438252
vt 0.700979 0.407531
vt 0.731943 0.778459
vt 0.726313 0.818198
vt 0.834489 0.717093
vt 0.855782 0.749682
vt 0.794885 0.759294
vt 0.824236 0.779680
vt 0.862602 0.787004
vt 0.857460 0.658613
vt 0.896872 0.650376
vt 0.926186 0.629436
vt 0.552774 0.657091
vt 0.512982 0.651332
vt 0.479096 0.630102
vt 0.614358 0.759466
vt 0.581957 0.780794
vt 0.571920 0.719965
vt 0.551708 0.749397
vt 0.544643 0.787775
vt 0.672819 0.782176
vt 0.681096 0.821504
vt 0.703635 0.852118
vt 0.449283 0.074646
vt 0.449283 0.130528
vt 0.426954 0.130528
vt 0.426954 0.074646
vt 0.449283 0.191600
vt 0.426954 0.191600
vt 0.449283 0.021581
vt 0.426954 0.021581
vt 0.520448 0.187334
vt 0.520448 0.242025
vt 0.498118 0.242025
vt 0.498118 0.187334
vt 0.520448 0.291730
vt 0.498118 0.291730
vt 0.567891 0.225669
vt 0.567891 0.278659
vt 0.545561 0.278659
vt 0.545561 0.225669
vt 0.567891 0.171546
vt 0.545561 0.171546
vt 0.473005 0.077352
vt 0.473005 0.133101
vt 0.450675 0.133101
vt 0.450675 0.077352
vt 0.473005 0.190098
vt 0.450675 0.190098
vt 0.473005 0.021581
vt 0.450675 0.021581
vt 0.496726 0.073396
vt 0.496726 0.129278
vt 0.474397 0.129278
vt 0.474397 0.073396
vt 0.496726 0.188785
vt 0.474397 0.188785
vt 0.496726 0.021581
vt 0.474397 0.021581
vt 0.496726 0.188785
vt 0.496726 0.243476
vt 0.474397 0.243476
vt 0.474397 0.188785
vt 0.496726 0.293182
vt 0.474397 0.293182
vt 0.591612 0.213755
vt 0.591612 0.266744
vt 0.569283 0.266744
vt 0.569283 0.213755
vt 0.591612 0.159632
vt 0.569283 0.159632
vt 0.520448 0.075757
vt 0.520448 0.131506
vt 0.498118 0.131506
vt 0.498118 0.075757
vt 0.520448 0.187334
vt 0.498118 0.187334
vt 0.520448 0.021581
vt 0.498118 0.021581
vt 0.591612 0.038152
vt 0.591612 0.105509
vt 0.569283 0.105509
vt 0.569283 0.038152
vt 0.591612 0.159632
vt 0.569283 0.159632
vt 0.591612 0.021581
vt 0.569283 0.021581
vt 0.544169 0.103631
vt 0.544169 0.112491
vt 0.521840 0.112491
vt 0.521840 0.103631
vt 0.544169 0.142160
vt 0.521840 0.142160
vt 0.544169 0.081224
vt 0.521840 0.081224
vt 0.544169 0.164607
vt 0.521840 0.164607
vt 0.544169 0.073721
vt 0.521840 0.073721
vt 0.544169 0.172136
vt 0.521840 0.172136
vt 0.544169 0.051239
vt 0.521840 0.051239
vt 0.544169 0.021581
vt 0.521840 0.021581
vt 0.639055 0.071286
vt 0.639055 0.138991
vt 0.616725 0.138991
vt 0.616725 0.071286
vt 0.639055 0.155523
vt 0.616725 0.155523
vt 0.639055 0.021581
vt 0.616725 0.021581
vt 0.567891 0.081224
vt 0.567891 0.081288
vt 0.545561 0.081288
vt 0.545561 0.081224
vt 0.567891 0.103258
vt 0.545561 0.103258
vt 0.567891 0.073695
vt 0.545561 0.073695
vt 0.567891 0.111903
vt 0.545561 0.111903
vt 0.567891 0.051251
vt 0.545561 0.051251
vt 0.567891 0.141581
vt 0.545561 0.141581
vt 0.567891 0.021581
vt 0.545561 0.021581
vt 0.567891 0.163998
vt 0.545561 0.163998
vt 0.567891 0.171546
vt 0.545561 0.171546
vt 0.615333 0.038156
vt 0.615333 0.105447
vt 0.593004 0.105447
vt 0.593004 0.038156
vt 0.615333 0.159570
vt 0.593004 0.159570
vt 0.615333 0.021581
vt 0.593004 0.021581
vt 0.662776 0.071286
vt 0.662776 0.138881
vt 0.640447 0.138881
vt 0.640447 0.071286
vt 0.662776 0.155440
vt 0.640447 0.155440
vt 0.662776 0.021581
vt 0.640447 0.021581
vt 0.686498 0.212199
vt 0.686498 0.228972
vt 0.664168 0.228972
vt 0.664168 0.212199
vt 0.686498 0.283186
vt 0.664168 0.283186
vt 0.686498 0.152424
vt 0.664168 0.152424
vt 0.686498 0.083247
vt 0.686498 0.100030
vt 0.664168 0.100030
vt 0.664168 0.083247
vt 0.686498 0.152424
vt 0.664168 0.152424
vt 0.686498 0.021581
vt 0.664168 0.021581
vt 0.449283 0.259318
vt 0.449283 0.312307
vt 0.426954 0.312307
vt 0.426954 0.259318
vt 0.639055 0.155523
vt 0.639055 0.211272
vt 0.616725 0.211272
vt 0.616725 0.155523
vt 0.639055 0.267100
vt 0.616725 0.267100
vt 0.544169 0.222150
vt 0.544169 0.278031
vt 0.521840 0.278031
vt 0.521840 0.222150
vt 0.544169 0.172136
vt 0.521840 0.172136
vt 0.710219 0.156459
vt 0.710219 0.211150
vt 0.687890 0.211150
vt 0.687890 0.156459
vt 0.450675 0.310989
vt 0.450675 0.257999
vt 0.473005 0.257999
vt 0.473005 0.310989
vt 0.640447 0.268896
vt 0.640447 0.213146
vt 0.662776 0.213146
vt 0.662776 0.268896
vt 0.640447 0.155440
vt 0.662776 0.155440
vt 0.593004 0.215451
vt 0.593004 0.159570
vt 0.615333 0.159570
vt 0.615333 0.215451
vt 0.593004 0.267267
vt 0.615333 0.267267
vt 0.687890 0.265841
vt 0.687890 0.211150
vt 0.710219 0.211150
vt 0.710219 0.265841
vt 0.426954 0.259318
vt 0.426954 0.191600
vt 0.449283 0.191600
vt 0.449283 0.259318
vt 0.710219 0.265841
vt 0.710219 0.268033
vt 0.687890 0.268033
vt 0.687890 0.265841
vt 0.710219 0.290338
vt 0.687890 0.290338
vt 0.710219 0.301426
vt 0.687890 0.301426
vt 0.450675 0.257999
vt 0.450675 0.190098
vt 0.473005 0.190098
vt 0.473005 0.257999
vt 0.710219 0.089097
vt 0.710219 0.156459
vt 0.687890 0.156459
vt 0.687890 0.089097
vt 0.569283 0.275626
vt 0.569283 0.266744
vt 0.591612 0.266744
vt 0.591612 0.275626
vt 0.569283 0.298010
vt 0.591612 0.298010
vt 0.710219 0.021581
vt 0.710219 0.089097
vt 0.687890 0.089097
vt 0.687890 0.021581
vt 0.616725 0.267100
vt 0.633745 0.267100
vt 0.633745 0.289429
vt 0.616725 0.289429
vt 0.609792 0.289596
vt 0.593004 0.289596
vt 0.593004 0.267267
vt 0.609792 0.267267
vn -0.000000 1.000000 0.000000
vn -0.000000 1.000000 0.000000
vn 0.000000 1.000000 0.000000
vn 0.000000 1.000000 0.000000
vn 0.000000 1.000000 0.000001
vn 0.000000 1.000000 0.000000
vn 0.000000 1.000000 -0.000000
vn 0.000000 1.000000 -0.000000
vn 0.000000 1.000000 -0.000000
vn 0.000000 1.000000 -0.000000
vn 0.000000 1.000000 0.000000
vn 0.000000 1.000000 -0.000000
vn -0.000000 1.000000 -0.000000
vn -0.000000 1.000000 -0.000000
vn -0.000000 1.000000 0.000000
vn -0.000000 1.000000 0.000000
vn -0.000000 1.000000 0.000000
vn -0.000000 1.000000 0.000000
vn 0.000000 1.000000 -0.000000
vn 0.000000 1.000000 -0.000000
vn -0.000000 1.000000 0.000000
vn -0.000000 1.000000 0.000000
vn -0.000000 1.000000 0.000000
vn 0.000000 1.000000 0.000000
vn 0.000000 1.000000 -0.000000
vn 0.000000 1.000000 -0.000000
vn -0.000000 1.000000 -0.000000
vn -0.000000 1.000000 -0.000000
vn -0.000000 1.000000 -0.000000
vn -0.000000 1.000000 -0.000000
vn -0.000000 1.000000 0.000000
vn 0.000000 1.000000 -0.000000
vn -0.000000 1.000000 -0.000000
vn -0.000000 1.000000 -0.000000
vn -0.000000 1.000000 -0.000000
vn -0.000000 1.000000 0.000000
vn 0.000000 1.000000 0.000000
vn 0.000000 1.000000 0.000000
vn 0.000000 1.000000 -0.000000
vn 0.000000 1.000000 -0.000000
vn 0.000000 1.000000 -0.000000
vn 0.000000 1.000000 -0.000000
vn -0.000000 1.000000 -0.000000
vn 0.000000 1.000000 -0.000000
vn -0.000000 1.000000 -0.000000
vn 0.000000 1.000000 -0.000000
vn 0.000000 1.000000 0.000000
vn -0.000000 1.000000 -0.000000
vn 0.856474 0.000000 0.516190
vn 0.856474 0.000000 0.516190
vn 0.856474 0.000000 0.516190
vn 0.856474 0.000000 0.516190
vn 0.892470 0.000000 -0.451107
vn 0.892470 0.000000 -0.451107
vn 0.892470 0.000000 -0.451107
vn 0.892470 0.000000 -0.451107
vn -0.542095 0.000000 -0.840317
vn -0.542095 0.000000 -0.840317
vn -0.542095 0.000000 -0.840317
vn -0.542095 0.000000 -0.840317
vn -0.892472 0.000000 0.451102
vn -0.892472 0.000000 0.451102
vn -0.892472 0.000000 0.451102
vn -0.892472 0.000000 0.451102
vn 0.045982 0.000000 0.998942
vn 0.045982 0.000000 0.998942
vn 0.045982 0.000000 0.998942
vn 0.045982 0.000000 0.998942
vn 0.999963 0.000000 0.008615
vn 0.999963 0.000000 0.008615
vn 0.999963 0.000000 0.008615
vn 0.999963 0.000000 0.008615
vn -0.020055 0.000000 -0.999799
vn -0.020055 0.000000 -0.999799
vn -0.020055 0.000000 -0.999799
vn -0.020055 0.000000 -0.999799
vn -0.999962 0.000000 -0.008770
vn -0.999962 0.000000 -0.008770
vn -0.999962 0.000000 -0.008770
vn -0.999962 0.000000 -0.008770
vn 0.998700 0.000000 -0.050974
vn 0.998700 0.000000 -0.050974
vn 0.998700 0.000000 -0.050974
vn 0.998700 0.000000 -0.050974
vn 0.007686 0.000000 -0.999971
vn 0.007686 0.000000 -0.999971
vn 0.007686 0.000000 -0.999971
vn 0.007686 0.000000 -0.999971
vn -0.999769 0.000000 0.021494
vn -0.999769 0.000000 0.021494
vn -0.999769 0.000000 0.021494
vn -0.999769 0.000000 0.021494
vn -0.007638 0.000000 0.999971
vn -0.007638 0.000000 0.999971
vn -0.007638 0.000000 0.999971
vn -0.007638 0.000000 0.999971
vn -0.516184 0.000000 0.856478
vn -0.516184 0.000000 0.856478
vn -0.516184 0.000000 0.856478
vn -0.516184 0.000000 0.856478
vn 0.451096 0.000000 0.892476
vn 0.451096 0.000000 0.892476
vn 0.451096 0.000000 0.892476
vn 0.451096 0.000000 0.892476
vn 0.836655 0.000000 -0.547731
vn 0.836655 0.000000 -0.547731
vn 0.836655 0.000000 -0.547731
vn 0.836655 0.000000 -0.547731
vn -0.451102 0.000000 -0.892473
vn -0.451102 0.000000 -0.892473
vn -0.451102 0.000000 -0.892473
vn -0.451102 0.000000 -0.892473
vn -0.999975 0.000000 0.007118
vn -0.999975 0.000000 0.007118
vn -0.999975 0.000000 0.007118
vn -0.999975 0.000000 0.007118
vn -0.016938 0.000000 0.999857
vn -0.016938 0.000000 0.999857
vn -0.016938 0.000000 0.999857
vn -0.016938 0.000000 0.999857
vn 0.999936 0.000000 0.011307
vn 0.999936 0.000000 0.011307
vn 0.999936 0.000000 0.011307
vn 0.999936 0.000000 0.011307
vn 0.016963 0.000000 -0.999856
vn 0.016963 0.000000 -0.999856
vn 0.016963 0.000000 -0.999856
vn 0.016963 0.000000 -0.999856
vn -0.856484 0.000000 -0.516174
vn -0.856484 0.000000 -0.516174
vn -0.856484 0.000000 -0.516174
vn -0.856484 0.000000 -0.516174
vn -0.892470 0.000000 0.451107
vn -0.892470 0.000000 0.451107
vn -0.892470 0.000000 0.451107
vn -0.892470 0.000000 0.451107
vn 0.545352 0.000000 0.838207
vn 0.545352 0.000000 0.838207
vn 0.545352 0.000000 0.838207
vn 0.545352 0.000000 0.838207
vn 0.892474 0.000000 -0.451099
vn 0.892474 0.000000 -0.451099
vn 0.892474 0.000000 -0.451099
vn 0.892474 0.000000 -0.451099
vn -0.050952 0.000000 -0.998701
vn -0.050952 0.000000 -0.998701
vn -0.050952 0.000000 -0.998701
vn -0.050952 0.000000 -0.998701
vn -0.999972 0.000000 -0.007553
vn -0.999972 0.000000 -0.007553
vn -0.999972 0.000000 -0.007553
vn -0.999972 0.000000 -0.007553
vn 0.021508 0.000000 0.999769
vn 0.021508 0.000000 0.999769
vn 0.021508 0.000000 0.999769
vn 0.021508 0.000000 0.999769
vn 0.999970 0.000000 0.007764
vn 0.999970 0.000000 0.007764
vn 0.999970 0.000000 0.007764
vn 0.999970 0.000000 0.007764
vn 0.516171 0.000000 -0.856486
vn 0.516171 0.000000 -0.856486
vn 0.516171 0.000000 -0.856486
vn 0.516171 0.000000 -0.856486
vn -0.451100 0.000000 -0.892474
vn -0.451100 0.000000 -0.892474
vn -0.451099 0.000000 -0.892474
vn -0.451099 0.000000 -0.892474
vn -0.838394 0.000000 0.545065
vn -0.838394 0.000000 0.545065
vn -0.838394 0.000000 0.545065
vn -0.838394 0.000000 0.545065
vn 0.451099 0.000000 0.892474
vn 0.451099 0.000000 0.892474
vn 0.451099 0.000000 0.892474
vn 0.451099 0.000000 0.892474
vn -0.268410 0.942366 -0.199758
vn -0.268410 0.942366 -0.199758
vn -0.300917 0.940506 -0.157790
vn -0.300917 0.940506 -0.157790
vn -0.240638 0.938435 -0.247858
vn -0.240661 0.938432 -0.247846
vn -0.256491 0.936361 -0.239669
vn -0.256491 0.936361 -0.239669
vn 0.018589 0.000000 -0.999827
vn 0.018589 0.000000 -0.999827
vn 0.018589 0.000000 -0.999827
vn 0.018589 0.000000 -0.999827
vn 0.265464 0.936379 -0.229616
vn 0.265464 0.936379 -0.229616
vn 0.244505 0.938564 -0.243547
vn 0.244534 0.938561 -0.243528
vn 0.107742 0.940506 -0.322242
vn 0.107742 0.940506 -0.322242
vn 0.050112 0.942789 -0.329603
vn 0.050112 0.942789 -0.329603
vn -0.284131 0.940506 0.186325
vn -0.284131 0.940506 0.186325
vn -0.308573 0.943094 0.123918
vn -0.308573 0.943094 0.123918
vn 0.275469 0.940506 0.198908
vn 0.275469 0.940506 0.198908
vn 0.302856 0.942872 0.138819
vn 0.302856 0.942872 0.138819
vn 0.332691 0.940506 0.069027
vn 0.332691 0.940506 0.069027
vn 0.285109 0.940506 -0.184826
vn 0.285109 0.940506 -0.184826
vn 0.285109 0.940506 -0.184826
vn 0.285109 0.940506 -0.184826
vn -0.329788 0.942540 0.053463
vn -0.329788 0.942540 0.053463
vn -0.321835 0.940506 0.108951
vn -0.321835 0.940506 0.108951
vn -0.345680 0.938349 0.002373
vn -0.345688 0.938346 0.002403
vn -0.350917 0.936128 0.022841
vn -0.350917 0.936128 0.022841
vn -0.713576 0.000000 -0.700578
vn -0.713576 0.000000 -0.700578
vn -0.713576 0.000000 -0.700578
vn -0.713576 0.000000 -0.700578
vn 0.016078 0.936139 -0.351261
vn 0.016078 0.936140 -0.351261
vn -0.005898 0.938406 -0.345485
vn -0.005864 0.938403 -0.345494
vn -0.149628 0.940506 -0.305056
vn -0.149628 0.940506 -0.305056
vn -0.196840 0.942830 -0.268934
vn -0.196840 0.942830 -0.268934
vn -0.063943 0.940506 0.333705
vn -0.063943 0.940506 0.333705
vn -0.120100 0.942562 0.311695
vn -0.120100 0.942562 0.311695
vn 0.333022 0.940506 -0.067413
vn 0.333022 0.940506 -0.067413
vn 0.310241 0.942739 -0.122448
vn 0.310241 0.942739 -0.122448
vn 0.180167 0.945665 -0.270660
vn 0.180167 0.945665 -0.270660
vn 0.108704 0.940506 -0.321918
vn 0.108704 0.940506 -0.321918
vn -0.267762 0.947088 0.176997
vn -0.267762 0.947088 0.176997
vn -0.326988 0.940506 0.092345
vn -0.326988 0.940506 0.092345
vn -0.232863 0.942020 -0.241606
vn -0.232939 0.942018 -0.241542
vn -0.209841 0.942269 -0.260953
vn -0.209841 0.942269 -0.260953
vn -0.999761 -0.011791 -0.018432
vn -0.999761 -0.011791 -0.018432
vn -0.999761 -0.011791 -0.018432
vn -0.999761 -0.011791 -0.018432
vn -0.219345 0.942268 0.253019
vn -0.219345 0.942268 0.253019
vn -0.237283 0.941729 0.238418
vn -0.237223 0.941732 0.238468
vn 0.176913 0.940507 0.290085
vn 0.176913 0.940507 0.290085
vn 0.118858 0.942727 0.311670
vn 0.118858 0.942727 0.311670
vn 0.189364 0.940506 -0.282115
vn 0.189364 0.940506 -0.282115
vn 0.133756 0.942506 -0.306255
vn 0.133756 0.942506 -0.306255
vn -0.069845 0.946979 0.313612
vn -0.069845 0.946979 0.313612
vn -0.181217 0.940506 0.287416
vn -0.181217 0.940506 0.287416
vn 0.199765 0.942366 -0.268404
vn 0.199765 0.942366 -0.268404
vn 0.157791 0.940506 -0.300915
vn 0.157791 0.940506 -0.300915
vn 0.240107 0.941633 -0.235957
vn 0.240161 0.941630 -0.235913
vn 0.224279 0.942241 -0.248758
vn 0.224279 0.942241 -0.248758
vn 0.999262 -0.011582 0.036630
vn 0.999262 -0.011582 0.036630
vn 0.999262 -0.011582 0.036630
vn 0.999262 -0.011582 0.036630
vn 0.205410 0.942242 0.264550
vn 0.205410 0.942242 0.264550
vn 0.229977 0.942110 0.244007
vn 0.230055 0.942108 0.243941
vn 0.322242 0.940506 0.107742
vn 0.322242 0.940506 0.107742
vn 0.329603 0.942789 0.050111
vn 0.329603 0.942789 0.050111
vn -0.171153 0.940507 -0.293520
vn -0.171153 0.940507 -0.293520
vn -0.116316 0.942515 -0.313266
vn -0.116316 0.942515 -0.313266
vn -0.196185 0.940507 0.277415
vn -0.196185 0.940507 0.277415
vn -0.136656 0.942767 0.304164
vn -0.136656 0.942767 0.304164
vn 0.061666 0.947677 0.313219
vn 0.061666 0.947677 0.313219
vn 0.173795 0.940506 0.291965
vn 0.173795 0.940506 0.291964
vn -0.053463 0.942540 -0.329788
vn -0.053463 0.942540 -0.329788
vn -0.108950 0.940506 -0.321835
vn -0.108950 0.940506 -0.321835
vn -0.002373 0.938349 -0.345680
vn -0.002403 0.938346 -0.345688
vn -0.022841 0.936128 -0.350917
vn -0.022841 0.936128 -0.350917
vn 0.700579 0.000000 -0.713574
vn 0.700579 0.000000 -0.713575
vn 0.700579 0.000000 -0.713574
vn 0.700579 0.000000 -0.713574
vn 0.351262 0.936139 0.016079
vn 0.351262 0.936139 0.016079
vn 0.345485 0.938406 -0.005898
vn 0.345494 0.938403 -0.005864
vn 0.305056 0.940506 -0.149629
vn 0.305056 0.940506 -0.149629
vn 0.268996 0.942829 -0.196761
vn 0.268996 0.942829 -0.196761
vn -0.333704 0.940506 -0.063946
vn -0.333704 0.940506 -0.063946
vn -0.311689 0.942562 -0.120115
vn -0.311689 0.942562 -0.120115
vn 0.067414 0.940506 0.333022
vn 0.067414 0.940506 0.333022
vn 0.122419 0.942739 0.310253
vn 0.122418 0.942739 0.310253
vn 0.270120 0.945540 0.181628
vn 0.270121 0.945540 0.181628
vn 0.321046 0.940506 0.111252
vn 0.321046 0.940507 0.111252
vn -0.175851 0.947162 -0.268256
vn -0.175851 0.947162 -0.268256
vn -0.090888 0.940506 -0.327396
vn -0.090888 0.940506 -0.327396
vn -0.310683 0.947525 -0.075318
vn -0.310683 0.947525 -0.075318
vn -0.281824 0.940506 -0.189797
vn -0.281824 0.940506 -0.189797
vn 0.268353 0.942367 0.199830
vn 0.268353 0.942367 0.199830
vn 0.300915 0.940506 0.157792
vn 0.300915 0.940506 0.157792
vn 0.238468 0.941732 0.237222
vn 0.238418 0.941729 0.237283
vn 0.253019 0.942268 0.219345
vn 0.253019 0.942268 0.219345
vn -0.018432 -0.011793 0.999761
vn -0.018432 -0.011793 0.999761
vn -0.018432 -0.011793 0.999761
vn -0.018432 -0.011793 0.999761
vn -0.260953 0.942269 0.209841
vn -0.260953 0.942269 0.209841
vn -0.241606 0.942020 0.232863
vn -0.241541 0.942018 0.232939
vn -0.107742 0.940506 0.322242
vn -0.107742 0.940506 0.322242
vn -0.050112 0.942789 0.329603
vn -0.050112 0.942789 0.329603
vn 0.290084 0.940507 -0.176915
vn 0.290084 0.940507 -0.176915
vn 0.311675 0.942727 -0.118844
vn 0.311675 0.942727 -0.118844
vn -0.282115 0.940506 -0.189364
vn -0.282115 0.940506 -0.189364
vn -0.306254 0.942506 -0.133759
vn -0.306254 0.942506 -0.133759
vn -0.332691 0.940506 -0.069027
vn -0.332691 0.940506 -0.069027
vn -0.289528 0.940506 0.177825
vn -0.289528 0.940506 0.177825
vn -0.289528 0.940506 0.177825
vn -0.289528 0.940506 0.177825
vn 0.329788 0.942540 -0.053463
vn 0.329788 0.942540 -0.053463
vn 0.321835 0.940506 -0.108951
vn 0.321835 0.940506 -0.108951
vn 0.345680 0.938349 -0.002373
vn 0.345688 0.938347 -0.002403
vn 0.350917 0.936128 -0.022841
vn 0.350917 0.936128 -0.022841
vn 0.713576 0.000000 0.700577
vn 0.713576 0.000000 0.700577
vn 0.713576 0.000000 0.700577
vn 0.713576 0.000000 0.700577
vn -0.016078 0.936139 0.351261
vn -0.016078 0.936139 0.351261
vn 0.005898 0.938406 0.345485
vn 0.005864 0.938403 0.345494
vn 0.149628 0.940507 0.305056
vn 0.149628 0.940507 0.305056
vn 0.196904 0.942831 0.268884
vn 0.196904 0.942831 0.268884
vn 0.063943 0.940506 -0.333706
vn 0.063943 0.940506 -0.333706
vn 0.120116 0.942562 -0.311688
vn 0.120116 0.942562 -0.311688
vn -0.333022 0.940506 0.067413
vn -0.333022 0.940506 0.067413
vn -0.310243 0.942739 0.122442
vn -0.310243 0.942739 0.122442
vn -0.180660 0.945644 0.270407
vn -0.180660 0.945644 0.270407
vn -0.109223 0.940506 0.321743
vn -0.109223 0.940506 0.321743
vn 0.268001 0.947176 -0.176163
vn 0.268001 0.947176 -0.176163
vn 0.327433 0.940506 -0.090754
vn 0.327433 0.940506 -0.090754
vn 0.070817 0.947290 -0.312451
vn 0.070816 0.947290 -0.312452
vn 0.186106 0.940506 -0.284276
vn 0.186106 0.940506 -0.284276
vn -0.199830 0.942366 0.268353
vn -0.199830 0.942366 0.268354
vn -0.157791 0.940506 0.300916
vn -0.157791 0.940506 0.300916
vn -0.322242 0.940506 -0.107742
vn -0.322242 0.940506 -0.107742
vn -0.329603 0.942789 -0.050112
vn -0.329603 0.942789 -0.050112
vn 0.069028 0.940506 -0.332690
vn 0.069028 0.940506 -0.332690
vn -0.178094 0.940506 -0.289362
vn -0.178094 0.940506 -0.289362
vn -0.178094 0.940506 -0.289362
vn -0.178094 0.940506 -0.289362
vn 0.053462 0.942540 0.329788
vn 0.053462 0.942540 0.329788
vn 0.108949 0.940506 0.321835
vn 0.108949 0.940506 0.321835
vn 0.002373 0.938350 0.345680
vn 0.002404 0.938347 0.345688
vn 0.022842 0.936128 0.350916
vn 0.022842 0.936128 0.350916
vn -0.700573 0.000000 0.713580
vn -0.700574 0.000000 0.713580
vn -0.700573 0.000000 0.713580
vn -0.700573 0.000000 0.713580
vn -0.351261 0.936140 -0.016075
vn -0.351261 0.936140 -0.016075
vn -0.345485 0.938406 0.005899
vn -0.345494 0.938403 0.005865
vn -0.305056 0.940507 0.149627
vn -0.305056 0.940507 0.149627
vn -0.268934 0.942830 0.196840
vn -0.268934 0.942830 0.196840
vn 0.333706 0.940507 0.063939
vn 0.333706 0.940507 0.063939
vn 0.311690 0.942562 0.120109
vn 0.311690 0.942562 0.120109
vn -0.067415 0.940506 -0.333022
vn -0.067415 0.940506 -0.333022
vn -0.122436 0.942739 -0.310246
vn -0.122436 0.942739 -0.310246
vn -0.270396 0.945616 -0.180820
vn -0.270396 0.945616 -0.180820
vn -0.321570 0.940506 -0.109729
vn -0.321570 0.940506 -0.109729
vn 0.176336 0.947142 0.268008
vn 0.176336 0.947142 0.268008
vn 0.091328 0.940506 0.327274
vn 0.091328 0.940506 0.327274
vn 0.313252 0.947055 0.070427
vn 0.313252 0.947055 0.070427
vn 0.286647 0.940507 0.182430
vn 0.286647 0.940507 0.182430
vn -0.234122 0.940506 -0.246241
vn -0.234122 0.940506 -0.246241
vn -0.234122 0.940506 -0.246241
vn -0.234122 0.940506 -0.246241
vn 0.202337 0.943725 0.261615
vn 0.202337 0.943725 0.261615
vn 0.070337 0.940736 0.331767
vn 0.070337 0.940736 0.331767
vn 0.255760 0.940582 0.223365
vn 0.255760 0.940582 0.223365
vn 0.270900 0.940573 0.204781
vn 0.270900 0.940573 0.204781
vn 0.280493 0.940506 0.191760
vn 0.280493 0.940506 0.191760
vn 0.334557 0.940506 -0.059326
vn 0.334557 0.940506 -0.059326
vn 0.330844 0.940754 -0.074324
vn 0.330844 0.940754 -0.074324
vn 0.002978 0.940506 -0.339763
vn 0.002978 0.940506 -0.339763
vn 0.002978 0.940506 -0.339763
vn 0.002978 0.940506 -0.339763
vn -0.120130 0.945179 0.303653
vn -0.120130 0.945179 0.303653
vn -0.205157 0.940571 0.270621
vn -0.205157 0.940571 0.270621
vn 0.042774 0.940690 0.336560
vn 0.042774 0.940690 0.336560
vn -0.339771 0.940506 -0.001846
vn -0.339771 0.940506 -0.001846
vn -0.339771 0.940506 -0.001846
vn -0.339771 0.940506 -0.001846
vn 0.257385 0.943184 -0.210138
vn 0.257385 0.943184 -0.210138
vn 0.223351 0.940582 -0.255773
vn 0.223351 0.940582 -0.255773
vn 0.247688 0.940506 -0.232592
vn 0.247688 0.940506 -0.232592
vn 0.247688 0.940506 -0.232592
vn 0.247688 0.940506 -0.232592
vn -0.261094 0.944448 0.199620
vn -0.261094 0.944448 0.199620
vn -0.337046 0.940980 0.030943
vn -0.337046 0.940980 0.030943
vn -0.223456 0.940582 0.255683
vn -0.223456 0.940582 0.255683
vn 0.339697 0.940507 0.007263
vn 0.339697 0.940507 0.007263
vn 0.339697 0.940507 0.007263
vn 0.339697 0.940507 0.007263
vn -0.295307 0.942363 -0.157309
vn -0.295306 0.942363 -0.157311
vn -0.270256 0.940569 -0.205651
vn -0.270256 0.940569 -0.205651
vn -0.339079 0.940756 -0.001549
vn -0.339079 0.940757 -0.001549
vn 0.233333 0.940506 0.246989
vn 0.233333 0.940506 0.246989
vn 0.233333 0.940506 0.246989
vn 0.233333 0.940506 0.246989
vn -0.210090 0.943186 -0.257415
vn -0.210090 0.943186 -0.257415
vn -0.074320 0.940754 -0.330844
vn -0.074320 0.940754 -0.330844
vn -0.255772 0.940582 -0.223353
vn -0.255772 0.940582 -0.223353
vn -0.002716 0.940507 0.339765
vn -0.002716 0.940507 0.339765
vn -0.002716 0.940507 0.339765
vn -0.002716 0.940507 0.339765
vn -0.059283 0.940506 -0.334566
vn -0.059283 0.940506 -0.334566
vn -0.246974 0.940506 0.233350
vn -0.246974 0.940506 0.233350
vn -0.246974 0.940506 0.233350
vn -0.246974 0.940506 0.233350
vn 0.204761 0.940574 -0.270914
vn 0.204761 0.940574 -0.270914
vn 0.191729 0.940506 -0.280514
vn 0.191729 0.940506 -0.280514
vn -0.000000 1.000000 -0.000000
vn -0.000000 1.000000 0.000000
vn -0.000001 1.000000 -0.000000
vn -0.000001 1.000000 -0.000001
vn -0.000001 1.000000 -0.000000
vn -0.000000 1.000000 -0.000000
vn -0.000001 1.000000 0.000000
vn 0.000000 1.000000 -0.000000
vn 0.000002 1.000000 0.000000
vn 0.000001 1.000000 -0.000000
vn 0.000001 1.000000 -0.000001
vn -0.000000 1.000000 0.000000
vn 0.000000 1.000000 -0.000000
vn 0.000002 1.000000 0.000000
vn 0.000000 1.000000 -0.000000
vn 0.000000 1.000000 -0.000000
vn 0.000000 1.000000 -0.000000
vn 0.000001 1.000000 -0.000002
vn 0.000000 1.000000 0.000000
vn -0.000001 1.000000 0.000000
vn 0.000009 -1.000000 0.000000
vn 0.000009 -1.000000 0.000000
vn 0.000009 -1.000000 0.000000
vn 0.000009 -1.000000 0.000000
vn 0.000000 1.000000 0.000000
vn 0.000000 1.000000 0.000000
vn 0.000000 1.000000 0.000000
vn -0.000000 1.000000 0.000000
vn -0.000000 1.000000 -0.000000
vn 0.000000 1.000000 -0.000000
vn 0.000001 1.000000 -0.000001
vn 0.000001 1.000000 -0.000001
vn 0.000000 1.000000 -0.000001
vn 0.000000 1.000000 -0.000000
vn -0.000000 1.000000 -0.000001
vn 0.000000 1.000000 0.000000
vn -0.000000 1.000000 0.000002
vn 0.000000 1.000000 0.000001
vn 0.000001 1.000000 0.000000
vn -0.000000 1.000000 -0.000002
vn -0.000000 1.000000 0.000000
vn -0.000000 1.000000 0.000002
vn 0.000000 1.000000 -0.000000
vn 0.000000 1.000000 0.000000
vn -0.000000 1.000000 0.000000
vn 0.000001 1.000000 0.000001
vn -0.000000 1.000000 0.000000
vn -0.000000 1.000000 -0.000001
vn 0.000000 1.000000 0.000000
vn -0.000001 1.000000 0.000002
vn 0.000000 1.000000 0.000000
vn -0.000000 1.000000 -0.000000
vn 0.000000 1.000000 -0.000000
vn 0.000001 1.000000 0.000001
vn 0.000001 1.000000 0.000002
vn 0.000001 1.000000 0.000002
vn 0.000001 1.000000 0.000000
vn 0.000000 1.000000 -0.000000
vn 0.000001 1.000000 -0.000000
vn -0.000000 1.000000 0.000000
vn -0.000002 1.000000 -0.000000
vn -0.000001 1.000000 0.000000
vn -0.000001 1.000000 0.000001
vn 0.000000 1.000000 -0.000000
vn -0.000000 1.000000 -0.000000
vn -0.000002 1.000000 -0.000000
vn -0.000000 1.000000 0.000000
vn -0.000000 1.000000 0.000000
vn -0.000000 1.000000 -0.000000
vn -0.000001 1.000000 0.000002
vn -0.000000 1.000000 -0.000000
vn 0.000001 1.000000 -0.000000
vn -0.000001 -1.000000 -0.000003
vn -0.000001 -1.000000 -0.000003
vn -0.000001 -1.000000 -0.000003
vn -0.000001 -1.000000 -0.000003
vn -0.000000 1.000000 0.000000
vn -0.000000 1.000000 0.000000
vn -0.000000 1.000000 0.000000
vn 0.000000 1.000000 -0.000000
vn 0.000000 1.000000 -0.000000
vn -0.000000 1.000000 0.000001
vn -0.000001 1.000000 0.000002
vn -0.000001 1.000000 0.000002
vn -0.000000 1.000000 0.000000
vn -0.000000 1.000000 -0.000000
vn 0.000000 1.000000 0.000001
vn -0.000000 1.000000 -0.000000
vn 0.000000 1.000000 -0.000002
vn -0.000000 1.000000 -0.000001
vn -0.000001 1.000000 -0.000001
vn 0.000000 1.000000 -0.000002
vn 0.000000 1.000000 -0.000000
vn 0.000000 1.000000 -0.000001
vn -0.000000 1.000000 0.000000
vn -0.000000 1.000000 -0.000000
vn 0.000000 1.000000 -0.000000
vn -0.000001 1.000000 -0.000001
vn 0.000000 1.000000 -0.000000
vn 0.000000 1.000000 0.000001
vn 0.000010 -1.000000 -0.000018
vn 0.000010 -1.000000 -0.000018
vn 0.000010 -1.000000 -0.000018
vn 0.000010 -1.000000 -0.000018
vn -0.000000 1.000000 -0.000000
vn -0.000000 1.000000 -0.000000
vn -0.000000 1.000000 -0.000000
vn 0.000000 1.000000 0.000000
vn 0.000000 1.000000 -0.000000
vn -0.000001 1.000000 0.000000
vn 0.000000 1.000000 0.000000
vn 0.000000 1.000000 -0.000000
vn 0.000000 1.000000 -0.000000
vn 0.000000 1.000000 -0.000000
vn 0.000000 1.000000 0.000000
vn -0.000000 1.000000 -0.000001
vn -0.000000 1.000000 0.000000
vn 0.000000 1.000000 -0.000000
vn -0.000000 1.000000 0.000000
vn 0.000001 1.000000 -0.000000
vn -0.000000 1.000000 -0.000000
vn 0.000000 1.000000 0.000000
vn -0.000000 1.000000 -0.000000
vn 0.000000 1.000000 0.000001
vn 0.000001 1.000000 0.000001
vn 0.000001 1.000000 0.000001
vn 0.000001 1.000000 0.000002
vn -0.000000 1.000000 0.000002
vn 0.000001 1.000000 -0.000000
vn 0.000001 1.000000 0.000000
vn -0.000000 1.000000 0.000001
vn -0.000001 1.000000 0.000001
vn -0.000001 1.000000 0.000001
vn -0.000001 1.000000 -0.000000
vn -0.000001 1.000000 -0.000000
vn -0.000001 1.000000 -0.000001
vn -0.000001 1.000000 -0.000002
vn 0.000000 1.000000 -0.000001
vn 0.000000 1.000000 -0.000001
vn 0.000001 1.000000 -0.000000
vn 0.000000 1.000000 0.000001
vn -0.000001 1.000000 0.000000
vn -0.000001 1.000000 0.000002
vn -0.000000 1.000000 -0.000001
vn -0.000002 1.000000 -0.000002
vn 0.000001 1.000000 -0.000001
vn -0.792528 0.000000 -0.609836
vn -0.701276 0.000000 -0.712890
vn -0.701459 0.000000 -0.712710
vn -0.792528 0.000000 -0.609835
vn -0.742241 0.000000 -0.670133
vn -0.742241 0.000000 -0.670133
vn -0.885630 0.000000 -0.464393
vn -0.885629 0.000000 -0.464393
vn 0.810738 0.000000 0.585410
vn 0.917335 0.000000 0.398116
vn 0.917335 0.000000 0.398116
vn 0.810738 0.000000 0.585410
vn 0.979147 0.000000 0.203155
vn 0.979147 0.000000 0.203155
vn -0.989753 0.000000 0.142794
vn -0.999915 0.000000 0.013068
vn -0.999910 0.000000 0.013380
vn -0.989752 0.000000 0.142794
vn -0.996606 0.000000 0.082320
vn -0.996606 0.000000 0.082320
vn -0.947197 0.000000 0.320652
vn -0.947197 0.000000 0.320652
vn 0.980120 0.000000 -0.198405
vn 0.922709 0.000000 -0.385499
vn 0.922709 0.000000 -0.385499
vn 0.980120 0.000000 -0.198405
vn 0.818658 0.000000 -0.574281
vn 0.818658 0.000000 -0.574281
vn 0.063989 0.000000 -0.997951
vn -0.010882 0.000000 -0.999941
vn -0.010531 0.000000 -0.999945
vn 0.063989 0.000000 -0.997951
vn 0.132712 0.000000 -0.991155
vn 0.132712 0.000000 -0.991155
vn 0.317098 0.000000 -0.948393
vn 0.317098 0.000000 -0.948393
vn -0.378090 0.000000 0.925769
vn -0.188194 0.000000 0.982132
vn -0.188194 0.000000 0.982132
vn -0.378090 0.000000 0.925769
vn -0.549639 0.000000 0.835403
vn -0.549639 0.000000 0.835403
vn -0.625637 -0.000000 -0.780114
vn -0.694228 -0.000000 -0.719755
vn -0.694276 -0.000000 -0.719709
vn -0.625637 -0.000000 -0.780114
vn -0.605036 0.000000 -0.796198
vn -0.605036 0.000000 -0.796198
vn -0.440371 0.000000 -0.897816
vn -0.440371 0.000000 -0.897816
vn 0.336716 0.000000 0.941606
vn 0.520673 0.000000 0.853756
vn 0.520673 0.000000 0.853756
vn 0.336716 0.000000 0.941606
vn 0.138477 0.000000 0.990366
vn 0.138477 0.000000 0.990366
vn 0.609836 0.000000 -0.792528
vn 0.713083 0.000000 -0.701079
vn 0.713116 0.000000 -0.701046
vn 0.609836 0.000000 -0.792528
vn 0.668545 0.000000 -0.743672
vn 0.668545 0.000000 -0.743672
vn 0.464397 0.000000 -0.885627
vn 0.464397 0.000000 -0.885627
vn -0.577395 0.000000 0.816465
vn -0.388047 0.000000 0.921640
vn -0.388047 0.000000 0.921640
vn -0.577395 0.000000 0.816465
vn -0.203159 0.000000 0.979146
vn -0.203159 0.000000 0.979146
vn -0.142792 0.000000 -0.989753
vn -0.013068 0.000000 -0.999915
vn -0.013380 0.000000 -0.999910
vn -0.142792 0.000000 -0.989753
vn -0.082321 0.000000 -0.996606
vn -0.082321 0.000000 -0.996606
vn -0.320652 0.000000 -0.947197
vn -0.320652 0.000000 -0.947197
vn 0.198407 0.000000 0.980120
vn 0.385498 0.000000 0.922709
vn 0.385498 0.000000 0.922709
vn 0.198407 0.000000 0.980120
vn 0.574280 0.000000 0.818659
vn 0.574280 0.000000 0.818659
vn 0.997950 0.000000 0.063993
vn 0.999941 0.000000 -0.010882
vn 0.999945 0.000000 -0.010530
vn 0.997950 0.000000 0.063993
vn 0.991155 0.000000 0.132710
vn 0.991155 0.000000 0.132710
vn 0.948393 0.000000 0.317098
vn 0.948393 0.000000 0.317098
vn -0.925769 0.000000 -0.378090
vn -0.982130 0.000000 -0.188202
vn -0.982130 0.000000 -0.188202
vn -0.925769 0.000000 -0.378091
vn -0.835406 0.000000 -0.549634
vn -0.835406 0.000000 -0.549634
vn 0.766638 0.000000 -0.642079
vn 0.711880 0.000000 -0.702301
vn 0.712121 0.000000 -0.702057
vn 0.766638 0.000000 -0.642079
vn 0.796196 0.000000 -0.605039
vn 0.796196 0.000000 -0.605039
vn 0.897814 0.000000 -0.440375
vn 0.897814 0.000000 -0.440375
vn -0.935135 0.000000 0.354291
vn -0.836232 0.000000 0.548376
vn -0.836232 0.000000 0.548376
vn -0.935135 0.000000 0.354291
vn -0.990366 0.000000 0.138476
vn -0.990366 0.000000 0.138476
vn 0.792528 0.000000 0.609836
vn 0.709071 -0.000000 0.705137
vn 0.709034 -0.000000 0.705174
vn 0.792528 0.000000 0.609836
vn 0.756524 -0.000001 0.653966
vn 0.756524 -0.000001 0.653966
vn 0.885626 0.000000 0.464398
vn 0.885627 0.000000 0.464398
vn -0.830297 0.000000 -0.557321
vn -0.924728 0.000000 -0.380629
vn -0.924728 0.000000 -0.380629
vn -0.830297 0.000000 -0.557321
vn -0.979147 0.000000 -0.203154
vn -0.979147 0.000000 -0.203154
vn 0.989753 0.000000 -0.142794
vn 0.999915 0.000000 -0.013068
vn 0.999911 0.000000 -0.013380
vn 0.989752 0.000000 -0.142794
vn 0.996606 0.000000 -0.082319
vn 0.996606 0.000000 -0.082319
vn 0.947197 0.000000 -0.320652
vn 0.947197 0.000000 -0.320653
vn -0.980120 0.000000 0.198405
vn -0.922709 0.000000 0.385499
vn -0.922708 0.000000 0.385499
vn -0.980120 0.000000 0.198405
vn -0.818659 0.000000 0.574280
vn -0.818659 0.000000 0.574280
vn -0.063988 0.000000 0.997951
vn 0.010883 0.000000 0.999941
vn 0.010532 0.000000 0.999945
vn -0.063988 0.000000 0.997951
vn -0.132712 0.000000 0.991155
vn -0.132712 0.000000 0.991155
vn -0.317100 0.000000 0.948392
vn -0.317100 0.000000 0.948392
vn 0.378090 0.000000 -0.925769
vn 0.188194 0.000000 -0.982132
vn 0.188194 0.000000 -0.982132
vn 0.378090 0.000000 -0.925769
vn 0.549638 0.000000 -0.835403
vn 0.549639 0.000000 -0.835403
vn 0.612303 -0.000001 0.790623
vn 0.686228 -0.000000 0.727387
vn 0.686278 -0.000000 0.727339
vn 0.612303 -0.000001 0.790623
vn 0.605036 0.000000 0.796198
vn 0.605036 0.000000 0.796198
vn 0.440371 0.000000 0.897816
vn 0.440371 0.000000 0.897816
vn -0.330479 0.000000 -0.943813
vn -0.503724 0.000000 -0.863865
vn -0.503724 0.000000 -0.863865
vn -0.330479 0.000000 -0.943813
vn -0.138477 0.000000 -0.990366
vn -0.138477 0.000000 -0.990366
vn -0.609835 0.000000 0.792528
vn -0.705137 -0.000000 0.709071
vn -0.705174 -0.000000 0.709034
vn -0.609835 0.000000 0.792528
vn -0.653966 -0.000001 0.756524
vn -0.653966 -0.000001 0.756524
vn -0.464397 0.000000 0.885627
vn -0.464397 0.000000 0.885627
vn 0.557320 0.000000 -0.830298
vn 0.380632 0.000000 -0.924727
vn 0.380632 0.000000 -0.924727
vn 0.557320 0.000000 -0.830298
vn 0.203159 0.000000 -0.979146
vn 0.203159 0.000000 -0.979146
vn 0.142792 0.000000 0.989753
vn 0.013069 0.000000 0.999915
vn 0.013381 0.000000 0.999910
vn 0.142792 0.000000 0.989753
vn 0.082322 0.000000 0.996606
vn 0.082322 0.000000 0.996606
vn 0.320648 0.000000 0.947198
vn 0.320648 0.000000 0.947198
vn -0.198409 0.000000 -0.980119
vn -0.385499 0.000000 -0.922708
vn -0.385499 0.000000 -0.922708
vn -0.198409 0.000000 -0.980119
vn -0.574276 0.000000 -0.818662
vn -0.574276 0.000000 -0.818662
vn -0.997951 0.000000 -0.063979
vn -0.999941 0.000000 0.010885
vn -0.999945 0.000000 0.010533
vn -0.997951 0.000000 -0.063979
vn -0.991154 0.000000 -0.132714
vn -0.991154 0.000000 -0.132714
vn -0.948393 0.000000 -0.317098
vn -0.948393 0.000000 -0.317098
vn 0.925770 0.000000 0.378088
vn 0.982134 0.000000 0.188183
vn 0.982134 0.000000 0.188183
vn 0.925770 0.000000 0.378088
vn 0.835400 0.000000 0.549643
vn 0.835400 0.000000 0.549643
vn -0.780115 0.000000 0.625637
vn -0.719755 0.000000 0.694228
vn -0.719708 0.000000 0.694277
vn -0.780115 0.000000 0.625637
vn -0.796197 0.000000 0.605037
vn -0.796197 0.000000 0.605037
vn -0.897817 0.000000 0.440370
vn -0.897817 0.000000 0.440370
vn 0.941605 0.000000 -0.336719
vn 0.853752 0.000000 -0.520680
vn 0.853752 0.000000 -0.520680
vn 0.941605 0.000000 -0.336719
vn 0.990366 0.000000 -0.138477
vn 0.990366 0.000000 -0.138477
vn 0.319929 0.000000 -0.947442
vn 0.319929 0.000000 -0.947442
vn 0.319929 0.000000 -0.947442
vn 0.319929 0.000000 -0.947442
vn -0.962359 0.000000 0.271782
vn -0.962359 0.000000 0.271782
vn -0.962359 0.000000 0.271782
vn -0.962359 0.000000 0.271782
vn 0.732222 0.000000 0.681066
vn 0.754140 0.000000 0.656714
vn 0.754140 0.000000 0.656714
vn 0.732222 0.000000 0.681066
vn 0.793154 0.000000 0.609021
vn 0.825522 0.000000 0.564370
vn 0.825522 0.000000 0.564370
vn 0.793154 0.000000 0.609021
vn 0.839109 0.000000 -0.543964
vn 0.839109 0.000000 -0.543964
vn 0.839109 0.000000 -0.543964
vn 0.839109 0.000000 -0.543964
vn -0.829441 0.000000 -0.558594
vn -0.829441 0.000000 -0.558594
vn -0.829441 0.000000 -0.558594
vn -0.829441 0.000000 -0.558594
vn 0.016898 0.000000 0.999857
vn 0.144266 0.000000 0.989539
vn 0.144266 0.000000 0.989539
vn 0.016898 0.000000 0.999857
vn 0.200271 0.000000 0.979741
vn 0.286813 0.000000 0.957987
vn 0.286813 0.000000 0.957987
vn 0.200271 0.000000 0.979741
vn -0.524153 0.000000 -0.851624
vn -0.524153 0.000000 -0.851624
vn -0.524153 0.000000 -0.851624
vn -0.524153 0.000000 -0.851624
vn -0.533344 0.000000 0.845899
vn -0.533344 0.000000 0.845899
vn -0.533344 0.000000 0.845899
vn -0.533344 0.000000 0.845899
vn 0.976588 0.000000 -0.215120
vn 0.759283 0.000000 -0.650760
vn 0.759283 0.000000 -0.650760
vn 0.976588 0.000000 -0.215120
vn 0.944876 0.000000 0.327429
vn 0.944876 0.000000 0.327429
vn 0.944876 0.000000 0.327429
vn 0.944876 0.000000 0.327429
vn -0.267493 0.000000 -0.963560
vn -0.267493 0.000000 -0.963560
vn -0.267493 0.000000 -0.963560
vn -0.267493 0.000000 -0.963560
vn -0.681073 0.000000 0.732215
vn -0.656790 0.000000 0.754073
vn -0.656790 0.000000 0.754073
vn -0.681073 0.000000 0.732215
vn -0.608970 0.000000 0.793193
vn -0.564401 0.000000 0.825501
vn -0.564401 0.000000 0.825501
vn -0.608970 0.000000 0.793193
vn 0.511499 0.000000 0.859284
vn 0.511499 0.000000 0.859284
vn 0.511499 0.000000 0.859284
vn 0.511499 0.000000 0.859284
vn 0.547730 0.000000 -0.836655
vn 0.547730 0.000000 -0.836655
vn 0.547730 0.000000 -0.836655
vn 0.547730 0.000000 -0.836655
vn -0.827454 0.000000 -0.561533
vn -0.999769 0.000000 0.021479
vn -0.999769 0.000000 0.021479
vn -0.827455 0.000000 -0.561533
vn -0.997032 0.000000 0.076991
vn -0.976494 0.000000 0.215546
vn -0.976494 0.000000 0.215546
vn -0.997032 0.000000 0.076991
vn -0.321455 0.000000 0.946925
vn -0.321455 0.000000 0.946925
vn -0.321455 0.000000 0.946925
vn -0.321455 0.000000 0.946925
vn 0.963669 0.000000 -0.267099
vn 0.963669 0.000000 -0.267099
vn 0.963669 0.000000 -0.267099
vn 0.963669 0.000000 -0.267099
vn -0.650604 0.000000 -0.759417
vn -0.754099 0.000000 -0.656760
vn -0.754099 0.000000 -0.656760
vn -0.650604 0.000000 -0.759417
vn -0.793170 0.000000 -0.609000
vn -0.793170 0.000000 -0.609000
vn -0.852113 0.000000 0.523359
vn -0.852113 0.000000 0.523359
vn -0.852113 0.000000 0.523359
vn -0.852113 0.000000 0.523359
vn 0.843636 0.000000 0.536915
vn 0.843636 0.000000 0.536915
vn 0.843636 0.000000 0.536915
vn 0.843636 0.000000 0.536915
vn -0.215126 0.000000 -0.976586
vn -0.215126 0.000000 -0.976586
vn -0.946417 0.000000 -0.322946
vn -0.946417 0.000000 -0.322946
vn -0.946417 0.000000 -0.322946
vn -0.946417 0.000000 -0.322946
vn 0.268789 0.000000 0.963199
vn 0.268789 0.000000 0.963199
vn 0.268789 0.000000 0.963199
vn 0.268789 0.000000 0.963199
vn 0.656756 0.000000 -0.754103
vn 0.656756 0.000000 -0.754104
vn 0.608967 0.000000 -0.793196
vn 0.564281 0.000000 -0.825583
vn 0.564281 0.000000 -0.825583
vn 0.608967 0.000000 -0.793196
vn 0.984639 0.000000 -0.174604
vn 0.984639 0.000000 -0.174604
vn -0.174477 0.000000 -0.984661
vn -0.174477 0.000000 -0.984661
vn -0.689048 0.000000 -0.724716
vn -0.689048 0.000000 -0.724716
vn -0.689048 0.000000 -0.724716
vn -0.689048 0.000000 -0.724716
vn 0.008766 0.000000 -0.999962
vn 0.008766 0.000000 -0.999962
vn 0.008766 0.000000 -0.999962
vn 0.008766 0.000000 -0.999962
vn -0.999985 0.000000 -0.005435
vn -0.999985 0.000000 -0.005435
vn -0.999985 0.000000 -0.005435
vn -0.999985 0.000000 -0.005435
vn 0.728974 0.000000 -0.684541
vn 0.728974 0.000000 -0.684541
vn 0.728974 0.000000 -0.684541
vn 0.728974 0.000000 -0.684541
vn 0.999772 0.000000 0.021378
vn 0.999772 0.000000 0.021378
vn 0.999772 0.000000 0.021378
vn 0.999772 0.000000 0.021378
vn 0.686726 0.000000 0.726916
vn 0.686726 0.000000 0.726916
vn 0.686726 0.000000 0.726916
vn 0.686726 0.000000 0.726916
vn -0.007993 0.000000 0.999968
vn -0.007993 0.000000 0.999968
vn -0.007993 0.000000 0.999968
vn -0.007993 0.000000 0.999968
vn -0.726871 0.000000 0.686774
vn -0.726871 0.000000 0.686774
vn -0.726871 0.000000 0.686774
vn -0.726871 0.000000 0.686774
vn 0.008930 0.877077 -0.480267
vn 0.008930 0.877077 -0.480267
vn 0.008930 0.877077 -0.480267
vn -0.343716 0.876346 -0.337456
vn -0.343716 0.876346 -0.337456
vn -0.343716 0.876346 -0.337456
vn -0.426820 0.904303 -0.007869
vn -0.426820 0.904303 -0.007869
vn -0.426820 0.904303 -0.007869
vn 0.427091 0.904073 0.015656
vn 0.427091 0.904073 0.015656
vn 0.427091 0.904073 0.015656
vn 0.337457 0.876346 -0.343715
vn 0.337457 0.876346 -0.343715
vn 0.337457 0.876346 -0.343715
vn -0.007869 0.904303 0.426818
vn -0.007869 0.904303 0.426818
vn -0.007869 0.904303 0.426818
vn 0.343717 0.876346 0.337455
vn 0.343717 0.876346 0.337455
vn 0.343717 0.876346 0.337455
vn -0.337452 0.876347 0.343717
vn -0.337452 0.876347 0.343717
vn -0.337452 0.876347 0.343717
s 1
g textureEditorIsolateSelectSet Rug
usemtl lambert5SG
f 1193/60/1651 1218/61/1652 1219/62/1653 1195/63/1654
f 1193/60/1651 1195/63/1654 1223/64/1655 1221/65/1656
f 1196/66/1657 1226/67/1658 1227/68/1659 1198/69/1660
f 1196/66/1657 1198/69/1660 1220/70/1661 1217/71/1662
f 1199/72/1663 1230/73/1664 1231/74/1665 1201/75/1666
f 1199/72/1663 1201/75/1666 1235/76/1667 1233/77/1668
f 1202/78/1669 1222/79/1670 1224/80/1671 1204/81/1672
f 1202/78/1669 1204/81/1672 1232/82/1673 1229/83/1674
f 1205/84/1675 1238/85/1676 1239/86/1677 1207/87/1678
f 1205/84/1675 1207/87/1678 1243/88/1679 1241/89/1680
f 1208/90/1681 1234/91/1682 1236/92/1683 1210/93/1684
f 1208/90/1681 1210/93/1684 1240/94/1685 1237/95/1686
f 1211/96/1687 1246/97/1688 1247/98/1689 1213/99/1690
f 1211/96/1687 1213/99/1690 1228/100/1691 1225/101/1692
f 1214/102/1693 1242/103/1694 1244/104/1695 1216/105/1696
f 1214/102/1693 1216/105/1696 1248/106/1697 1245/107/1698
s off
f 1218//1699 1217//1700 1368//1701 1367//1702
f 1217//1703 1220//1704 1369//1705 1368//1706
f 1220//1707 1219//1708 1370//1709 1369//1710
f 1219//1711 1218//1712 1367//1713 1370//1714
f 1222//1715 1221//1716 1372//1717 1371//1718
f 1221//1719 1223//1720 1373//1721 1372//1722
f 1223//1723 1224//1724 1374//1725 1373//1726
f 1224//1727 1222//1728 1371//1729 1374//1730
f 1226//1731 1225//1732 1376//1733 1375//1734
f 1225//1735 1228//1736 1377//1737 1376//1738
f 1228//1739 1227//1740 1378//1741 1377//1742
f 1227//1743 1226//1744 1375//1745 1378//1746
f 1230//1747 1229//1748 1380//1749 1379//1750
f 1229//1751 1232//1752 1381//1753 1380//1754
f 1232//1755 1231//1756 1382//1757 1381//1758
f 1231//1759 1230//1760 1379//1761 1382//1762
f 1234//1763 1233//1764 1384//1765 1383//1766
f 1233//1767 1235//1768 1385//1769 1384//1770
f 1235//1771 1236//1772 1386//1773 1385//1774
f 1236//1775 1234//1776 1383//1777 1386//1778
f 1238//1779 1237//1780 1388//1781 1387//1782
f 1237//1783 1240//1784 1389//1785 1388//1786
f 1240//1787 1239//1788 1390//1789 1389//1790
f 1239//1791 1238//1792 1387//1793 1390//1794
f 1242//1795 1241//1796 1392//1797 1391//1798
f 1241//1799 1243//1800 1393//1801 1392//1802
f 1243//1803 1244//1804 1394//1805 1393//1806
f 1244//1807 1242//1808 1391//1809 1394//1810
f 1246//1811 1245//1812 1396//1813 1395//1814
f 1245//1815 1248//1816 1397//1817 1396//1818
f 1248//1819 1247//1820 1398//1821 1397//1822
f 1247//1823 1246//1824 1395//1825 1398//1826
s 9
f 1399/108/1827 1400/297/1828 1407/294/1829 1406/109/1830
f 1400/297/1828 1399/108/1827 1401/110/1831 1402/296/1832
f 1402/296/1832 1401/110/1831 1404/111/1833 1403/295/1834
s off
f 1403/394/1835 1405/395/1836 1660/396/1837 1659/397/1838
s 10
f 1405/112/1839 1404/111/1840 1488/113/1841 1489/273/1842
s 11
f 1406/109/1843 1407/294/1844 1432/288/1845 1431/114/1846
s 12
f 1408/115/1847 1409/527/1848 1493/508/1849 1492/116/1850
s 13
f 1409/527/1851 1408/115/1852 1410/117/1853 1411/526/1854
f 1411/526/1854 1410/117/1853 1412/118/1855 1413/525/1856
s off
f 1413/525/1857 1412/118/1858 1595/119/1859 1596/481/1860
s 14
f 1414/120/1861 1415/293/1862 1422/290/1863 1421/121/1864
f 1415/293/1862 1414/120/1861 1416/122/1865 1417/292/1866
f 1417/292/1866 1416/122/1865 1419/123/1867 1418/291/1868
s off
f 1418/334/1869 1420/338/1870 1662/339/1871 1661/335/1872
s 11
f 1420/124/1873 1419/123/1874 1429/125/1875 1430/289/1876
s 15
f 1421/121/1877 1422/290/1878 1443/286/1879 1442/126/1880
s 16
f 1423/127/1881 1424/524/1882 1434/521/1883 1433/128/1884
s 17
f 1424/524/1885 1423/127/1886 1425/129/1887 1426/523/1888
f 1426/523/1888 1425/129/1887 1427/130/1889 1428/522/1890
f 1428/522/1890 1427/130/1889 1583/131/1891 1584/487/1892
s 11
f 1430/289/1876 1429/125/1875 1431/114/1846 1432/288/1845
s 16
f 1433/128/1884 1434/521/1883 1436/520/1893 1435/132/1894
f 1435/132/1894 1436/520/1893 1586/486/1895 1585/133/1896
s 15
f 1437/134/1897 1438/287/1898 1441/285/1899 1440/135/1900
f 1438/287/1898 1437/134/1897 1442/126/1880 1443/286/1879
s off
f 1439/298/1901 1441/299/1902 1664/300/1903 1663/301/1904
s 18
f 1440/135/1905 1439/284/1906 1545/258/1907 1544/136/1908
s 19
f 1444/137/1909 1445/519/1910 1447/518/1911 1446/138/1912
s 20
f 1445/519/1913 1444/137/1914 1548/139/1915 1549/496/1916
s 19
f 1446/138/1912 1447/518/1911 1449/517/1917 1448/140/1918
f 1448/140/1918 1449/517/1917 1608/475/1919 1607/141/1920
s 21
f 1450/142/1921 1451/283/1922 1458/280/1923 1457/143/1924
f 1451/283/1922 1450/142/1921 1452/144/1925 1453/282/1926
f 1453/282/1926 1452/144/1925 1455/145/1927 1454/281/1928
s off
f 1454/310/1929 1456/311/1930 1666/312/1931 1665/313/1932
s 22
f 1456/146/1933 1455/145/1934 1534/147/1935 1535/261/1936
s 23
f 1457/143/1937 1458/280/1938 1483/274/1939 1482/148/1940
s 24
f 1459/149/1941 1460/516/1942 1539/498/1943 1538/150/1944
s 25
f 1460/516/1945 1459/149/1946 1461/151/1947 1462/515/1948
f 1462/515/1948 1461/151/1947 1463/152/1949 1464/514/1950
f 1464/514/1950 1463/152/1949 1623/153/1951 1624/467/1952
s 26
f 1465/154/1953 1466/279/1954 1473/276/1955 1472/155/1956
f 1466/279/1954 1465/154/1953 1467/156/1957 1468/278/1958
f 1468/278/1958 1467/156/1957 1470/157/1959 1469/277/1960
s off
f 1469/346/1961 1471/340/1962 1668/343/1963 1667/347/1964
s 23
f 1471/158/1965 1470/157/1966 1480/159/1967 1481/275/1968
s 10
f 1472/155/1969 1473/276/1970 1491/272/1971 1490/160/1972
s 27
f 1474/161/1973 1475/513/1974 1485/510/1975 1484/162/1976
s 28
f 1475/513/1977 1474/161/1978 1476/163/1979 1477/512/1980
f 1477/512/1980 1476/163/1979 1478/164/1981 1479/511/1982
f 1479/511/1982 1478/164/1981 1613/165/1983 1614/472/1984
s 23
f 1481/275/1968 1480/159/1967 1482/148/1940 1483/274/1939
s 27
f 1484/162/1976 1485/510/1975 1487/509/1985 1486/166/1986
f 1486/166/1986 1487/509/1985 1616/471/1987 1615/167/1988
s 10
f 1489/273/1842 1488/113/1841 1490/160/1972 1491/272/1971
s 12
f 1492/116/1850 1493/508/1849 1495/507/1989 1494/168/1990
f 1494/168/1990 1495/507/1989 1598/480/1991 1597/169/1992
s 29
f 1496/170/1993 1497/271/1994 1504/268/1995 1503/171/1996
f 1497/271/1994 1496/170/1993 1498/172/1997 1499/270/1998
f 1499/270/1998 1498/172/1997 1501/173/1999 1500/269/2000
s off
f 1500/398/2001 1502/399/2002 1670/400/2003 1669/401/2004
s 30
f 1502/174/2005 1501/173/2006 1575/175/2007 1576/250/2008
s 31
f 1503/171/2009 1504/268/2010 1529/262/2011 1528/176/2012
s 32
f 1505/177/2013 1506/506/2014 1580/489/2015 1579/178/2016
s 33
f 1506/506/2017 1505/177/2018 1507/179/2019 1508/505/2020
f 1508/505/2020 1507/179/2019 1509/180/2021 1510/504/2022
s off
f 1510/504/2023 1509/180/2024 1643/181/2025 1644/457/2026
s 34
f 1511/182/2027 1512/267/2028 1519/264/2029 1518/183/2030
f 1512/267/2028 1511/182/2027 1513/184/2031 1514/266/2032
f 1514/266/2032 1513/184/2031 1516/185/2033 1515/265/2034
s off
f 1515/370/2035 1517/374/2036 1672/375/2037 1671/371/2038
s 31
f 1517/186/2039 1516/185/2040 1526/187/2041 1527/263/2042
s 22
f 1518/183/2043 1519/264/2044 1537/260/2045 1536/188/2046
s 35
f 1520/189/2047 1521/503/2048 1531/500/2049 1530/190/2050
s 36
f 1521/503/2051 1520/189/2052 1522/191/2053 1523/502/2054
f 1523/502/2054 1522/191/2053 1524/192/2055 1525/501/2056
f 1525/501/2056 1524/192/2055 1633/193/2057 1634/462/2058
s 31
f 1527/263/2042 1526/187/2041 1528/176/2012 1529/262/2011
s 35
f 1530/190/2050 1531/500/2049 1533/499/2059 1532/194/2060
f 1532/194/2060 1533/499/2059 1636/461/2061 1635/195/2062
s 22
f 1535/261/1936 1534/147/1935 1536/188/2046 1537/260/2045
s 24
f 1538/150/1944 1539/498/1943 1541/497/2063 1540/196/2064
f 1540/196/2064 1541/497/2063 1626/466/2065 1625/197/2066
s 18
f 1542/198/2067 1543/259/2068 1547/257/2069 1546/199/2070
f 1543/259/2068 1542/198/2067 1544/136/1908 1545/258/1907
s 37
f 1546/199/2071 1547/257/2072 1570/251/2073 1569/200/2074
s 20
f 1549/496/1916 1548/139/1915 1550/201/2075 1551/495/2076
s off
f 1551/495/2077 1550/201/2078 1605/202/2079 1606/476/2080
s 38
f 1552/203/2081 1553/256/2082 1560/253/2083 1559/204/2084
f 1553/256/2082 1552/203/2081 1554/205/2085 1555/255/2086
f 1555/255/2086 1554/205/2085 1557/206/2087 1556/254/2088
s off
f 1556/382/2089 1558/376/2090 1674/379/2091 1673/383/2092
s 37
f 1558/207/2093 1557/206/2094 1567/208/2095 1568/252/2096
s 30
f 1559/204/2097 1560/253/2098 1578/249/2099 1577/209/2100
s 39
f 1561/210/2101 1562/494/2102 1572/491/2103 1571/211/2104
s 40
f 1562/494/2105 1561/210/2106 1563/212/2107 1564/493/2108
f 1564/493/2108 1563/212/2107 1565/213/2109 1566/492/2110
f 1566/492/2110 1565/213/2109 1649/214/2111 1650/454/2112
s 37
f 1568/252/2096 1567/208/2095 1569/200/2074 1570/251/2073
s 39
f 1571/211/2104 1572/491/2103 1574/490/2113 1573/215/2114
f 1573/215/2114 1574/490/2113 1652/453/2115 1651/216/2116
s 30
f 1576/250/2008 1575/175/2007 1577/209/2100 1578/249/2099
s 32
f 1579/178/2016 1580/489/2015 1582/488/2117 1581/217/2118
f 1581/217/2118 1582/488/2117 1646/456/2119 1645/218/2120
s off
f 1584/487/2121 1583/131/2122 1585/133/2123 1586/486/2124
s 41
f 1587/219/2125 1588/485/2126 1604/477/2127 1603/220/2128
f 1588/485/2126 1587/219/2125 1589/221/2129 1590/484/2130
f 1590/484/2130 1589/221/2129 1593/222/2131 1594/483/2132
f 1591/223/2133 1592/482/2134 1594/483/2132 1593/222/2131
s 42
f 1592/482/2135 1591/223/2136 1611/224/2137 1612/474/2138
s off
f 1596/481/2139 1595/119/2140 1597/169/2141 1598/480/2142
s 41
f 1599/225/2143 1600/479/2144 1622/468/2145 1621/226/2146
f 1600/479/2144 1599/225/2143 1601/227/2147 1602/478/2148
f 1602/478/2148 1601/227/2147 1603/220/2128 1604/477/2127
s off
f 1606/476/2149 1605/202/2150 1607/141/2151 1608/475/2152
s 42
f 1609/228/2153 1610/473/2154 1612/474/2138 1611/224/2137
f 1610/473/2154 1609/228/2153 1653/229/2155 1654/452/2156
s off
f 1614/472/2157 1613/165/2158 1615/167/2159 1616/471/2160
s 41
f 1617/230/2161 1618/470/2162 1632/463/2163 1631/231/2164
f 1618/470/2162 1617/230/2161 1619/232/2165 1620/469/2166
f 1620/469/2166 1619/232/2165 1621/226/2146 1622/468/2145
s off
f 1624/467/2167 1623/153/2168 1625/197/2169 1626/466/2170
s 41
f 1627/233/2171 1628/465/2172 1642/458/2173 1641/234/2174
f 1628/465/2172 1627/233/2171 1629/235/2175 1630/464/2176
f 1630/464/2176 1629/235/2175 1631/231/2164 1632/463/2163
s off
f 1634/462/2177 1633/193/2178 1635/195/2179 1636/461/2180
s 41
f 1637/236/2181 1638/460/2182 1648/455/2183 1647/237/2184
f 1638/460/2182 1637/236/2181 1639/238/2185 1640/459/2186
f 1640/459/2186 1639/238/2185 1641/234/2174 1642/458/2173
s off
f 1644/457/2187 1643/181/2188 1645/218/2189 1646/456/2190
s 41
f 1647/237/2184 1648/455/2183 1656/450/2191 1655/239/2192
s off
f 1650/454/2193 1649/214/2194 1651/216/2195 1652/453/2196
s 42
f 1654/452/2156 1653/229/2155 1657/240/2197 1658/451/2198
f 1655/239/2199 1656/450/2200 1658/451/2198 1657/240/2197
s 1
f 1399/108/2201 1408/115/2202 1404/111/2203 1401/110/2204
f 1408/115/2202 1399/108/2201 1406/109/2205 1410/117/2206
f 1410/117/2206 1406/109/2205 1194/241/2207 1412/118/2208
f 1414/120/2209 1423/127/2210 1419/123/2211 1416/122/2212
f 1423/127/2210 1414/120/2209 1421/121/2213 1425/129/2214
f 1425/129/2214 1421/121/2213 1197/242/2215 1427/130/2216
f 1431/114/2217 1429/125/2218 1419/123/2211 1423/127/2210
f 1423/127/2210 1433/128/2219 1406/109/2205 1431/114/2217
f 1433/128/2219 1435/132/2220 1194/241/2207 1406/109/2205
s off
f 1442/126/2221 1437/134/2222 1440/135/2223 1444/137/2224
s 1
f 1444/137/2225 1446/138/2226 1421/121/2213 1442/126/2227
f 1446/138/2226 1448/140/2228 1197/242/2215 1421/121/2213
f 1450/142/2229 1459/149/2230 1455/145/2231 1452/144/2232
f 1459/149/2230 1450/142/2229 1457/143/2233 1461/151/2234
f 1461/151/2234 1457/143/2233 1200/243/2235 1463/152/2236
f 1465/154/2237 1474/161/2238 1470/157/2239 1467/156/2240
f 1474/161/2238 1465/154/2237 1472/155/2241 1476/163/2242
f 1476/163/2242 1472/155/2241 1203/244/2243 1478/164/2244
f 1482/148/2245 1480/159/2246 1470/157/2239 1474/161/2238
f 1474/161/2238 1484/162/2247 1457/143/2233 1482/148/2245
f 1484/162/2247 1486/166/2248 1200/243/2235 1457/143/2233
f 1490/160/2249 1488/113/2250 1404/111/2203 1408/115/2202
f 1408/115/2202 1492/116/2251 1472/155/2241 1490/160/2249
f 1492/116/2251 1494/168/2252 1203/244/2243 1472/155/2241
f 1496/170/2253 1505/177/2254 1501/173/2255 1498/172/2256
f 1505/177/2254 1496/170/2253 1503/171/2257 1507/179/2258
f 1507/179/2258 1503/171/2257 1206/245/2259 1509/180/2260
f 1511/182/2261 1520/189/2262 1516/185/2263 1513/184/2264
f 1520/189/2262 1511/182/2261 1518/183/2265 1522/191/2266
f 1522/191/2266 1518/183/2265 1209/246/2267 1524/192/2268
f 1528/176/2269 1526/187/2270 1516/185/2263 1520/189/2262
f 1520/189/2262 1530/190/2271 1503/171/2257 1528/176/2269
f 1530/190/2271 1532/194/2272 1206/245/2259 1503/171/2257
s off
f 1536/188/2273 1534/147/2274 1455/145/2275 1459/149/2276
s 1
f 1459/149/2277 1538/150/2278 1518/183/2265 1536/188/2279
f 1538/150/2278 1540/196/2280 1209/246/2267 1518/183/2265
f 1542/198/2281 1444/137/2282 1440/135/2283 1544/136/2284
f 1444/137/2282 1542/198/2281 1546/199/2285 1548/139/2286
f 1548/139/2286 1546/199/2285 1212/247/2287 1550/201/2288
f 1552/203/2289 1561/210/2290 1557/206/2291 1554/205/2292
f 1561/210/2290 1552/203/2289 1559/204/2293 1563/212/2294
f 1563/212/2294 1559/204/2293 1215/248/2295 1565/213/2296
f 1569/200/2297 1567/208/2298 1557/206/2291 1561/210/2290
f 1561/210/2290 1571/211/2299 1546/199/2285 1569/200/2297
f 1571/211/2299 1573/215/2300 1212/247/2287 1546/199/2285
s off
f 1577/209/2301 1575/175/2302 1501/173/2303 1505/177/2304
s 1
f 1505/177/2305 1579/178/2306 1559/204/2293 1577/209/2307
f 1579/178/2306 1581/217/2308 1215/248/2295 1559/204/2293
f 1217/71/1662 1583/131/2309 1427/130/2216 1197/242/2215 1196/66/1657
f 1585/133/2310 1218/61/1652 1193/60/1651 1194/241/2207 1435/132/2220
f 1221/65/1656 1595/119/2311 1412/118/2208 1194/241/2207 1193/60/1651
f 1597/169/2312 1222/79/1670 1202/78/1669 1203/244/2243 1494/168/2252
f 1225/101/1692 1605/202/2313 1550/201/2288 1212/247/2287 1211/96/1687
f 1607/141/2314 1226/67/1658 1196/66/1657 1197/242/2215 1448/140/2228
f 1229/83/1674 1613/165/2315 1478/164/2244 1203/244/2243 1202/78/1669
f 1615/167/2316 1230/73/1664 1199/72/1663 1200/243/2235 1486/166/2248
f 1233/77/1668 1623/153/2317 1463/152/2236 1200/243/2235 1199/72/1663
f 1625/197/2318 1234/91/1682 1208/90/1681 1209/246/2267 1540/196/2280
f 1237/95/1686 1633/193/2319 1524/192/2268 1209/246/2267 1208/90/1681
f 1635/195/2320 1238/85/1676 1205/84/1675 1206/245/2259 1532/194/2272
f 1241/89/1680 1643/181/2321 1509/180/2260 1206/245/2259 1205/84/1675
f 1645/218/2322 1242/103/1694 1214/102/1693 1215/248/2295 1581/217/2308
f 1245/107/1698 1649/214/2323 1565/213/2296 1215/248/2295 1214/102/1693
f 1651/216/2324 1246/97/1688 1211/96/1687 1212/247/2287 1573/215/2300
f 1219/62/1653 1220/70/1661 1593/222/2325 1589/221/2326
f 1224/80/1671 1223/64/1655 1603/220/2327 1601/227/2328
f 1227/68/1659 1228/100/1691 1611/224/2329 1591/223/2330
f 1231/74/1665 1232/82/1673 1621/226/2331 1619/232/2332
f 1236/92/1683 1235/76/1667 1631/231/2333 1629/235/2334
f 1239/86/1677 1240/94/1685 1641/234/2335 1639/238/2336
f 1244/104/1695 1243/88/1679 1647/237/2337 1655/239/2338
f 1247/98/1689 1248/106/1697 1657/240/2339 1653/229/2340
f 1195/63/1654 1219/62/1653 1589/221/2326 1587/219/2341
f 1195/63/1654 1587/219/2341 1603/220/2327 1223/64/1655
f 1198/69/1660 1227/68/1659 1591/223/2330
f 1198/69/1660 1591/223/2330 1593/222/2325 1220/70/1661
f 1201/75/1666 1231/74/1665 1619/232/2332 1617/230/2342
f 1201/75/1666 1617/230/2342 1631/231/2333 1235/76/1667
f 1204/81/1672 1224/80/1671 1601/227/2328 1599/225/2343
f 1204/81/1672 1599/225/2343 1621/226/2331 1232/82/1673
f 1207/87/1678 1239/86/1677 1639/238/2336 1637/236/2344
f 1207/87/1678 1637/236/2344 1647/237/2337 1243/88/1679
f 1210/93/1684 1236/92/1683 1629/235/2334 1627/233/2345
f 1210/93/1684 1627/233/2345 1641/234/2335 1240/94/1685
f 1213/99/1690 1247/98/1689 1653/229/2340 1609/228/2346
f 1213/99/1690 1609/228/2346 1611/224/2329 1228/100/1691
f 1216/105/1696 1244/104/1695 1655/239/2338
f 1216/105/1696 1655/239/2338 1657/240/2339 1248/106/1697
f 1583/131/2309 1217/71/1662 1218/61/1652 1585/133/2310
f 1595/119/2311 1221/65/1656 1222/79/1670 1597/169/2312
f 1605/202/2313 1225/101/1692 1226/67/1658 1607/141/2314
f 1613/165/2315 1229/83/1674 1230/73/1664 1615/167/2316
f 1623/153/2317 1233/77/1668 1234/91/1682 1625/197/2318
f 1633/193/2319 1237/95/1686 1238/85/1676 1635/195/2320
f 1643/181/2321 1241/89/1680 1242/103/1694 1645/218/2322
f 1649/214/2323 1245/107/1698 1246/97/1688 1651/216/2324
s 55
f 1400/323/2347 1402/326/2348 1250/327/2349 1249/324/2350
f 1402/326/2348 1403/328/2351 1659/329/2352 1250/327/2349
f 1407/322/2353 1400/323/2347 1249/324/2350 1251/325/2354
s 56
f 1409/534/2355 1411/528/2356 1253/531/2357 1252/535/2358
f 1411/528/2356 1413/529/2359 1254/530/2360 1253/531/2357
s 57
f 1415/330/2361 1417/331/2362 1256/332/2363 1255/333/2364
f 1417/331/2362 1418/334/2365 1661/335/2366 1256/332/2363
f 1422/336/2367 1415/330/2361 1255/333/2364 1257/337/2368
s 58
f 1424/536/2369 1426/537/2370 1259/538/2371 1258/539/2372
f 1426/537/2370 1428/540/2373 1260/541/2374 1259/538/2371
s 59
f 1420/402/2375 1430/403/2376 1261/404/2377 1662/405/2378
f 1430/403/2376 1432/406/2379 1262/407/2380 1261/404/2377
f 1432/406/2379 1407/408/2381 1251/409/2382 1262/407/2380
s 60
f 1434/670/2383 1424/671/2384 1258/672/2385 1263/673/2386
f 1436/585/2387 1434/588/2383 1263/589/2386 1264/586/2388
s 61
f 1441/299/2389 1438/302/2390 1265/303/2391 1664/300/2392
f 1438/302/2390 1443/306/2393 1266/307/2394 1265/303/2391
f 1443/410/2393 1422/411/2395 1257/412/2396 1266/413/2394
s 62
f 1447/675/2397 1445/678/2398 1267/679/2399 1268/676/2400
f 1449/674/2401 1447/675/2397 1268/676/2400 1269/677/2402
s 63
f 1451/320/2403 1453/316/2404 1271/317/2405 1270/321/2406
f 1453/316/2404 1454/310/2407 1665/313/2408 1271/317/2405
f 1458/414/2409 1451/415/2403 1270/416/2406 1272/417/2410
s 64
f 1460/684/2411 1462/680/2412 1274/683/2413 1273/685/2414
f 1462/680/2412 1464/681/2415 1275/682/2416 1274/683/2413
s 65
f 1466/418/2417 1468/419/2418 1277/420/2419 1276/421/2420
f 1468/419/2418 1469/422/2421 1667/423/2422 1277/420/2419
f 1473/424/2423 1466/418/2417 1276/421/2420 1278/425/2424
s 66
f 1475/686/2425 1477/687/2426 1280/688/2427 1279/689/2428
f 1477/616/2426 1479/610/2429 1281/613/2430 1280/617/2427
s 67
f 1471/340/2431 1481/341/2432 1282/342/2433 1668/343/2434
f 1481/341/2432 1483/344/2435 1283/345/2436 1282/342/2433
f 1483/344/2435 1458/348/2437 1272/349/2438 1283/345/2436
s 68
f 1485/542/2439 1475/543/2440 1279/544/2441 1284/545/2442
f 1487/546/2443 1485/542/2439 1284/545/2442 1285/547/2444
s 69
f 1405/356/2445 1489/354/2446 1286/355/2447 1660/357/2448
f 1489/354/2446 1491/350/2449 1287/353/2450 1286/355/2447
f 1491/350/2449 1473/351/2451 1278/352/2452 1287/353/2450
s 70
f 1493/549/2453 1409/552/2454 1252/553/2455 1288/550/2456
f 1495/548/2457 1493/549/2453 1288/550/2456 1289/551/2458
s 71
f 1497/359/2459 1499/362/2460 1291/363/2461 1290/360/2462
f 1499/362/2460 1500/364/2463 1669/365/2464 1291/363/2461
f 1504/358/2465 1497/359/2459 1290/360/2462 1292/361/2466
s 72
f 1506/562/2467 1508/556/2468 1294/559/2469 1293/563/2470
f 1508/556/2468 1510/557/2471 1295/558/2472 1294/559/2469
s 73
f 1512/366/2473 1514/367/2474 1297/368/2475 1296/369/2476
f 1514/367/2474 1515/370/2477 1671/371/2478 1297/368/2475
f 1519/372/2479 1512/366/2473 1296/369/2476 1298/373/2480
s 74
f 1521/564/2481 1523/565/2482 1300/566/2483 1299/567/2484
f 1523/565/2482 1525/568/2485 1301/569/2486 1300/566/2483
s 75
f 1517/426/2487 1527/427/2488 1302/428/2489 1672/429/2490
f 1527/427/2488 1529/430/2491 1303/431/2492 1302/428/2489
f 1529/430/2491 1504/432/2493 1292/433/2494 1303/431/2492
s 76
f 1531/690/2495 1521/691/2496 1299/692/2497 1304/693/2498
f 1533/639/2499 1531/642/2495 1304/643/2498 1305/640/2500
s 77
f 1456/311/2501 1535/314/2502 1306/315/2503 1666/312/2504
f 1535/314/2502 1537/318/2505 1307/319/2506 1306/315/2503
f 1537/434/2505 1519/435/2507 1298/436/2508 1307/437/2506
s 78
f 1539/695/2509 1460/698/2510 1273/699/2511 1308/696/2512
f 1541/694/2513 1539/695/2509 1308/696/2512 1309/697/2514
s 79
f 1543/308/2515 1545/304/2516 1311/305/2517 1310/309/2518
f 1545/304/2516 1439/298/2519 1663/301/2520 1311/305/2517
f 1547/438/2521 1543/439/2515 1310/440/2518 1312/441/2522
s 80
f 1445/704/2523 1549/700/2524 1313/703/2525 1267/705/2526
f 1549/700/2524 1551/701/2527 1314/702/2528 1313/703/2525
s 81
f 1553/442/2529 1555/443/2530 1316/444/2531 1315/445/2532
f 1555/443/2530 1556/446/2533 1673/447/2534 1316/444/2531
f 1560/448/2535 1553/442/2529 1315/445/2532 1317/449/2536
s 82
f 1562/706/2537 1564/707/2538 1319/708/2539 1318/709/2540
f 1564/652/2538 1566/646/2541 1320/649/2542 1319/653/2539
s 83
f 1558/376/2543 1568/377/2544 1321/378/2545 1674/379/2546
f 1568/377/2544 1570/380/2547 1322/381/2548 1321/378/2545
f 1570/380/2547 1547/384/2549 1312/385/2550 1322/381/2548
s 84
f 1572/570/2551 1562/571/2552 1318/572/2553 1323/573/2554
f 1574/574/2555 1572/570/2551 1323/573/2554 1324/575/2556
s 85
f 1502/392/2557 1576/390/2558 1325/391/2559 1670/393/2560
f 1576/390/2558 1578/386/2561 1326/389/2562 1325/391/2559
f 1578/386/2561 1560/387/2563 1317/388/2564 1326/389/2562
s 86
f 1580/577/2565 1506/580/2566 1293/581/2567 1327/578/2568
f 1582/576/2569 1580/577/2565 1327/578/2568 1328/579/2570
s off
f 1428/710/2571 1584/711/2572 1329/712/2573 1260/713/2574
f 1586/584/2575 1436/585/2576 1264/586/2577 1330/587/2578
s 87
f 1588/608/2579 1590/606/2580 1331/607/2581 1332/609/2582
f 1594/602/2583 1592/598/2584 1334/599/2585 1333/603/2586
s off
f 1413/529/2587 1596/532/2588 1335/533/2589 1254/530/2590
f 1598/554/2591 1495/548/2592 1289/551/2593 1336/555/2594
s 88
f 1600/714/2595 1602/715/2596 1337/716/2597 1338/717/2598
f 1604/718/2599 1588/720/2600 1332/721/2601 1339/719/2602
s off
f 1551/660/2603 1606/654/2604 1340/657/2605 1314/661/2606
f 1608/655/2607 1449/658/2608 1269/659/2609 1341/656/2610
s 89
f 1612/592/2611 1610/593/2612 1343/594/2613 1342/595/2614
s off
f 1479/610/2615 1614/611/2616 1344/612/2617 1281/613/2618
f 1616/722/2619 1487/723/2620 1285/724/2621 1345/725/2622
s 90
f 1618/626/2623 1620/630/2624 1346/631/2625 1347/627/2626
f 1622/634/2627 1600/636/2628 1338/637/2629 1348/635/2630
s off
f 1464/668/2631 1624/662/2632 1349/665/2633 1275/669/2634
f 1626/663/2635 1541/666/2636 1309/667/2637 1350/664/2638
s 91
f 1628/618/2639 1630/619/2640 1351/620/2641 1352/621/2642
f 1632/622/2643 1618/626/2644 1347/627/2645 1353/623/2646
s off
f 1525/726/2647 1634/727/2648 1354/728/2649 1301/729/2650
f 1636/638/2651 1533/639/2652 1305/640/2653 1355/641/2654
s 91
f 1638/632/2655 1640/628/2656 1356/629/2657 1357/633/2658
f 1642/624/2659 1628/618/2639 1352/621/2642 1358/625/2660
s off
f 1510/557/2661 1644/560/2662 1359/561/2663 1295/558/2664
f 1646/582/2665 1582/576/2666 1328/579/2667 1360/583/2668
s 91
f 1648/730/2669 1638/731/2655 1357/732/2658 1361/733/2670
s off
f 1566/646/2671 1650/647/2672 1362/648/2673 1320/649/2674
f 1652/736/2675 1574/737/2676 1324/738/2677 1363/739/2678
s 89
f 1610/593/2612 1654/596/2679 1364/597/2680 1343/594/2613
f 1658/600/2681 1656/604/2682 1366/605/2683 1365/601/2684
s 87
f 1590/606/2580 1594/602/2583 1333/603/2586 1331/607/2581
s 88
f 1602/715/2596 1604/718/2599 1339/719/2602 1337/716/2597
s 89
f 1592/598/2685 1612/592/2611 1342/595/2614 1334/599/2686
s 90
f 1620/630/2624 1622/634/2627 1348/635/2630 1346/631/2625
s 91
f 1630/619/2640 1632/622/2643 1353/623/2646 1351/620/2641
f 1640/628/2656 1642/624/2659 1358/625/2660 1356/629/2657
f 1656/734/2687 1648/730/2669 1361/733/2670 1366/735/2688
s 89
f 1654/596/2679 1658/600/2681 1365/601/2684 1364/597/2680
s off
f 1584/590/2689 1586/584/2690 1330/587/2691 1329/591/2692
f 1596/740/2693 1598/741/2694 1336/742/2695 1335/743/2696
f 1606/654/2697 1608/655/2698 1341/656/2699 1340/657/2700
f 1614/611/2701 1616/614/2702 1345/615/2703 1344/612/2704
f 1624/662/2705 1626/663/2706 1350/664/2707 1349/665/2708
f 1634/644/2709 1636/638/2710 1355/641/2711 1354/645/2712
f 1644/744/2713 1646/745/2714 1360/746/2715 1359/747/2716
f 1650/647/2717 1652/650/2718 1363/651/2719 1362/648/2720
f 1403/295/2721 1404/111/2722 1405/112/2723
f 1418/291/2724 1419/123/2725 1420/124/2726
f 1439/284/2727 1440/135/2728 1441/285/2729
f 1454/281/2730 1455/145/2731 1456/146/2732
f 1469/277/2733 1470/157/2734 1471/158/2735
f 1500/269/2736 1501/173/2737 1502/174/2738
f 1515/265/2739 1516/185/2740 1517/186/2741
f 1556/254/2742 1557/206/2743 1558/207/2744
g default
v -2.960066 1.584038 0.467634
v -2.930689 1.571869 0.467634
v -2.930689 1.584038 0.497011
v -2.930689 1.613414 0.509179
v -2.960066 1.613414 0.497011
v -2.972234 1.613414 0.467634
v -0.464131 1.584038 0.467634
v -0.451963 1.613414 0.467634
v -0.464131 1.613414 0.497011
v -0.493508 1.613414 0.509179
v -0.493508 1.584038 0.497011
v -0.493508 1.571869 0.467634
v -2.960066 1.725898 0.467634
v -2.972234 1.696521 0.467634
v -2.960066 1.696521 0.497011
v -2.930689 1.696521 0.509179
v -2.930689 1.725898 0.497011
v -2.930689 1.738066 0.467634
v -0.464131 1.725898 0.467634
v -0.493508 1.738066 0.467634
v -0.493508 1.725898 0.497011
v -0.493508 1.696521 0.509179
v -0.464131 1.696521 0.497011
v -0.451963 1.696521 0.467634
v -2.960066 1.696521 -0.478653
v -2.972234 1.696521 -0.449276
v -2.960066 1.725898 -0.449276
v -2.930689 1.738066 -0.449276
v -2.930689 1.725898 -0.478653
v -2.930689 1.696521 -0.490821
v -0.464131 1.696521 -0.478653
v -0.493508 1.696521 -0.490821
v -0.493508 1.725898 -0.478653
v -0.493508 1.738066 -0.449276
v -0.464131 1.725898 -0.449276
v -0.451963 1.696521 -0.449276
v -2.960066 1.584038 -0.449276
v -2.972234 1.613414 -0.449276
v -2.960066 1.613414 -0.478653
v -2.930689 1.613414 -0.490821
v -2.930689 1.584038 -0.478653
v -2.930689 1.571869 -0.449276
v -0.464131 1.584038 -0.449276
v -0.493508 1.571869 -0.449276
v -0.493508 1.584038 -0.478653
v -0.493508 1.613414 -0.490821
v -0.464131 1.613414 -0.478653
v -0.451963 1.613414 -0.449276
v -2.954667 1.589437 0.491611
v -0.469530 1.589437 0.491611
v -2.954667 1.720499 0.491611
v -0.469530 1.720499 0.491611
v -2.954667 1.720499 -0.473254
v -0.469530 1.720499 -0.473254
v -2.954667 1.589437 -0.473254
v -0.469530 1.589437 -0.473254
vt 0.292772 0.007515
vt 0.296699 0.007669
vt 0.295793 0.121114
vt 0.291857 0.121201
vt 0.296614 0.003745
vt 0.293446 0.004344
vt 0.306980 0.007747
vt 0.306074 0.121192
vt 0.295642 0.124997
vt 0.292482 0.124366
vt 0.307131 0.003864
vt 0.310916 0.007660
vt 0.310001 0.121346
vt 0.306159 0.125116
vt 0.310291 0.004495
vt 0.309327 0.124517
vt 0.294110 0.242381
vt 0.290173 0.242469
vt 0.291037 0.128783
vt 0.294964 0.128935
vt 0.293960 0.246263
vt 0.290800 0.245634
vt 0.294878 0.125011
vt 0.291710 0.125611
vt 0.305245 0.129008
vt 0.304391 0.242453
vt 0.304477 0.246377
vt 0.305395 0.125125
vt 0.308318 0.242606
vt 0.309182 0.128920
vt 0.307645 0.245777
vt 0.308555 0.125754
vt 0.118072 0.310672
vt 0.118135 0.314607
vt 0.004431 0.313252
vt 0.004586 0.309327
vt 0.122002 0.310826
vt 0.121318 0.313996
vt 0.000651 0.309385
vt 0.001262 0.312569
vt 0.008169 0.007681
vt 0.121655 0.009026
vt 0.125591 0.008967
vt 0.004239 0.007527
vt 0.121810 0.005100
vt 0.008106 0.003746
vt 0.124979 0.005783
vt 0.004923 0.004357
vt 0.128994 0.313252
vt 0.129148 0.309327
vt 0.242634 0.310668
vt 0.242698 0.314603
vt 0.125213 0.309385
vt 0.125824 0.312570
vt 0.132722 0.007680
vt 0.246208 0.009022
vt 0.246564 0.310822
vt 0.245881 0.313992
vt 0.128792 0.007527
vt 0.132659 0.003745
vt 0.246363 0.005096
vt 0.250144 0.008964
vt 0.129476 0.004357
vt 0.249532 0.005779
vt 0.273910 0.309288
vt 0.269974 0.309373
vt 0.272197 0.007521
vt 0.276128 0.007668
vt 0.273762 0.313170
vt 0.270602 0.312540
vt 0.276042 0.003745
vt 0.272872 0.004347
vt 0.286414 0.007740
vt 0.284196 0.309359
vt 0.284282 0.313282
vt 0.286562 0.003858
vt 0.288127 0.309507
vt 0.290350 0.007654
vt 0.287451 0.312681
vt 0.289722 0.004487
vt 0.253560 0.313168
vt 0.253711 0.309286
vt 0.263996 0.309366
vt 0.264080 0.313289
vt 0.249775 0.309368
vt 0.250400 0.312536
vt 0.256174 0.007669
vt 0.266460 0.007748
vt 0.267927 0.309517
vt 0.267249 0.312690
vt 0.252243 0.007518
vt 0.256091 0.003745
vt 0.266611 0.003866
vt 0.270396 0.007666
vt 0.252921 0.004344
vt 0.269770 0.004498
vn -0.004880 -0.999906 0.012806
vn -0.381780 -0.924219 0.008004
vn -0.381779 -0.924219 -0.008004
vn -0.004880 -0.999906 -0.012806
vn -0.924218 -0.381780 0.008004
vn -0.994231 -0.106626 0.011655
vn -0.994231 -0.106626 -0.011655
vn -0.924218 -0.381780 -0.008004
vn -0.004466 -0.107198 0.994228
vn -0.003056 -0.382341 0.924016
vn 0.003056 -0.382341 0.924016
vn 0.004466 -0.107198 0.994228
vn -0.003056 -0.924015 0.382345
vn 0.004880 -0.999906 0.012806
vn 0.003056 -0.924015 0.382345
vn -0.924786 -0.071418 0.373726
vn -0.924785 0.071419 0.373726
vn -0.994231 0.106626 0.011655
vn -0.373722 -0.071421 0.924787
vn -0.004466 0.107198 0.994228
vn -0.373722 0.071421 0.924787
vn 0.994231 -0.106625 0.011655
vn 0.924219 -0.381780 0.008004
vn 0.924219 -0.381780 -0.008004
vn 0.994231 -0.106625 -0.011655
vn 0.381782 -0.924218 0.008004
vn 0.004880 -0.999906 -0.012806
vn 0.381782 -0.924218 -0.008004
vn 0.373722 -0.071421 0.924787
vn 0.373723 0.071421 0.924787
vn 0.004466 0.107198 0.994228
vn 0.924786 -0.071421 0.373724
vn 0.994231 0.106625 0.011655
vn 0.924786 0.071421 0.373723
vn -0.924218 0.381780 0.008004
vn -0.924218 0.381780 -0.008004
vn -0.994231 0.106626 -0.011655
vn -0.381779 0.924219 0.008004
vn -0.004880 0.999906 0.012806
vn -0.004880 0.999906 -0.012806
vn -0.381779 0.924219 -0.008004
vn -0.003056 0.924016 0.382342
vn 0.003056 0.924016 0.382342
vn 0.004880 0.999906 0.012806
vn -0.003056 0.382339 0.924017
vn 0.003056 0.382340 0.924017
vn 0.381782 0.924218 0.008004
vn 0.381782 0.924218 -0.008004
vn 0.004880 0.999906 -0.012806
vn 0.924219 0.381780 0.008004
vn 0.994231 0.106625 -0.011655
vn 0.924219 0.381780 -0.008004
vn -0.924785 0.071418 -0.373726
vn -0.924786 -0.071419 -0.373726
vn -0.373724 0.071422 -0.924786
vn -0.004466 0.107198 -0.994228
vn -0.004466 -0.107198 -0.994228
vn -0.373723 -0.071422 -0.924786
vn -0.003056 0.382340 -0.924017
vn 0.003056 0.382340 -0.924017
vn 0.004466 0.107198 -0.994228
vn -0.003056 0.924016 -0.382342
vn 0.003056 0.924016 -0.382342
vn 0.373724 0.071421 -0.924786
vn 0.373724 -0.071421 -0.924786
vn 0.004466 -0.107198 -0.994228
vn 0.924787 0.071421 -0.373723
vn 0.924786 -0.071421 -0.373724
vn -0.003056 -0.924015 -0.382345
vn 0.003056 -0.924015 -0.382345
vn -0.003056 -0.382341 -0.924016
vn 0.003056 -0.382341 -0.924016
vn -0.887923 -0.325258 0.325270
vn -0.325268 -0.887920 0.325269
vn -0.325267 -0.325266 0.887921
vn 0.325270 -0.887918 0.325269
vn 0.887918 -0.325269 0.325270
vn 0.325266 -0.325269 0.887920
vn -0.325268 0.887922 0.325262
vn -0.887921 0.325260 0.325273
vn -0.325266 0.325266 0.887921
vn 0.887919 0.325269 0.325268
vn 0.325270 0.887918 0.325270
vn 0.325268 0.325270 0.887919
vn -0.325268 0.325270 -0.887919
vn -0.887922 0.325257 -0.325273
vn -0.325269 0.887921 -0.325263
vn 0.887919 0.325269 -0.325268
vn 0.325270 0.325270 -0.887918
vn 0.325271 0.887918 -0.325269
vn -0.325268 -0.887920 -0.325266
vn -0.887922 -0.325260 -0.325269
vn -0.325268 -0.325270 -0.887919
vn 0.887919 -0.325269 -0.325270
vn 0.325271 -0.887918 -0.325270
vn 0.325268 -0.325268 -0.887920
s 1
g textureEditorIsolateSelectSet TubPlate
usemtl texturedFacets
f 1676/780/2745 1675/781/2746 1711/782/2747 1716/783/2748
s 2
f 1675/748/2749 1680/749/2750 1712/750/2751 1711/751/2752
s 3
f 1678/812/2753 1677/813/2754 1685/814/2755 1684/815/2756
s 1
f 1677/784/2757 1676/780/2745 1686/789/2758 1685/790/2759
s 2
f 1680/749/2750 1679/752/2760 1689/758/2761 1688/754/2762
s 3
f 1679/816/2763 1678/812/2753 1690/821/2764 1689/822/2765
s 4
f 1682/764/2766 1681/765/2767 1717/766/2768 1722/767/2769
s 1
f 1681/792/2770 1686/789/2758 1718/788/2771 1717/793/2772
s 3
f 1684/815/2756 1683/818/2773 1697/823/2774 1696/820/2775
s 4
f 1683/768/2776 1682/764/2766 1698/773/2777 1697/774/2778
s 2
f 1688/754/2762 1687/759/2779 1701/760/2780 1700/755/2781
s 5
f 1687/796/2782 1692/797/2783 1702/798/2784 1701/799/2785
f 1692/797/2783 1691/800/2786 1695/806/2787 1694/802/2788
s 3
f 1691/824/2789 1690/821/2764 1696/820/2775 1695/825/2790
s 5
f 1694/802/2788 1693/807/2791 1709/808/2792 1708/803/2793
s 4
f 1693/776/2794 1698/773/2777 1710/772/2795 1709/777/2796
s 2
f 1700/755/2781 1699/761/2797 1713/756/2798 1712/750/2751
s 6
f 1699/828/2799 1704/829/2800 1714/830/2801 1713/831/2802
f 1704/829/2800 1703/832/2803 1707/838/2804 1706/834/2805
s 5
f 1703/804/2806 1702/798/2784 1708/803/2793 1707/809/2807
s 6
f 1706/834/2805 1705/839/2808 1721/840/2809 1720/835/2810
s 4
f 1705/775/2811 1710/772/2795 1722/767/2769 1721/770/2812
s 1
f 1716/783/2748 1715/786/2813 1719/791/2814 1718/788/2771
s 6
f 1715/836/2815 1714/830/2801 1720/835/2810 1719/841/2816
s 3
f 1678/812/2753 1684/815/2756 1696/820/2775 1690/821/2764
s 5
f 1692/797/2783 1694/802/2788 1708/803/2793 1702/798/2784
s 6
f 1704/829/2800 1706/834/2805 1720/835/2810 1714/830/2801
s 1
f 1716/783/2748 1718/788/2771 1686/789/2758 1676/780/2745
s 4
f 1682/764/2766 1722/767/2769 1710/772/2795 1698/773/2777
s 2
f 1712/750/2751 1680/749/2750 1688/754/2762 1700/755/2781
f 1679/752/2760 1680/749/2750 1675/748/2749 1723/753/2817
s 1
f 1675/781/2746 1676/780/2745 1677/784/2757 1723/785/2818
s 3
f 1677/813/2754 1678/812/2753 1679/816/2763 1723/817/2819
s 1
f 1685/790/2759 1686/789/2758 1681/792/2770 1724/794/2820
s 4
f 1681/765/2767 1682/764/2766 1683/768/2776 1724/769/2821
s 3
f 1683/818/2773 1684/815/2756 1685/814/2755 1724/819/2822
s 5
f 1691/800/2786 1692/797/2783 1687/796/2782 1725/801/2823
s 2
f 1687/759/2779 1688/754/2762 1689/758/2761 1725/762/2824
s 3
f 1689/822/2765 1690/821/2764 1691/824/2789 1725/826/2825
s 4
f 1697/774/2778 1698/773/2777 1693/776/2794 1726/778/2826
s 5
f 1693/807/2791 1694/802/2788 1695/806/2787 1726/810/2827
s 3
f 1695/825/2790 1696/820/2775 1697/823/2774 1726/827/2828
s 6
f 1703/832/2803 1704/829/2800 1699/828/2799 1727/833/2829
s 2
f 1699/761/2797 1700/755/2781 1701/760/2780 1727/763/2830
s 5
f 1701/799/2785 1702/798/2784 1703/804/2806 1727/805/2831
s 4
f 1709/777/2796 1710/772/2795 1705/775/2811 1728/779/2832
s 6
f 1705/839/2808 1706/834/2805 1707/838/2804 1728/842/2833
s 5
f 1707/809/2807 1708/803/2793 1709/808/2792 1728/811/2834
s 1
f 1715/786/2813 1716/783/2748 1711/782/2747 1729/787/2835
s 2
f 1711/751/2752 1712/750/2751 1713/756/2798 1729/757/2836
s 6
f 1713/831/2802 1714/830/2801 1715/836/2815 1729/837/2837
s 4
f 1721/770/2812 1722/767/2769 1717/766/2768 1730/771/2838
s 1
f 1717/793/2772 1718/788/2771 1719/791/2814 1730/795/2839
s 6
f 1719/841/2816 1720/835/2810 1721/840/2809 1730/843/2840
